Establishment Name,Inspection Date,Severity,Latitude,Longitude,Infraction Details
# HASHTAG INDIA RESTAURANT,2022-08-10,C - Crucial,43.72199,-79.30349,Store potentially hazardous foods at internal temperature between 4 C and 60 C - Sec. 27(1)
# HASHTAG INDIA RESTAURANT,2023-04-04,C - Crucial,43.72199,-79.30349,Food premise maintained in manner to permit contamination of single-service articles - Sec. 7(1)(h)  
1688 DIM SUM,2022-09-22,C - Crucial,43.78538,-79.27752,Fail to protect food from contamination or adulteration - Sec. 26(1) 
19 EATERY,2023-02-16,C - Crucial,43.77914,-79.4174,Fail to protect food from contamination or adulteration - Sec. 26(1) 
19 EATERY,2023-02-16,C - Crucial,43.77914,-79.4174,Fail to ensure food handler in food premise washes hands as necessary to prevent contamination of food areas - Sec.  33(1)(e)
19 EATERY,2023-02-16,C - Crucial,43.77914,-79.4174,Maintain potentially hazardous foods at internal temperature between 4 C and 60 C -  Sec. 27(1)
2-4-1 PIZZA,2023-09-28,C - Crucial,43.74284,-79.30787,Store potentially hazardous foods at internal temperature between 4 C and 60 C - Sec. 27(1)
225 MORNINGSIDE FOOD BANK,2022-09-30,C - Crucial,43.76711,-79.18501,Distribute potentially hazardous foods at internal temperature between 4 C and 60 C - Sec. 27(1)
244 PIZZA & WINGS,2023-09-08,C - Crucial,43.6872,-79.49055,Fail to protect food from contamination or adulteration - Sec. 26(1) 
3 EGGS ALL DAY PUB & GRILL,2024-02-08,C - Crucial,43.70059,-79.42851,Store potentially hazardous foods at internal temperature between 4 C and 60 C - Sec. 27(1)
34 CAFE,2023-12-13,C - Crucial,43.72581,-79.48061,Fail to protect food from contamination or adulteration - Sec. 26(1) 
369 MART,2024-02-26,C - Crucial,43.71898,-79.5078,Food premise maintained in manner permitting adverse effect on food - Sec. 7(1)(a)(iii) 
5 ELEMENTS ESPRESSO BAR,2022-10-25,C - Crucial,43.6738,-79.39587,Fail to protect food from contamination or adulteration - Sec. 26(1) 
5 ELEMENTS ESPRESSO BAR,2022-10-25,C - Crucial,43.6738,-79.39587,Store potentially hazardous foods at internal temperature between 4 C and 60 C - Sec. 27(1)
5 ELEMENTS ESPRESSO BAR,2023-06-07,C - Crucial,43.6738,-79.39587,Offer for sale potentially hazardous foods at internal temperature between 4 C and 60 C - Sec. 27(1)
5 ELEMENTS ESPRESSO BAR,2023-06-07,C - Crucial,43.6738,-79.39587,Fail to protect food from contamination or adulteration - Sec. 26(1) 
5 SPICE DINING,2022-08-19,C - Crucial,43.82307,-79.24781,Store potentially hazardous foods at internal temperature between 4 C and 60 C - Sec. 27(1)
5 SPICE DINING,2022-08-19,C - Crucial,43.82307,-79.24781,Food premise maintained in manner permitting adverse effect on food - Sec. 7(1)(a)(iii) 
5 SPICE DINING,2024-02-26,C - Crucial,43.82307,-79.24781,Fail to protect food from contamination or adulteration - Sec. 26(1) 
TCHC COMMUNITY KITCHEN,2023-02-14,C - Crucial,43.70596,-79.27905,Fail to protect food from contamination or adulteration - Sec. 26(1) 
TCHC COMMUNITY KITCHEN,2023-08-25,C - Crucial,43.70596,-79.27905,Food premise maintained in manner permitting adverse effect on food - Sec. 7(1)(a)(iii) 
6ixTriangles,2023-06-30,C - Crucial,43.6395,-79.42193,Fail to protect food from contamination or adulteration - Sec. 26(1) 
7-ELEVEN,2024-04-24,C - Crucial,43.72047,-79.51357,Distribute potentially hazardous foods at internal temperature between 4 C and 60 C - Sec. 27(1)
8 MILE PIZZA,2024-05-14,C - Crucial,43.66849,-79.38682,Fail to protect food from contamination or adulteration - Sec. 26(1) 
955 CHINESE FOOD,2024-05-24,C - Crucial,43.67308,-79.28672,Food premise maintained in manner permitting adverse effect on food - Sec. 7(1)(a)(iii) 
99 SUSHI,2023-08-21,C - Crucial,43.70804,-79.39322,Store ice in unsanitary manner - Sec.  26(5) 
99 SUSHI,2023-08-21,C - Crucial,43.70804,-79.39322,Fail to protect food from contamination or adulteration - Sec. 26(1) 
A & C HOT PEPPER TAKE-OUT RESTAURANT,2024-02-22,C - Crucial,43.67393,-79.46017,Hot-holding potentially hazardous foods at internal temperature below 60 C - Sec. 30(a)
A & C HOT PEPPER TAKE-OUT RESTAURANT,2024-02-22,C - Crucial,43.67393,-79.46017,Food premise maintained in manner to permit contamination of single-service containers - Sec. 7(1)(h)  
A BBQ HOUSE,2024-05-06,C - Crucial,43.66709,-79.38569,Fail to protect food from contamination or adulteration - Sec. 26(1) 
A SUNSHINE RESTAURANT,2022-06-27,C - Crucial,43.76984,-79.37465,Food premise maintained in manner permitting health hazard (Insects) - Sec. 7(1)(a)(i)    
A SUNSHINE RESTAURANT,2022-06-27,C - Crucial,43.76984,-79.37465,Food premise maintained in manner permitting adverse effect on food - Sec. 7(1)(a)(iii) 
A SZECHUAN RESTAURANT,2022-10-07,C - Crucial,43.65653,-79.3997,Fail to protect food from contamination or adulteration - Sec. 26(1) 
A&W,2024-02-08,C - Crucial,43.66525,-79.41065,Maintain potentially hazardous foods at internal temperature between 4 C and 60 C -  Sec. 27(1)
ABBIRAMI CATERING & TAKE-OUT,2023-07-12,C - Crucial,43.73529,-79.25231,Fail to protect food from contamination or adulteration - Sec. 26(1) 
ABBIRAMI CATERING & TAKE-OUT,2023-07-12,C - Crucial,43.73529,-79.25231,Maintain potentially hazardous foods at internal temperature between 4 C and 60 C -  Sec. 27(1)
ABBIRAMI CATERING & TAKE-OUT,2024-02-20,C - Crucial,43.73529,-79.25231,Distribute potentially hazardous foods at internal temperature between 4 C and 60 C - Sec. 27(1)
ABSOLUTE COMEDY,2023-04-25,C - Crucial,43.70864,-79.39832,Fail to protect food from contamination or adulteration - Sec. 26(1) 
ACR HOT ROTI & DOUBLES,2022-09-15,C - Crucial,43.75248,-79.26219,Fail to protect food from contamination or adulteration - Sec. 26(1) 
ACR HOT ROTI & DOUBLES,2022-09-15,C - Crucial,43.75248,-79.26219,Hot-holding potentially hazardous foods at internal temperature below 60 C - Sec. 30(a)
ADDA,2023-04-11,C - Crucial,43.69398,-79.2776,Maintain potentially hazardous foods at internal temperature between 4 C and 60 C -  Sec. 27(1)
ADDA,2023-04-11,C - Crucial,43.69398,-79.2776,Food premise maintained in manner permitting adverse effect on food - Sec. 7(1)(a)(iii) 
ADI BIKRAMPUR SWEETS & FAST FOOD,2023-08-02,C - Crucial,43.69085,-79.29113,Store potentially hazardous foods at internal temperature between 4 C and 60 C - Sec. 27(1)
ADOBO FRESH BURRITO MEXICAN GRILL,2023-12-05,C - Crucial,43.64558,-79.36867,Fail to ensure food handler in food premise washes hands as necessary to prevent contamination of food - Sec. 33(1)(e) 
ADOBO FRESH BURRITO MEXICAN GRILL,2024-06-17,C - Crucial,43.64558,-79.36867,Fail to protect food from contamination or adulteration - Sec. 26(1) 
AFRICA MART,2024-03-18,C - Crucial,43.75392,-79.24442,Fail to ensure storage shelves designed to protect against contamination - Sec. 31
AFRICAN KING MEAT SHOP,2022-09-14,C - Crucial,43.72423,-79.5091,Fail to protect food from contamination or adulteration - Sec. 26(1) 
AFRICAN KING MEAT SHOP,2022-09-14,C - Crucial,43.72423,-79.5091,Food premise maintained in manner permitting health hazard (Rodents) - Sec. 7(1)(a)(i)    
AFRO CARIBBEAN FOODS,2023-06-08,C - Crucial,43.71936,-79.50795,Fail to protect food from contamination or adulteration - Sec. 26(1) 
AH-SO SUSHI,2023-11-20,C - Crucial,43.63907,-79.41008,Display potentially hazardous foods at internal temperature between 4 C and 60 C - Sec. 27(1)
AISH TANOOR,2022-09-08,C - Crucial,43.70038,-79.42955,Food premise maintained in manner permitting health hazard (Rodents) - Sec. 7(1)(a)(i)    
AISH TANOOR,2023-11-29,C - Crucial,43.70038,-79.42955,Food premise maintained in manner permitting adverse effect on food - Sec. 7(1)(a)(iii) 
AISLE 24,2022-07-15,C - Crucial,43.655,-79.35516,Fail to protect food from contamination or adulteration - Sec. 26(1) 
AITAIKER TAIWANESE FRIED CHICKEN,2024-03-04,C - Crucial,43.77553,-79.41525,Fail to ensure food handler in food premise washes hands as necessary to prevent contamination of food - Sec. 33(1)(e) 
AKAI,2023-06-20,C - Crucial,43.66308,-79.40502,Fail to protect food from contamination or adulteration - Sec. 26(1) 
AKAI,2023-06-20,C - Crucial,43.66308,-79.40502,Refrigerate potentially hazardous foods at internal temperature above 4 C - Sec. 30(a)
AKHIGBE AFRICAN-CARIBBEAN FOOD MARKET,2022-07-28,C - Crucial,43.75304,-79.62193,Fail to protect food from contamination or adulteration - Sec. 26(1) 
AL DIWAN RESTAURANT,2023-01-09,C - Crucial,43.75986,-79.2262,Fail to protect food from contamination or adulteration - Sec. 26(1) 
AL MEEZAN GROCERY & TAKE OUT,2022-07-13,C - Crucial,43.73783,-79.56708,Fail to protect food from contamination or adulteration - Sec. 26(1) 
AL-MINA HALAL MEAT & GROCERY/ MADINA NAAN & KABOB,2023-03-29,C - Crucial,43.70436,-79.34982,Fail to protect food from contamination or adulteration - Sec. 26(1) 
AL-MINA HALAL MEAT & GROCERY/ MADINA NAAN & KABOB,2023-03-29,C - Crucial,43.70436,-79.34982,Fail to ensure food handler in food premise washes hands as necessary to prevent contamination of food areas - Sec.  33(1)(e)
AL-MINA HALAL MEAT & GROCERY/ MADINA NAAN & KABOB,2023-07-24,C - Crucial,43.70436,-79.34982,Fail to protect food from contamination or adulteration - Sec. 26(1) 
AL-MINA HALAL MEAT & GROCERY/ MADINA NAAN & KABOB,2023-08-18,C - Crucial,43.70436,-79.34982,Fail to protect food from contamination or adulteration - Sec. 26(1) 
ALBERTO'S SPORTS BAR & GRILL,2024-03-05,C - Crucial,43.74894,-79.56097,Store ice in unsanitary manner - Sec.  26(5) 
ALBERTO'S SPORTS BAR & GRILL,2024-03-05,C - Crucial,43.74894,-79.56097,Food premise maintained in manner to permit contamination of single-service containers - Sec. 7(1)(h)  
ALEXANDROS TAKE OUT,2023-11-29,C - Crucial,43.64146,-79.37521,Fail to protect food from contamination or adulteration - Sec. 26(1) 
ALI BABA 'S,2024-05-07,C - Crucial,43.6421,-79.41142,Food premise maintained in manner to permit contamination of single-service articles - Sec. 7(1)(h)  
ALI BABA 'S,2024-05-07,C - Crucial,43.6421,-79.41142,Fail to ensure food handler in food premise refrains from conduct that could result in contamination of food - Sec. 33(1)(h) 
Samosa + Patty,2023-02-03,C - Crucial,43.66338,-79.41846,Store potentially hazardous foods at internal temperature between 4 C and 60 C - Sec. 27(1)
ALI BABA'S,2024-02-22,C - Crucial,43.76937,-79.54873,Fail to ensure food handler in food premise washes hands as necessary to prevent contamination of food - Sec. 33(1)(e) 
ALI BABA'S MIDDLE EASTERN CUISINE,2023-02-21,C - Crucial,43.64087,-79.4353,Fail to protect food from contamination or adulteration - Sec. 26(1) 
ALI BABA'S MIDDLE EASTERN CUISINE,2023-07-13,C - Crucial,43.64087,-79.4353,Store potentially hazardous foods at internal temperature between 4 C and 60 C - Sec. 27(1)
ALI BABA'S MIDDLE EASTERN CUISINE,2023-11-20,C - Crucial,43.65114,-79.47727,Fail to protect food from contamination or adulteration - Sec. 26(1) 
ALI'S NO FRILLS,2022-06-21,C - Crucial,43.66326,-79.36754,Display potentially hazardous foods at internal temperature between 4 C and 60 C - Sec. 27(1)
ALL IN ONE ENTERPRISE,2023-06-20,C - Crucial,43.69244,-79.44098,Store potentially hazardous foods at internal temperature between 4 C and 60 C - Sec. 27(1)
ALL SEASON FOOD MARKET,2023-10-19,C - Crucial,43.69731,-79.44174,Store ice in unsanitary manner - Sec.  26(5) 
ALMINZ BAKESHOP,2023-08-23,C - Crucial,43.73888,-79.43404,Fail to ensure food handler in food premise washes hands as necessary to prevent contamination of food - Sec. 33(1)(e) 
ALOETTE GO,2023-11-08,C - Crucial,43.70882,-79.39912,Store potentially hazardous foods at internal temperature between 4 C and 60 C - Sec. 27(1)
ALTONA KABOB,2024-05-17,C - Crucial,43.79125,-79.41782,Store potentially hazardous foods at internal temperature between 4 C and 60 C - Sec. 27(1)
AMAYA,2023-04-03,C - Crucial,43.72608,-79.45147,Fail to protect food from contamination or adulteration - Sec. 26(1) 
AMAYA,2023-04-03,C - Crucial,43.72608,-79.45147,Fail to ensure food handler in food premise washes hands as necessary to prevent contamination of food - Sec. 33(1)(e) 
AMAYA,2023-04-03,C - Crucial,43.72608,-79.45147,Store potentially hazardous foods at internal temperature between 4 C and 60 C - Sec. 27(1)
AMAZING SICHUAN CUISINE,2024-04-24,C - Crucial,43.75769,-79.19934,Fail to protect food from contamination or adulteration - Sec. 26(1) 
AMBASSADOR SAUNA,2023-12-06,C - Crucial,43.75534,-79.44086,Fail to protect food from contamination or adulteration - Sec. 26(1) 
AMIRTHAM TAKE-OUT,2024-06-10,C - Crucial,43.80255,-79.19945,Hot-holding potentially hazardous foods at internal temperature below 60 C - Sec. 30(a)
AMMA MOMO HOUSE,2024-05-10,C - Crucial,43.6738,-79.2828,Store potentially hazardous foods at internal temperature between 4 C and 60 C - Sec. 27(1)
AMOR A LA MEXICANA,2024-01-11,C - Crucial,43.75125,-79.55202,Fail to ensure food handler in food premise washes hands as necessary to prevent contamination of food - Sec. 33(1)(e) 
AMPLE FOOD MARKET,2023-10-10,C - Crucial,43.68162,-79.47451,Display potentially hazardous foods at internal temperature between 4 C and 60 C - Sec. 27(1)
AMTU  DISCOUNT &CONVENIENCE,2023-10-23,C - Crucial,43.68087,-79.28637,Fail to ensure storage racks designed to protect against contamination - Sec. 31
ANEJO RESTAURANT,2022-10-27,C - Crucial,43.73412,-79.34562,Hot-holding potentially hazardous foods at internal temperature below 60 C - Sec. 30(a)
ANIMAL LIBRATION KITCHEN,2023-07-28,C - Crucial,43.65813,-79.35019,Store potentially hazardous foods at internal temperature between 4 C and 60 C - Sec. 27(1)
ANJAPPAR CHETTINAD,2022-07-22,C - Crucial,43.74176,-79.2269,Store potentially hazardous foods at internal temperature between 4 C and 60 C - Sec. 27(1)
ANNALAKSHMI,2022-08-10,C - Crucial,43.64475,-79.39172,Fail to protect food from contamination or adulteration - Sec. 26(1) 
ANNALAKSHMI,2023-09-22,C - Crucial,43.64475,-79.39172,Fail to protect food from contamination or adulteration - Sec. 26(1) 
ANOUSH MIDDLE EASTERN CUISINE,2023-10-04,C - Crucial,43.64341,-79.39119,Fail to protect food from contamination or adulteration - Sec. 26(1) 
ANTHONY'S CAFE,2022-09-09,C - Crucial,43.72385,-79.33731,Maintain potentially hazardous foods at internal temperature between 4 C and 60 C -  Sec. 27(1)
ANTONIO PARK RESTAURANT,2023-05-24,C - Crucial,43.66964,-79.38869,Refrigerate potentially hazardous foods at internal temperature above 4 C - Sec. 30(a)
APOTEX JEWISH HOME FOR THE AGED,2024-01-19,C - Crucial,43.73006,-79.43415,Fail to protect food from contamination or adulteration - Sec. 26(1) 
APOTEX JEWISH HOME FOR THE AGED,2024-01-19,C - Crucial,43.73006,-79.43415,Store potentially hazardous foods at internal temperature between 4 C and 60 C - Sec. 27(1)
APOTEX JEWISH HOME FOR THE AGED,2024-01-19,C - Crucial,43.73006,-79.43415,Refrigerate potentially hazardous foods at internal temperature above 4 C - Sec. 30(a)
ARAMARK CANADA,2022-10-12,C - Crucial,43.78206,-79.24233,Refrigerate potentially hazardous foods at internal temperature above 4 C - Sec. 30(a)
ARIAM CAFE,2024-04-25,C - Crucial,43.68195,-79.3312,Fail to protect food from contamination or adulteration - Sec. 26(1) 
ARIZONA B-BAR & GRILL,2023-03-29,C - Crucial,43.68347,-79.59246,Maintain potentially hazardous foods at internal temperature between 4 C and 60 C -  Sec. 27(1)
ARMENIAN KITCHEN,2022-08-03,C - Crucial,43.73093,-79.30585,Fail to ensure food handler in food premise washes hands as necessary to prevent contamination of food - Sec. 33(1)(e) 
ARMENIAN KITCHEN,2023-10-24,C - Crucial,43.73093,-79.30585,Fail to ensure food handler in food premise washes hands as necessary to prevent contamination of food - Sec. 33(1)(e) 
AROMA ESPRESSO BAR,2022-08-24,C - Crucial,43.70716,-79.39908,Refrigerate potentially hazardous foods at internal temperature above 4 C - Sec. 30(a)
AROMA ESPRESSO BAR,2023-07-18,C - Crucial,43.70716,-79.39908,Refrigerate potentially hazardous foods at internal temperature above 4 C - Sec. 30(a)
AROMA FINE INDIAN CUISINE,2022-06-30,C - Crucial,43.64647,-79.38995,Fail to protect food from contamination or adulteration - Sec. 26(1) 
ARSENIOS KITCHEN,2022-08-08,C - Crucial,43.70757,-79.3023,Food premise maintained in manner permitting adverse effect on food - Sec. 7(1)(a)(iii) 
ARSENIOS KITCHEN,2022-12-19,C - Crucial,43.70757,-79.3023,Food premise maintained in manner permitting adverse effect on food - Sec. 7(1)(a)(iii) 
ARSENIOS KITCHEN,2023-08-01,C - Crucial,43.70757,-79.3023,Food premise maintained in manner permitting adverse effect on food - Sec. 7(1)(a)(iii) 
ASIA DELIGHT,2022-07-27,C - Crucial,43.7571,-79.31241,Maintain potentially hazardous foods at internal temperature between 4 C and 60 C -  Sec. 27(1)
ASIA DELIGHT,2022-07-27,C - Crucial,43.7571,-79.31241,Fail to protect food from contamination or adulteration - Sec. 26(1) 
ASIA DELIGHT,2023-10-25,C - Crucial,43.7571,-79.31241,Fail to protect food from contamination or adulteration - Sec. 26(1) 
ASIA DELIGHT,2024-06-06,C - Crucial,43.7571,-79.31241,Fail to protect food from contamination or adulteration - Sec. 26(1) 
ASIA FOOD MART,2024-02-28,C - Crucial,43.8144,-79.29644,Store potentially hazardous foods at internal temperature between 4 C and 60 C - Sec. 27(1)
ASIAN BUFFET,2023-06-21,C - Crucial,43.7109,-79.56888,Fail to protect food from contamination or adulteration - Sec. 26(1) 
ASIAN BUFFET,2023-06-21,C - Crucial,43.7109,-79.56888,Maintain potentially hazardous foods at internal temperature between 4 C and 60 C -  Sec. 27(1)
ASIAN FOOD CENTRE GOCERY SHOP,2023-06-23,C - Crucial,43.74227,-79.60457,Fail to protect food from contamination or adulteration - Sec. 26(1) 
ASIAN GOURMET,2024-03-11,C - Crucial,43.71693,-79.44743,Fail to protect food from contamination or adulteration - Sec. 26(1) 
ASIAN GOURMET,2024-03-11,C - Crucial,43.71693,-79.44743,Store potentially hazardous foods at internal temperature between 4 C and 60 C - Sec. 27(1)
ASIAN GOURMET,2024-03-11,C - Crucial,43.71693,-79.44743,Fail to ensure food handler in food premise washes hands as necessary to prevent contamination of food - Sec. 33(1)(e) 
ASIAN LEGEND,2024-03-11,C - Crucial,43.72691,-79.34211,Maintain potentially hazardous foods at internal temperature between 4 C and 60 C -  Sec. 27(1)
ASIAN LEGEND,2024-03-11,C - Crucial,43.72691,-79.34211,Fail to ensure food handler in food premise washes hands as necessary to prevent contamination of food - Sec. 33(1)(e) 
ASMERA BAR AND RESTAURANT,2024-04-18,C - Crucial,43.68192,-79.33133,Fail to protect food from contamination or adulteration - Sec. 26(1) 
ASTORIA,2024-01-31,C - Crucial,43.67784,-79.35183,Fail to protect food from contamination or adulteration - Sec. 26(1) 
ASTRO VARIETY & GIFTS,2023-02-03,C - Crucial,43.7079,-79.45361,Fail to ensure room kept free from live birds or animals - Sec. 14(1)
AU PAIN DORE,2023-04-20,C - Crucial,43.64773,-79.38022,Store potentially hazardous foods at internal temperature between 4 C and 60 C - Sec. 27(1)
AU PAIN DORE,2023-11-10,C - Crucial,43.66272,-79.3862,Fail to protect food from contamination or adulteration - Sec. 26(1) 
AYOKA-ADE AFRICAN DELICACIES INC,2024-01-11,C - Crucial,43.75125,-79.55202,Fail to protect food from contamination or adulteration - Sec. 26(1) 
AYOKA-ADE AFRICAN DELICACIES INC,2024-01-11,C - Crucial,43.75125,-79.55202,Fail to ensure food handler in food premise washes hands as necessary to prevent contamination of food - Sec. 33(1)(e) 
Ababeel Supermarket,2022-09-15,C - Crucial,43.69127,-79.28955,Food premise maintained in manner permitting adverse effect on food - Sec. 7(1)(a)(iii) 
Adonna's Residential Support Care Inc.,2023-02-14,C - Crucial,43.75425,-79.25007,Store potentially hazardous foods at internal temperature between 4 C and 60 C - Sec. 27(1)
Al-Nour Halal Meat and Grocery,2024-04-16,C - Crucial,43.79494,-79.23569,Refrigerate potentially hazardous foods at internal temperature above 4 C - Sec. 30(a)
Aquarela Restaurant,2022-06-22,C - Crucial,43.72289,-79.49795,Fail to protect food from contamination or adulteration - Sec. 26(1) 
Aquarela Restaurant,2022-06-22,C - Crucial,43.72289,-79.49795,Fail to process food in manner safe to eat - Sec. 26(2)
Aquarela Restaurant,2022-06-22,C - Crucial,43.72289,-79.49795,Store potentially hazardous foods at internal temperature between 4 C and 60 C - Sec. 27(1)
Atithi Pure Veg,2022-10-19,C - Crucial,43.77565,-79.23043,Fail to ensure food handler in food premise washes hands as necessary to prevent contamination of food - Sec. 33(1)(e) 
Azad Supermarket,2022-12-09,C - Crucial,43.69539,-79.29308,Fail to protect food from contamination or adulteration - Sec. 26(1) 
B'NAI BRITH CANADA,2022-07-07,C - Crucial,43.75187,-79.43803,Store potentially hazardous foods at internal temperature between 4 C and 60 C - Sec. 27(1)
B'S SIZZLING KITCHEN,2022-08-24,C - Crucial,43.60389,-79.53696,Fail to ensure storage pallets designed to protect against contamination - Sec. 31
B.K. Natural Foods,2022-12-01,C - Crucial,43.7245,-79.30045,Refrigerate potentially hazardous foods at internal temperature above 4 C - Sec. 30(a)
BABOS DONER POINT,2024-04-04,C - Crucial,43.69331,-79.46186,Fail to protect food from contamination or adulteration - Sec. 26(1) 
BABOS DONER POINT,2024-04-04,C - Crucial,43.69331,-79.46186,Fail to ensure food handler in food premise washes hands as necessary to prevent contamination of food - Sec. 33(1)(e) 
BABOS DONER POINT,2024-04-04,C - Crucial,43.69331,-79.46186,Fail to process food in manner safe to eat - Sec. 26(2)
BABU CATERING & TAKE OUT,2023-02-14,C - Crucial,43.79172,-79.25058,Maintain potentially hazardous foods at internal temperature between 4 C and 60 C -  Sec. 27(1)
BABU CATERING & TAKE OUT,2023-02-14,C - Crucial,43.79172,-79.25058,Fail to protect food from contamination or adulteration - Sec. 26(1) 
BAGELS ON FIRE,2023-06-27,C - Crucial,43.67303,-79.28682,Store potentially hazardous foods at internal temperature between 4 C and 60 C - Sec. 27(1)
BAHARAK MARKET,2023-04-20,C - Crucial,43.74155,-79.31817,Fail to protect food from contamination or adulteration - Sec. 26(1) 
BAHARAK MARKET,2024-03-19,C - Crucial,43.74155,-79.31817,Fail to protect food from contamination or adulteration - Sec. 26(1) 
BAHARAK MARKET,2024-03-19,C - Crucial,43.74155,-79.31817,Refrigerate potentially hazardous foods at internal temperature above 4 C - Sec. 30(a)
BAHN MI VINA,2024-04-25,C - Crucial,43.64921,-79.4234,Fail to obtain food from source subject to inspection - Sec. 29(1)  
BAHN MI VINA,2024-04-25,C - Crucial,43.64921,-79.4234,Display potentially hazardous foods at internal temperature between 4 C and 60 C - Sec. 27(1)
BAKER DUCK,2023-06-16,C - Crucial,43.80923,-79.26932,Display potentially hazardous foods at internal temperature between 4 C and 60 C - Sec. 27(1)
BAKER DUCK,2023-09-11,C - Crucial,43.80923,-79.26932,Offer for sale potentially hazardous foods at internal temperature between 4 C and 60 C - Sec. 27(1)
BAKER DUCK,2023-11-02,C - Crucial,43.80923,-79.26932,Food premise maintained in manner permitting adverse effect on food - Sec. 7(1)(a)(iii) 
BAKER DUCK,2023-11-02,C - Crucial,43.80923,-79.26932,Fail to protect food from contamination or adulteration - Sec. 26(1) 
BAKER DUCK,2023-11-02,C - Crucial,43.80923,-79.26932,Offer for sale potentially hazardous foods at internal temperature between 4 C and 60 C - Sec. 27(1)
BAKER DUCK,2023-11-06,C - Crucial,43.80923,-79.26932,Food premise maintained in manner permitting adverse effect on food - Sec. 7(1)(a)(iii) 
BAKER DUCK,2023-11-06,C - Crucial,43.80923,-79.26932,Offer for sale potentially hazardous foods at internal temperature between 4 C and 60 C - Sec. 27(1)
BAKERY ON THE GO,2022-09-02,C - Crucial,43.71161,-79.27947,Fail to ensure food handler in food premise washes hands as necessary to prevent contamination of food - Sec. 33(1)(e) 
BALA SUPERMARKET,2022-08-08,C - Crucial,43.64053,-79.4369,Fail to protect food from contamination or adulteration - Sec. 26(1) 
BAMIYAN KABOB,2023-06-22,C - Crucial,43.70779,-79.34348,Fail to protect food from contamination or adulteration - Sec. 26(1) 
BAMIYAN KABOB,2023-06-22,C - Crucial,43.70779,-79.34348,Refrigerate potentially hazardous foods at internal temperature above 4 C - Sec. 30(a)
BAMIYAN KABOB,2023-06-22,C - Crucial,43.70779,-79.34348,Fail to ensure food handler in food premise washes hands as necessary to prevent contamination of food - Sec. 33(1)(e) 
BANH CUON TO THANH,2024-03-14,C - Crucial,43.67417,-79.46136,Fail to protect food from contamination or adulteration - Sec. 26(1) 
BANH MI BA LE,2023-05-02,C - Crucial,43.65278,-79.39913,Fail to protect food from contamination or adulteration - Sec. 26(1) 
BANH MI BOYS,2023-11-16,C - Crucial,43.70921,-79.39861,Fail to ensure food handler in food premise washes hands as necessary to prevent contamination of food - Sec. 33(1)(e) 
BANJARA INDIAN CUISINE,2023-02-15,C - Crucial,43.6629,-79.42184,Store potentially hazardous foods at internal temperature between 4 C and 60 C - Sec. 27(1)
BANJARA INDIAN CUISINE,2023-10-17,C - Crucial,43.6629,-79.42184,Fail to protect food from contamination or adulteration - Sec. 26(1) 
BANJARA INDIAN CUISINE,2024-01-08,C - Crucial,43.72173,-79.25609,Food premise maintained in manner to permit contamination of single-service containers - Sec. 7(1)(h)  
BANJARA INDIAN CUISINE,2024-01-08,C - Crucial,43.72173,-79.25609,Fail to protect food from contamination or adulteration - Sec. 26(1) 
BANQUET BURGER,2023-08-24,C - Crucial,43.66167,-79.42785,Store potentially hazardous foods at internal temperature between 4 C and 60 C - Sec. 27(1)
BANTAMA SUPERMARKET,2024-05-01,C - Crucial,43.75362,-79.54227,Fail to protect food from contamination or adulteration - Sec. 26(1) 
BAO BAO EXPRESS/ KUNG FU TEA,2023-07-11,C - Crucial,43.6507,-79.47936,Store ice in unsanitary manner - Sec.  26(5) 
BAR BURRITO,2023-03-20,C - Crucial,43.67768,-79.44531,Fail to ensure food handler in food premise washes hands as necessary to prevent contamination of food - Sec. 33(1)(e) 
BAR ST. LO,2023-10-11,C - Crucial,43.64901,-79.37213,Fail to protect food from contamination or adulteration - Sec. 26(1) 
BARCODE CAFE,2023-07-06,C - Crucial,43.68795,-79.34849,Store ice in unsanitary manner - Sec.  26(5) 
BARGAIN STOP,2022-09-21,C - Crucial,43.70041,-79.51789,Fail to protect food from contamination or adulteration - Sec. 26(1) 
BARNSTEINER'S,2023-04-12,C - Crucial,43.68554,-79.39342,Fail to protect food from contamination or adulteration - Sec. 26(1) 
BARNSTEINER'S,2023-04-12,C - Crucial,43.68554,-79.39342,Store ice in unsanitary manner - Sec.  26(5) 
BAYCREST - KITCHEN,2024-01-16,C - Crucial,43.73006,-79.43415,Fail to protect food from contamination or adulteration - Sec. 26(1) 
BAYCREST - KITCHEN,2024-01-16,C - Crucial,43.73006,-79.43415,Fail to ensure food handler in food premise washes hands as necessary to prevent contamination of food - Sec. 33(1)(e) 
BAYCREST W.A CAFE,2023-03-14,C - Crucial,43.73006,-79.43415,Fail to ensure food handler in food premise washes hands as necessary to prevent contamination of food - Sec. 33(1)(e) 
BAYCREST W.A CAFE,2023-03-14,C - Crucial,43.73006,-79.43415,Store ice in unsanitary manner - Sec.  26(5) 
BAYCREST W.A CAFE,2023-06-29,C - Crucial,43.73006,-79.43415,Store ice in unsanitary manner - Sec.  26(5) 
BAYCREST W.A CAFE,2023-06-29,C - Crucial,43.73006,-79.43415,Store potentially hazardous foods at internal temperature between 4 C and 60 C - Sec. 27(1)
BAYCREST W.A CAFE,2023-06-29,C - Crucial,43.73006,-79.43415,Fail to protect food from contamination or adulteration - Sec. 26(1) 
BAYCREST W.A CAFE,2023-06-29,C - Crucial,43.73006,-79.43415,Fail to ensure food handler in food premise washes hands as necessary to prevent contamination of food - Sec. 33(1)(e) 
BAYCREST W.A CAFE,2024-01-26,C - Crucial,43.73006,-79.43415,Fail to protect food from contamination or adulteration - Sec. 26(1) 
BAYCREST W.A CAFE,2024-01-26,C - Crucial,43.73006,-79.43415,Store potentially hazardous foods at internal temperature between 4 C and 60 C - Sec. 27(1)
BB'S,2023-12-15,C - Crucial,43.64206,-79.4324,Maintain potentially hazardous foods at internal temperature between 4 C and 60 C -  Sec. 27(1)
BB.Q CHICKEN,2022-09-29,C - Crucial,43.66324,-79.4026,Maintain potentially hazardous foods at internal temperature between 4 C and 60 C -  Sec. 27(1)
BB.Q CHICKEN,2023-03-22,C - Crucial,43.66324,-79.4026,Fail to protect food from contamination or adulteration - Sec. 26(1) 
BB.Q CHICKEN,2024-03-19,C - Crucial,43.67784,-79.34914,Fail to protect food from contamination or adulteration - Sec. 26(1) 
BB.Q CHICKEN AND PUB,2022-09-23,C - Crucial,43.71029,-79.39884,Store ice in unsanitary manner - Sec.  26(5) 
BB.Q CHICKEN AND PUB,2022-09-23,C - Crucial,43.71029,-79.39884,Refrigerate potentially hazardous foods at internal temperature above 4 C - Sec. 30(a)
BB.Q CHICKEN AND PUB,2023-11-16,C - Crucial,43.71029,-79.39884,Refrigerate potentially hazardous foods at internal temperature above 4 C - Sec. 30(a)
BB.Q CHICKEN AND PUB,2023-11-16,C - Crucial,43.71029,-79.39884,Store ice in unsanitary manner - Sec.  26(5) 
BB.Q CHICKEN YONGE&BLOOR,2024-04-23,C - Crucial,43.66905,-79.38592,Fail to protect food from contamination or adulteration - Sec. 26(1) 
BB.Q CHICKEN YONGE&BLOOR,2024-04-23,C - Crucial,43.66905,-79.38592,Store potentially hazardous foods at internal temperature between 4 C and 60 C - Sec. 27(1)
BEAUTIFUL CITY RESTAURANT,2023-06-20,C - Crucial,43.70661,-79.4534,Fail to protect food from contamination or adulteration - Sec. 26(1) 
BEIJING HOTPOT RESTAURANT,2023-11-30,C - Crucial,43.77396,-79.34017,Fail to protect food from contamination or adulteration - Sec. 26(1) 
BELLE'S BAKERY AND BAKED GOODIES,2023-04-20,C - Crucial,43.67494,-79.40666,Fail to protect food from contamination or adulteration - Sec. 26(1) 
BELVEDERE BAR & GRILL,2024-01-12,C - Crucial,43.67695,-79.44855,Handle ice in unsanitary manner - Sec.  26(5) 
BELVEDERE BAR & GRILL,2024-02-07,C - Crucial,43.67695,-79.44855,Store ice in unsanitary manner - Sec.  26(5) 
BENEFEASTO BURGERS & DONER,2024-04-15,C - Crucial,43.73133,-79.40352,Store potentially hazardous foods at internal temperature between 4 C and 60 C - Sec. 27(1)
BENTO KING,2024-05-14,C - Crucial,43.77288,-79.41412,Maintain potentially hazardous foods at internal temperature between 4 C and 60 C -  Sec. 27(1)
BERNARD'S PILIPINO SPECIALTIES,2022-12-08,C - Crucial,43.64006,-79.43933,Food premise maintained in manner permitting adverse effect on food - Sec. 7(1)(a)(iii) 
BEST CHOICE VEGETABLE & GROCERY,2023-08-11,C - Crucial,43.69207,-79.44086,Refrigerate potentially hazardous foods at internal temperature above 4 C - Sec. 30(a)
BESTCO FRESH FOOD MART,2023-02-10,C - Crucial,43.79646,-79.2702,Refrigerate potentially hazardous foods at internal temperature above 4 C - Sec. 30(a)
BETH EMETH BAIS YEHUDA BANQUET HALL,2022-10-19,C - Crucial,43.76066,-79.45412,Fail to protect food from contamination or adulteration - Sec. 26(1) 
BETTA YAAD TASTE JAMAICAN KITCHEN,2023-09-08,C - Crucial,43.69764,-79.44249,Store potentially hazardous foods at internal temperature between 4 C and 60 C - Sec. 27(1)
BIG CITY CATERING (SMOKIN' BONES BBQ CATERING),2024-06-04,C - Crucial,43.67671,-79.4707,Fail to protect food from contamination or adulteration - Sec. 26(1) 
BISHA (HOTEL),2023-10-26,C - Crucial,43.64603,-79.3923,Maintain potentially hazardous foods at internal temperature between 4 C and 60 C -  Sec. 27(1)
BLACK DOG PUB,2023-05-02,C - Crucial,43.79768,-79.13925,Fail to protect food from contamination or adulteration - Sec. 26(1) 
BLESSINGLICIOUS,2022-07-21,C - Crucial,43.72148,-79.23611,Food premise maintained in manner permitting adverse effect on food - Sec. 7(1)(a)(iii) 
BLESSINGLICIOUS,2023-08-21,C - Crucial,43.72148,-79.23611,Food premise maintained in manner permitting adverse effect on food - Sec. 7(1)(a)(iii) 
BLOOMING GARDEN,2022-07-28,C - Crucial,43.80923,-79.26932,Fail to ensure storage racks designed to protect against contamination - Sec. 31
BLOOMING GARDEN,2022-07-28,C - Crucial,43.80923,-79.26932,Fail to protect food from contamination or adulteration - Sec. 26(1) 
BLOOMING GARDEN,2022-07-29,C - Crucial,43.80923,-79.26932,Fail to protect food from contamination or adulteration - Sec. 26(1) 
BLOOMING GARDEN,2023-06-13,C - Crucial,43.80923,-79.26932,Fail to protect food from contamination or adulteration - Sec. 26(1) 
BLOOMING ORCHID,2023-03-31,C - Crucial,43.7034,-79.41394,Fail to protect food from contamination or adulteration - Sec. 26(1) 
BLOOR MEAT MARKET,2023-10-19,C - Crucial,43.65036,-79.47874,Fail to protect food from contamination or adulteration - Sec. 26(1) 
BLUE NILE RESTAURANT,2023-04-26,C - Crucial,43.68202,-79.33085,Food premise maintained in manner to permit contamination of single-service articles - Sec. 7(1)(h)  
BOCA BRUNCH,2023-11-03,C - Crucial,43.69311,-79.33367,Food premise maintained in manner to permit contamination of single-service articles - Sec. 7(1)(h)  
BOLE MARKET,2024-01-22,C - Crucial,43.71523,-79.4472,Fail to obtain food from source subject to inspection - Sec. 29(1)  
BOLE MARKET,2024-01-22,C - Crucial,43.71523,-79.4472,Fail to maintain records of food purchased  - Sec. 29(2)  
BOLET'S BURRITO,2023-11-27,C - Crucial,43.65018,-79.3678,Hot-holding potentially hazardous foods at internal temperature below 60 C - Sec. 30(a)
BOLET'S BURRITO,2023-11-27,C - Crucial,43.65018,-79.3678,Fail to process food in manner safe to eat - Sec. 26(2)
BOMBAY ROTI,2024-05-21,C - Crucial,43.66548,-79.40952,Store potentially hazardous foods at internal temperature between 4 C and 60 C - Sec. 27(1)
BOMBAY ROTI,2024-05-21,C - Crucial,43.66548,-79.40952,Fail to protect food from contamination or adulteration - Sec. 26(1) 
BOMBAY ROTI,2024-02-06,C - Crucial,43.76048,-79.41103,Fail to protect food from contamination or adulteration - Sec. 26(1) 
BOMBAY ROTI,2024-02-06,C - Crucial,43.76048,-79.41103,Store potentially hazardous foods at internal temperature between 4 C and 60 C - Sec. 27(1)
BOMOU,2022-10-25,C - Crucial,43.70671,-79.37593,Food premise maintained in manner to permit contamination of single-service articles - Sec. 7(1)(h)  
BOMOU,2022-10-25,C - Crucial,43.70671,-79.37593,Fail to protect food from contamination or adulteration - Sec. 26(1) 
BOMOU,2022-10-25,C - Crucial,43.70671,-79.37593,Offer for sale potentially hazardous foods at internal temperature between 4 C and 60 C - Sec. 27(1)
BOMOU,2024-04-19,C - Crucial,43.70671,-79.37593,Store ice in unsanitary manner - Sec.  26(5) 
BOOM BREAKFAST CO.,2024-02-02,C - Crucial,43.67922,-79.43852,Maintain potentially hazardous foods at internal temperature between 4 C and 60 C -  Sec. 27(1)
BOOSTER JUICE,2023-05-05,C - Crucial,43.6421,-79.40175,Fail to ensure food handler in food premise washes hands as necessary to prevent contamination of food - Sec. 33(1)(e) 
BOURBON ST GRILL,2022-08-17,C - Crucial,43.6546,-79.38054,Fail to protect food from contamination or adulteration - Sec. 26(1) 
BROADVIEW ESPRESSO,2023-06-07,C - Crucial,43.67852,-79.35822,Store potentially hazardous foods at internal temperature between 4 C and 60 C - Sec. 27(1)
BRUCE/WOODGREEN EARLY LEARNING CENTRE,2023-05-05,C - Crucial,43.66104,-79.33334,Fail to protect food from contamination or adulteration - Sec. 26(1) 
TIARRES'S BRUNCH N CAKES,2024-04-09,C - Crucial,43.70633,-79.37566,Maintain potentially hazardous foods at internal temperature between 4 C and 60 C -  Sec. 27(1)
BUA THAI,2024-03-20,C - Crucial,43.62616,-79.5033,Fail to ensure food handler in food premise washes hands as necessary to prevent contamination of food - Sec. 33(1)(e) 
BUBBY'S BAGELS,2024-01-29,C - Crucial,43.71833,-79.4292,Store potentially hazardous foods at internal temperature between 4 C and 60 C - Sec. 27(1)
BUNCH OF FUN PLAYLAND,2022-09-12,C - Crucial,43.75331,-79.46562,Store ice in unsanitary manner - Sec.  26(5) 
BURGER ST.,2022-09-09,C - Crucial,43.76935,-79.18466,Fail to protect food from contamination or adulteration - Sec. 26(1) 
BUTTER CHICKEN ROTI,2023-03-13,C - Crucial,43.6665,-79.3169,Food premise maintained in manner permitting adverse effect on food - Sec. 7(1)(a)(iii) 
BUTTER CHICKEN ROTI,2023-03-16,C - Crucial,43.66676,-79.38553,Fail to protect food from contamination or adulteration - Sec. 26(1) 
BUTTER CHICKEN ROTI,2023-08-09,C - Crucial,43.64805,-79.38345,Fail to protect food from contamination or adulteration - Sec. 26(1) 
BUTTER CHICKEN ROTI,2023-08-31,C - Crucial,43.69574,-79.44921,Fail to process food in manner safe to eat - Sec. 26(2)
BY DAVE,2023-01-25,C - Crucial,43.73112,-79.43308,Maintain potentially hazardous foods at internal temperature between 4 C and 60 C -  Sec. 27(1)
BY DAVE,2023-01-25,C - Crucial,43.73112,-79.43308,Fail to protect food from contamination or adulteration - Sec. 26(1) 
Bawachi Indian Cuisine,2022-07-14,C - Crucial,43.76859,-79.28163,Fail to ensure storage shelves designed to protect against contamination - Sec. 31
Bawachi Indian Cuisine,2022-07-14,C - Crucial,43.76859,-79.28163,Fail to ensure food handler in food premise washes hands as necessary to prevent contamination of food - Sec. 33(1)(e) 
Bawachi Indian Cuisine,2022-07-14,C - Crucial,43.76859,-79.28163,Maintain potentially hazardous foods at internal temperature between 4 C and 60 C -  Sec. 27(1)
Bawachi Indian Cuisine,2022-07-14,C - Crucial,43.76859,-79.28163,Food premise maintained in manner permitting adverse effect on food - Sec. 7(1)(a)(iii) 
Bawarchi Indian Cuisine,2024-04-22,C - Crucial,43.76859,-79.28163,Fail to protect food from contamination or adulteration - Sec. 26(1) 
Bawarchi Indian Cuisine,2024-04-22,C - Crucial,43.76859,-79.28163,Fail to ensure food handler in food premise washes hands as necessary to prevent contamination of food - Sec. 33(1)(e) 
Bella's Lechon,2023-03-28,C - Crucial,43.80125,-79.19918,Maintain potentially hazardous foods at internal temperature between 4 C and 60 C -  Sec. 27(1)
Bindaz Biryanis,2022-11-07,C - Crucial,43.70803,-79.39345,Refrigerate potentially hazardous foods at internal temperature above 4 C - Sec. 30(a)
Bindaz Biryanis,2023-02-28,C - Crucial,43.70803,-79.39345,Fail to protect food from contamination or adulteration - Sec. 26(1) 
Bindaz Biryanis,2023-05-26,C - Crucial,43.70803,-79.39345,Fail to protect food from contamination or adulteration - Sec. 26(1) 
Bindaz Biryanis,2023-05-26,C - Crucial,43.70803,-79.39345,Fail to ensure food handler in food premise washes hands as necessary to prevent contamination of food - Sec. 33(1)(e) 
Bindaz Biryanis,2023-05-26,C - Crucial,43.70803,-79.39345,Maintain potentially hazardous foods at internal temperature between 4 C and 60 C -  Sec. 27(1)
Bindaz Biryanis,2024-01-19,C - Crucial,43.70803,-79.39345,Fail to protect food from contamination or adulteration - Sec. 26(1) 
Bindaz Biryanis,2024-01-19,C - Crucial,43.70803,-79.39345,Offer for sale potentially hazardous foods at internal temperature between 4 C and 60 C - Sec. 27(1)
Bombay Foods,2022-11-15,C - Crucial,43.75364,-79.2532,Store potentially hazardous foods at internal temperature between 4 C and 60 C - Sec. 27(1)
Bombay Foods,2022-11-15,C - Crucial,43.75364,-79.2532,Fail to protect food from contamination or adulteration - Sec. 26(1) 
Bombay Foods,2023-05-03,C - Crucial,43.75364,-79.2532,Fail to protect food from contamination or adulteration - Sec. 26(1) 
Bombay Foods,2023-05-03,C - Crucial,43.75364,-79.2532,Maintain potentially hazardous foods at internal temperature between 4 C and 60 C -  Sec. 27(1)
Bombay Roti,2022-10-19,C - Crucial,43.70739,-79.30292,Food premise maintained in manner permitting adverse effect on food - Sec. 7(1)(a)(iii) 
Bombay Roti,2023-03-10,C - Crucial,43.70739,-79.30292,Maintain potentially hazardous foods at internal temperature between 4 C and 60 C -  Sec. 27(1)
Bombay Roti,2023-08-14,C - Crucial,43.70739,-79.30292,Maintain potentially hazardous foods at internal temperature between 4 C and 60 C -  Sec. 27(1)
Bombay Roti,2023-08-14,C - Crucial,43.70739,-79.30292,Food premise maintained in manner permitting adverse effect on food - Sec. 7(1)(a)(iii) 
C & C FOOD COURT,2023-03-31,C - Crucial,43.72567,-79.34162,Hot-holding potentially hazardous foods at internal temperature below 60 C - Sec. 30(a)
C & C FOOD COURT,2023-03-31,C - Crucial,43.72567,-79.34162,Store potentially hazardous foods at internal temperature between 4 C and 60 C - Sec. 27(1)
C & C FOOD COURT,2023-05-25,C - Crucial,43.72567,-79.34162,Store potentially hazardous foods at internal temperature between 4 C and 60 C - Sec. 27(1)
C & C FOOD COURT,2023-11-29,C - Crucial,43.72567,-79.34162,Store potentially hazardous foods at internal temperature between 4 C and 60 C - Sec. 27(1)
C & C SUPERMARKET,2023-03-31,C - Crucial,43.72567,-79.34162,Store ice in unsanitary manner - Sec.  26(5) 
C MARKET EUROPEAN DELI,2024-01-12,C - Crucial,43.68861,-79.3488,Fail to ensure food handler in food premise washes hands as necessary to prevent contamination of food - Sec. 33(1)(e) 
C'EST BON RESTAURANT,2022-12-12,C - Crucial,43.71688,-79.40006,Fail to protect food from contamination or adulteration - Sec. 26(1) 
C'EST BON RESTAURANT,2024-02-22,C - Crucial,43.71688,-79.40006,Fail to process food in manner safe to eat - Sec. 26(2)
C'EST BON RESTAURANT,2024-02-22,C - Crucial,43.71688,-79.40006,Operate food premise --- refrigeration equipment for potentially hazardous food not of sufficient size - Sec. 30(a)
C'EST BON RESTAURANT,2024-02-22,C - Crucial,43.71688,-79.40006,Fail to protect food from contamination or adulteration - Sec. 26(1) 
CAFE DE PAAN,2023-03-10,C - Crucial,43.74529,-79.29649,Fail to protect food from contamination or adulteration - Sec. 26(1) 
CAFE DE PAAN,2023-07-05,C - Crucial,43.74529,-79.29649,Fail to protect food from contamination or adulteration - Sec. 26(1) 
CAFE LANDWER,2023-10-17,C - Crucial,43.72608,-79.45147,Store potentially hazardous foods at internal temperature between 4 C and 60 C - Sec. 27(1)
CAFE LANDWER,2023-10-17,C - Crucial,43.72608,-79.45147,Fail to protect food from contamination or adulteration - Sec. 26(1) 
CAFE LANDWER,2023-10-17,C - Crucial,43.72608,-79.45147,Fail to ensure food handler in food premise washes hands as necessary to prevent contamination of food - Sec. 33(1)(e) 
CAFE MAXIM'S PATISSERIE,2023-11-15,C - Crucial,43.78798,-79.38066,Store potentially hazardous foods at internal temperature between 4 C and 60 C - Sec. 27(1)
CAKE HOUSE BAKERY,2022-08-25,C - Crucial,43.75062,-79.27698,Fail to protect food from contamination or adulteration - Sec. 26(1) 
CAKE HOUSE BAKERY,2023-02-27,C - Crucial,43.75062,-79.27698,Fail to protect food from contamination or adulteration - Sec. 26(1) 
CAKE HOUSE BAKERY,2023-07-24,C - Crucial,43.75062,-79.27698,Fail to protect food from contamination or adulteration - Sec. 26(1) 
CAKE RUSH,2024-04-19,C - Crucial,43.7512,-79.56387,Food premise maintained in manner to permit contamination of single-service articles - Sec. 7(1)(h)  
CALABRIA BAKERY,2022-09-26,C - Crucial,43.76175,-79.26967,Fail to ensure room kept free from live birds or animals - Sec. 14(1)
CALABRIA BAKERY,2022-09-26,C - Crucial,43.76175,-79.26967,Refrigerate potentially hazardous foods at internal temperature above 4 C - Sec. 30(a)
CALDENSE BAKERY,2023-06-02,C - Crucial,43.66547,-79.48866,Refrigerate potentially hazardous foods at internal temperature above 4 C - Sec. 30(a)
CALDENSE BAKERY,2024-02-16,C - Crucial,43.69242,-79.48633,Fail to ensure storage racks designed to protect against contamination - Sec. 31
CALI MEXICAN GRILL,2023-12-05,C - Crucial,43.72018,-79.45624,Store potentially hazardous foods at internal temperature between 4 C and 60 C - Sec. 27(1)
CALIFORNIA SANDWICHES,2024-06-04,C - Crucial,43.70051,-79.45204,Fail to protect food from contamination or adulteration - Sec. 26(1) 
CALII LOVE,2023-07-10,C - Crucial,43.64873,-79.38376,Fail to protect food from contamination or adulteration - Sec. 26(1) 
CAMBRIDGE LEAF MONTESSORI SCHOOL,2022-07-22,C - Crucial,43.82603,-79.23678,Fail to protect food from contamination or adulteration - Sec. 26(1) 
CANADIAN TIRE STORE 654,2024-01-03,C - Crucial,43.65798,-79.32992,Food premise maintained in manner permitting adverse effect on food - Sec. 7(1)(a)(iii) 
CANO RESTAURANT,2022-07-29,C - Crucial,43.67872,-79.44062,Fail to protect food from contamination or adulteration - Sec. 26(1) 
CANTON KITCHEN,2022-11-24,C - Crucial,43.79796,-79.27118,Fail to ensure food handler in food premise refrains from conduct that could result in contamination of food - Sec. 33(1)(h) 
CANTON KITCHEN,2023-02-10,C - Crucial,43.79796,-79.27118,Fail to ensure food handler in food premise refrains from conduct that could result in contamination of food - Sec. 33(1)(h) 
CANTON NOODLE,2022-11-24,C - Crucial,43.79796,-79.27118,Fail to ensure food handler in food premise refrains from conduct that could result in contamination of food - Sec. 33(1)(h) 
CAPITAL SWEET SAMOSA,2023-07-20,C - Crucial,43.70779,-79.34348,Fail to ensure food handler in food premise refrains from conduct that could result in contamination of food - Sec. 33(1)(h) 
CAPRI BAGELS AND BUNS,2024-03-08,C - Crucial,43.76011,-79.57022,Maintain potentially hazardous foods at internal temperature between 4 C and 60 C -  Sec. 27(1)
CAPRI BAGELS AND BUNS,2024-03-08,C - Crucial,43.76011,-79.57022,Fail to ensure storage shelves designed to protect against contamination - Sec. 31
CAPRI BAGELS AND BUNS,2024-03-08,C - Crucial,43.76011,-79.57022,Fail to ensure food handler in food premise washes hands as necessary to prevent contamination of food - Sec. 33(1)(e) 
CAPTAIN JACK,2022-08-12,C - Crucial,43.67053,-79.29917,Handle ice in unsanitary manner - Sec.  26(5) 
CAPTAIN JOHN DONLANDS FISH AND CHIPS,2023-05-25,C - Crucial,43.69328,-79.34226,Fail to protect food from contamination or adulteration - Sec. 26(1) 
CAPTAIN'S BOIL,2023-12-18,C - Crucial,43.71583,-79.39993,Store potentially hazardous foods at internal temperature between 4 C and 60 C - Sec. 27(1)
CAPTAIN'S BOIL,2023-12-18,C - Crucial,43.71583,-79.39993,Fail to ensure food handler in food premise washes hands as necessary to prevent contamination of food - Sec. 33(1)(e) 
CARIBBEAN CORNER,2023-03-14,C - Crucial,43.65485,-79.40026,Fail to protect food from contamination or adulteration - Sec. 26(1) 
CARIBBEAN CUISINE,2023-07-10,C - Crucial,43.71663,-79.45497,Fail to ensure food handler in food premise washes hands as necessary to prevent contamination of food - Sec. 33(1)(e) 
CARIBBEAN FARM FRESH,2024-02-05,C - Crucial,43.69741,-79.44336,Maintain potentially hazardous foods at internal temperature between 4 C and 60 C -  Sec. 27(1)
CARIBBEAN HEAT FAMILY RESTAURANT 2,2022-08-12,C - Crucial,43.74177,-79.58461,Fail to protect food from contamination or adulteration - Sec. 26(1) 
CARIBBEAN HEAT FAMILY RESTAURANT 3,2022-12-13,C - Crucial,43.75209,-79.54426,Fail to protect food from contamination or adulteration - Sec. 26(1) 
CARIBBEAN QUEEN,2023-03-10,C - Crucial,43.72039,-79.60006,Maintain potentially hazardous foods at internal temperature between 4 C and 60 C -  Sec. 27(1)
CARIBBEAN QUEEN OF PATTIES,2023-12-11,C - Crucial,43.65836,-79.44228,Fail to protect food from contamination or adulteration - Sec. 26(1) 
CARIBBEAN SUN,2023-01-24,C - Crucial,43.75343,-79.62005,Fail to protect food from contamination or adulteration - Sec. 26(1) 
CARLOAD ON YONGE,2024-04-22,C - Crucial,43.71212,-79.39917,Fail to protect food from contamination or adulteration - Sec. 26(1) 
CARLOAD ON YONGE,2024-04-22,C - Crucial,43.71212,-79.39917,Fail to ensure food handler in food premise washes hands as necessary to prevent contamination of food - Sec. 33(1)(e) 
CARMEN PERUVIAN CUISINE,2023-03-25,C - Crucial,43.74838,-79.47911,Store potentially hazardous foods at internal temperature between 4 C and 60 C - Sec. 27(1)
CARMEN PERUVIAN CUISINE,2023-03-25,C - Crucial,43.74838,-79.47911,Hot-holding potentially hazardous foods at internal temperature below 60 C - Sec. 30(a)
CARMEN PERUVIAN CUISINE,2023-03-25,C - Crucial,43.74838,-79.47911,Refrigerate potentially hazardous foods at internal temperature above 4 C - Sec. 30(a)
CARMEN PERUVIAN CUISINE,2023-03-25,C - Crucial,43.74838,-79.47911,Fail to ensure food handler in food premise washes hands as necessary to prevent contamination of food - Sec. 33(1)(e) 
CARMEN PERUVIAN CUISINE,2023-07-23,C - Crucial,43.74838,-79.47911,Fail to ensure food handler in food premise washes hands as necessary to prevent contamination of food - Sec. 33(1)(e) 
CARMEN PERUVIAN CUISINE,2023-07-23,C - Crucial,43.74838,-79.47911,Maintain potentially hazardous foods at internal temperature between 4 C and 60 C -  Sec. 27(1)
CARMEN PERUVIAN CUISINE,2023-11-11,C - Crucial,43.74838,-79.47911,Fail to protect food from contamination or adulteration - Sec. 26(1) 
CASA IMPERIAL FINE CHINESE CUISINE,2024-02-23,C - Crucial,43.81966,-79.32245,Food premise maintained in manner to permit contamination of single-service containers - Sec. 7(1)(h)  
CASA IMPERIAL FINE CHINESE CUISINE,2024-02-23,C - Crucial,43.81966,-79.32245,Fail to protect food from contamination or adulteration - Sec. 26(1) 
CASA SUSHI,2023-07-13,C - Crucial,43.67768,-79.35,Refrigerate potentially hazardous foods at internal temperature above 4 C - Sec. 30(a)
CASA SUSHI,2023-07-13,C - Crucial,43.67768,-79.35,Fail to protect food from contamination or adulteration - Sec. 26(1) 
CHACHU'S,2022-11-02,C - Crucial,43.74773,-79.34875,Maintain potentially hazardous foods at internal temperature between 4 C and 60 C -  Sec. 27(1)
CHACHU'S,2022-11-02,C - Crucial,43.74773,-79.34875,Fail to ensure food handler in food premise washes hands as necessary to prevent contamination of food areas - Sec.  33(1)(e)
CHAMPION DONER,2024-04-29,C - Crucial,43.74383,-79.48656,Store potentially hazardous foods at internal temperature between 4 C and 60 C - Sec. 27(1)
CHAMPION DONER,2024-04-29,C - Crucial,43.74383,-79.48656,Fail to protect food from contamination or adulteration - Sec. 26(1) 
CHAMSINE RESTAURANT,2023-05-19,C - Crucial,43.6805,-79.43021,Store potentially hazardous foods at internal temperature between 4 C and 60 C - Sec. 27(1)
CHAMSINE RESTAURANT,2023-05-19,C - Crucial,43.6805,-79.43021,Food premise maintained in manner adversely affecting sanitary operation - Sec. 7(1)(a)(ii)
CHAMSINE RESTAURANT,2023-10-13,C - Crucial,43.6805,-79.43021,Maintain potentially hazardous foods at internal temperature between 4 C and 60 C -  Sec. 27(1)
CHAMSINE RESTAURANT,2023-10-13,C - Crucial,43.6805,-79.43021,Store potentially hazardous foods at internal temperature between 4 C and 60 C - Sec. 27(1)
CHANDNI CHOWK,2024-04-03,C - Crucial,43.67234,-79.32254,Fail to protect food from contamination or adulteration - Sec. 26(1) 
CHARCOAL AND SALT,2022-09-07,C - Crucial,43.7785,-79.41488,Have on food premise meat not labelled - Sec. 38(1)
CHARCOAL BIRYANI,2023-05-11,C - Crucial,43.64837,-79.37993,Fail to protect food from contamination or adulteration - Sec. 26(1) 
CHARCOAL BIRYANI,2023-05-11,C - Crucial,43.64837,-79.37993,Store potentially hazardous foods at internal temperature between 4 C and 60 C - Sec. 27(1)
CHARLIE'S MEATS,2023-11-20,C - Crucial,43.64771,-79.43912,Refrigerate potentially hazardous foods at internal temperature above 4 C - Sec. 30(a)
CHARLOTTE'S ROOM,2024-01-10,C - Crucial,43.6475,-79.38648,Store potentially hazardous foods at internal temperature between 4 C and 60 C - Sec. 27(1)
CHARMINAR INDIAN CUISINE,2023-01-27,C - Crucial,43.73136,-79.28832,Store potentially hazardous foods at internal temperature between 4 C and 60 C - Sec. 27(1)
CHARMINAR INDIAN CUISINE,2023-01-27,C - Crucial,43.73136,-79.28832,Fail to protect food from contamination or adulteration - Sec. 26(1) 
CHARMINAR INDIAN CUISINE,2023-11-13,C - Crucial,43.73136,-79.28832,Fail to protect food from contamination or adulteration - Sec. 26(1) 
CHARMINAR INDIAN CUISINE,2023-11-13,C - Crucial,43.73136,-79.28832,Maintain potentially hazardous foods at internal temperature between 4 C and 60 C -  Sec. 27(1)
CHARMINAR INDIAN CUISINE,2023-11-13,C - Crucial,43.73136,-79.28832,Hot-holding potentially hazardous foods at internal temperature below 60 C - Sec. 30(a)
CHAT BAR RESTAURANT,2023-04-12,C - Crucial,43.65375,-79.39809,Fail to ensure food handler in food premise washes hands as necessary to prevent contamination of food - Sec. 33(1)(e) 
CHAT BAR RESTAURANT,2023-04-12,C - Crucial,43.65375,-79.39809,Store potentially hazardous foods at internal temperature between 4 C and 60 C - Sec. 27(1)
CHAT BAR RESTAURANT,2023-04-12,C - Crucial,43.65375,-79.39809,Fail to protect food from contamination or adulteration - Sec. 26(1) 
CHAT ONE,2023-08-30,C - Crucial,43.73644,-79.43729,Fail to protect food from contamination or adulteration - Sec. 26(1) 
CHAT ONE,2023-08-30,C - Crucial,43.73644,-79.43729,Refrigerate potentially hazardous foods at internal temperature above 4 C - Sec. 30(a)
CHATOREY,2024-05-09,C - Crucial,43.72308,-79.2893,Fail to protect food from contamination or adulteration - Sec. 26(1) 
CHAWK BAZAR,2022-06-28,C - Crucial,43.74264,-79.3084,Maintain potentially hazardous foods at internal temperature between 4 C and 60 C -  Sec. 27(1)
CHEF COCOY,2024-05-14,C - Crucial,43.71822,-79.42915,Fail to process food in manner safe to eat - Sec. 26(2)
CHEF COCOY,2024-05-14,C - Crucial,43.71822,-79.42915,Maintain potentially hazardous foods at internal temperature between 4 C and 60 C -  Sec. 27(1)
CHEF COCOY,2024-05-14,C - Crucial,43.71822,-79.42915,Fail to protect food from contamination or adulteration - Sec. 26(1) 
CHEF MUSTAFA,2024-02-21,C - Crucial,43.67842,-79.34871,Fail to protect food from contamination or adulteration - Sec. 26(1) 
CHEF MUSTAFA,2024-02-21,C - Crucial,43.67842,-79.34871,Store ice in unsanitary manner - Sec.  26(5) 
CHEFFYS,2023-08-10,C - Crucial,43.715,-79.3051,Maintain potentially hazardous foods at internal temperature between 4 C and 60 C -  Sec. 27(1)
CHELSEA HOTEL - MARKET GARDEN,2022-06-27,C - Crucial,43.65939,-79.38009,Store potentially hazardous foods at internal temperature between 4 C and 60 C - Sec. 27(1)
CHENG DU SPICY,2022-10-31,C - Crucial,43.80514,-79.28761,Store potentially hazardous foods at internal temperature between 4 C and 60 C - Sec. 27(1)
CHENG DU SPICY,2022-10-31,C - Crucial,43.80514,-79.28761,Fail to protect food from contamination or adulteration - Sec. 26(1) 
CHENG DU SPICY,2023-03-02,C - Crucial,43.80514,-79.28761,Fail to protect food from contamination or adulteration - Sec. 26(1) 
MS. SHEN,2024-02-13,C - Crucial,43.76048,-79.41103,Store potentially hazardous foods at internal temperature between 4 C and 60 C - Sec. 27(1)
MS. SHEN,2024-04-19,C - Crucial,43.76048,-79.41103,Fail to ensure storage pallets designed to protect against contamination - Sec. 31
CHERRY STREET BAR-B-QUE,2023-11-28,C - Crucial,43.64561,-79.35233,Fail to protect food from contamination or adulteration - Sec. 26(1) 
CHESTER VILLAGE,2023-06-09,C - Crucial,43.69379,-79.27474,Food premise maintained in manner permitting adverse effect on food - Sec. 7(1)(a)(iii) 
CHEW CHEW'S DINER,2023-08-03,C - Crucial,43.66349,-79.37228,Store potentially hazardous foods at internal temperature between 4 C and 60 C - Sec. 27(1)
CHIANG MAI THAI KITCHEN & BAR JUNCTION,2024-02-20,C - Crucial,43.6657,-79.46945,Fail to protect food from contamination or adulteration - Sec. 26(1) 
CHIANG RAI,2023-07-20,C - Crucial,43.73643,-79.42051,Fail to protect food from contamination or adulteration - Sec. 26(1) 
CHIANG RAI,2023-07-20,C - Crucial,43.73643,-79.42051,Store ice in unsanitary manner - Sec.  26(5) 
CHIANG RAI,2024-06-07,C - Crucial,43.73643,-79.42051,Fail to protect food from contamination or adulteration - Sec. 26(1) 
CHICK FIESTA,2024-03-08,C - Crucial,43.76194,-79.22583,Fail to protect food from contamination or adulteration - Sec. 26(1) 
CHICK FIESTA,2024-03-08,C - Crucial,43.76194,-79.22583,Food premise maintained in manner to permit contamination of single-service articles - Sec. 7(1)(h)  
CHICK FIESTA,2023-02-23,C - Crucial,43.76194,-79.22583,Store potentially hazardous foods at internal temperature between 4 C and 60 C - Sec. 27(1)
CHICK-N-BURGER RESTAURANT,2022-11-04,C - Crucial,43.70493,-79.25267,Food premise maintained in manner permitting adverse effect on food - Sec. 7(1)(a)(iii) 
CHICKEN HAUS,2022-08-04,C - Crucial,43.70555,-79.34626,Store ice in unsanitary manner - Sec.  26(5) 
CHICKEN HAUS,2024-03-26,C - Crucial,43.70555,-79.34626,Store ice in unsanitary manner - Sec.  26(5) 
CHICKEN KITCHEN,2023-11-29,C - Crucial,43.7919,-79.24928,Store potentially hazardous foods at internal temperature between 4 C and 60 C - Sec. 27(1)
CHICKEN N DOUGH,2023-07-11,C - Crucial,43.6998,-79.43174,Fail to protect food from contamination or adulteration - Sec. 26(1) 
CHILDREN OF TOMORROW - MCCRAE,2023-11-28,C - Crucial,43.74405,-79.23989,Maintain potentially hazardous foods at internal temperature between 4 C and 60 C -  Sec. 27(1)
CHILLIY PEPPER,2024-04-09,C - Crucial,43.67558,-79.40356,Store potentially hazardous foods at internal temperature between 4 C and 60 C - Sec. 27(1)
CHIN CHIN STREET SIDE KITCHEN,2022-10-18,C - Crucial,43.64047,-79.39262,Fail to ensure food handler in food premise refrains from conduct that could result in contamination of food - Sec. 33(1)(h) 
CHINA FOOD,2023-03-30,C - Crucial,43.70462,-79.3664,Store potentially hazardous foods at internal temperature between 4 C and 60 C - Sec. 27(1)
CHINA FOOD,2023-03-30,C - Crucial,43.70462,-79.3664,Fail to protect food from contamination or adulteration - Sec. 26(1) 
CHINA GOURMET,2022-11-01,C - Crucial,43.75501,-79.34877,Fail to ensure food handler in food premise refrains from conduct that could result in contamination of food - Sec. 33(1)(h) 
CHINA GOURMET,2022-11-01,C - Crucial,43.75501,-79.34877,Fail to ensure food handler in food premise washes hands as necessary to prevent contamination of food areas - Sec.  33(1)(e)
CHINA GOURMET,2023-06-16,C - Crucial,43.75501,-79.34877,Fail to ensure food handler in food premise washes hands as necessary to prevent contamination of food - Sec. 33(1)(e) 
CHINA GOURMET,2023-11-27,C - Crucial,43.75501,-79.34877,Fail to ensure food handler in food premise refrains from conduct that could result in contamination of food - Sec. 33(1)(h) 
CHINA GOURMET,2024-05-14,C - Crucial,43.75501,-79.34877,Fail to ensure food handler in food premise refrains from conduct that could result in contamination of food - Sec. 33(1)(h) 
CHINA WOK,2024-04-12,C - Crucial,43.64843,-79.38064,Fail to protect food from contamination or adulteration - Sec. 26(1) 
CHITOS PIZZA,2024-04-09,C - Crucial,43.65838,-79.44257,Fail to protect food from contamination or adulteration - Sec. 26(1) 
CHITOS PIZZA,2024-04-09,C - Crucial,43.65838,-79.44257,Store potentially hazardous foods at internal temperature between 4 C and 60 C - Sec. 27(1)
CHO MING'S RESTAURANT,2022-06-29,C - Crucial,43.70397,-79.50383,Maintain potentially hazardous foods at internal temperature between 4 C and 60 C -  Sec. 27(1)
CHRIS BREAD BAKERY,2023-03-28,C - Crucial,43.73553,-79.25246,Store potentially hazardous foods at internal temperature between 4 C and 60 C - Sec. 27(1)
CHUNGCHUN RICE DOG,2023-01-03,C - Crucial,43.80514,-79.28761,Fail to protect food from contamination or adulteration - Sec. 26(1) 
CHUNGCHUN RICE HOTDOG,2023-10-26,C - Crucial,43.67459,-79.47024,Food premise maintained in manner to permit contamination of single-service containers - Sec. 7(1)(h)  
CHURCH'S TEXAS CHICKEN,2022-07-05,C - Crucial,43.74383,-79.48656,Fail to protect food from contamination or adulteration - Sec. 26(1) 
CHURRASCO OF ST CLAIR,2022-11-09,C - Crucial,43.68156,-79.42531,Fail to protect food from contamination or adulteration - Sec. 26(1) 
CHURRASCO OF ST CLAIR,2022-11-09,C - Crucial,43.68156,-79.42531,Food premise maintained in manner permitting adverse effect on food - Sec. 7(1)(a)(iii) 
CHURRASCO OF ST CLAIR,2022-11-09,C - Crucial,43.68156,-79.42531,Maintain potentially hazardous foods at internal temperature between 4 C and 60 C -  Sec. 27(1)
CIBO,2022-11-09,C - Crucial,43.71139,-79.39973,Store potentially hazardous foods at internal temperature between 4 C and 60 C - Sec. 27(1)
CIRCLE K,2023-02-16,C - Crucial,43.72277,-79.33892,Maintain potentially hazardous foods at internal temperature between 4 C and 60 C -  Sec. 27(1)
CITY BISTRO,2023-11-29,C - Crucial,43.74428,-79.31143,Fail to ensure food handler in food premise washes hands as necessary to prevent contamination of food - Sec. 33(1)(e) 
CITY FISH MARKET,2022-06-22,C - Crucial,43.70914,-79.45334,Fail to protect food from contamination or adulteration - Sec. 26(1) 
CITY FISH MARKET,2022-06-22,C - Crucial,43.70914,-79.45334,Store ice in unsanitary manner - Sec.  26(5) 
CITY FRIED CHICKEN & PIZZA,2022-10-12,C - Crucial,43.6806,-79.33756,Refrigerate potentially hazardous foods at internal temperature above 4 C - Sec. 30(a)
CITY FRIED CHICKEN & PIZZA,2022-10-12,C - Crucial,43.6806,-79.33756,Food premise maintained in manner to permit contamination of single-service containers - Sec. 7(1)(h)  
CITY KEBAB,2024-06-11,C - Crucial,43.71578,-79.40002,Fail to protect food from contamination or adulteration - Sec. 26(1) 
COCO KARAOKE,2022-12-08,C - Crucial,43.79706,-79.41949,Store ice in unsanitary manner - Sec.  26(5) 
COCONUT SEASONS,2022-11-08,C - Crucial,43.8231,-79.30111,Fail to protect food from contamination or adulteration - Sec. 26(1) 
COCONUT SEASONS,2023-07-24,C - Crucial,43.8231,-79.30111,Food premise maintained in manner to permit contamination of single-service containers - Sec. 7(1)(h)  
COFFEE ISLAND,2022-08-17,C - Crucial,43.66413,-79.38665,Store potentially hazardous foods at internal temperature between 4 C and 60 C - Sec. 27(1)
COFFEE TIME,2024-05-22,C - Crucial,43.73181,-79.45916,Maintain potentially hazardous foods at internal temperature between 4 C and 60 C -  Sec. 27(1)
COLOSSAL ONION - CNE 2019,2022-08-19,C - Crucial,43.63501,-79.41119,Fail to process food in manner safe to eat - Sec. 26(2)
COLOSSAL ONION - CNE 2019,2022-08-19,C - Crucial,43.63501,-79.41119,Maintain potentially hazardous foods at internal temperature between 4 C and 60 C -  Sec. 27(1)
COLOSSAL ONION - CNE 2019,2022-08-19,C - Crucial,43.63501,-79.41119,Fail to protect food from contamination or adulteration - Sec. 26(1) 
COLOSSAL ONION - CNE 2019,2023-08-31,C - Crucial,43.63501,-79.41119,Fail to protect food from contamination or adulteration - Sec. 26(1) 
COLOSSAL ONION - CNE 2019,2023-08-31,C - Crucial,43.63501,-79.41119,Fail to ensure food handler in food premise washes hands as necessary to prevent contamination of food - Sec. 33(1)(e) 
COLUMBUS BAKERY,2024-01-23,C - Crucial,43.75125,-79.55202,Fail to ensure food handler in food premise washes hands as necessary to prevent contamination of food areas - Sec.  33(1)(e)
COLUMBUS BAKERY,2024-01-23,C - Crucial,43.75125,-79.55202,Fail to protect food from contamination or adulteration - Sec. 26(1) 
COLUMBUS BAKERY,2024-03-14,C - Crucial,43.71448,-79.4679,Fail to protect food from contamination or adulteration - Sec. 26(1) 
COLUMBUS BAKERY,2024-03-14,C - Crucial,43.71448,-79.4679,Fail to ensure food handler in food premise washes hands as necessary to prevent contamination of food - Sec. 33(1)(e) 
COMMISSO BROS & RACCO ITALIAN BAKERY,2023-12-04,C - Crucial,43.69863,-79.4689,Fail to protect food from contamination or adulteration - Sec. 26(1) 
COMMISSO BROS & RACCO ITALIAN BAKERY,2023-12-11,C - Crucial,43.69863,-79.4689,Fail to protect food from contamination or adulteration - Sec. 26(1) 
COMMISSO BROS & RACCO ITALIAN BAKERY,2024-02-14,C - Crucial,43.69863,-79.4689,Fail to protect food from contamination or adulteration - Sec. 26(1) 
COMMISSO BROS & RACCO ITALIAN BAKERY,2024-02-14,C - Crucial,43.69863,-79.4689,Sell potentially hazardous foods at internal temperature between 4 C and 60 C - Sec. 27(1)
CONGEE QUEEN,2023-10-11,C - Crucial,43.73577,-79.34751,Fail to protect food from contamination or adulteration - Sec. 26(1) 
CONGEE QUEEN,2023-09-28,C - Crucial,43.79555,-79.42008,Fail to protect food from contamination or adulteration - Sec. 26(1) 
CONGEE QUEEN,2024-03-26,C - Crucial,43.79555,-79.42008,Store ice in unsanitary manner - Sec.  26(5) 
CONGEE QUEEN,2024-03-26,C - Crucial,43.79555,-79.42008,Fail to protect food from contamination or adulteration - Sec. 26(1) 
CONVENIENCE CANADA,2022-10-03,C - Crucial,43.64063,-79.43753,Sell potentially hazardous foods at internal temperature between 4 C and 60 C - Sec. 27(1)
CONVENIENCE CANADA,2022-10-03,C - Crucial,43.64063,-79.43753,Fail to protect food from contamination or adulteration - Sec. 26(1) 
CONVENIENCE CANADA,2023-06-26,C - Crucial,43.64063,-79.43753,Fail to protect food from contamination or adulteration - Sec. 26(1) 
CORN STAND,2023-07-23,C - Crucial,43.74838,-79.47911,Maintain potentially hazardous foods at internal temperature between 4 C and 60 C -  Sec. 27(1)
CORN STAND,2023-07-23,C - Crucial,43.74838,-79.47911,Fail to ensure food handler in food premise washes hands as necessary to prevent contamination of food - Sec. 33(1)(e) 
CORRECT AFRICAN FOOD MARKET/NAIJA KITCHEN,2024-03-05,C - Crucial,43.73056,-79.46847,Store potentially hazardous foods at internal temperature between 4 C and 60 C - Sec. 27(1)
CRAVEWINGS INC,2023-08-11,C - Crucial,43.70306,-79.41461,Fail to protect food from contamination or adulteration - Sec. 26(1) 
CRAVEWINGS INC,2023-08-11,C - Crucial,43.70306,-79.41461,Maintain potentially hazardous foods at internal temperature between 4 C and 60 C -  Sec. 27(1)
CREAM AND SUGAR,2022-07-26,C - Crucial,43.77854,-79.3479,Display potentially hazardous foods at internal temperature between 4 C and 60 C - Sec. 27(1)
CRISTAL THANI,2023-01-06,C - Crucial,43.65542,-79.4129,Fail to protect food from contamination or adulteration - Sec. 26(1) 
CUCINI XPRESS,2024-03-01,C - Crucial,43.65873,-79.38218,Distribute potentially hazardous foods at internal temperature between 4 C and 60 C - Sec. 27(1)
CULINARY BOYZ,2024-01-11,C - Crucial,43.71415,-79.58459,Fail to protect food from contamination or adulteration - Sec. 26(1) 
CUP OF TE Cafe,2022-11-28,C - Crucial,43.71506,-79.45354,Fail to protect food from contamination or adulteration - Sec. 26(1) 
CUPPA TEA,2023-05-25,C - Crucial,43.66679,-79.40455,Fail to protect food from contamination or adulteration - Sec. 26(1) 
CUPPA TEA,2023-09-11,C - Crucial,43.66679,-79.40455,Fail to protect food from contamination or adulteration - Sec. 26(1) 
Casa Deluz,2022-11-18,C - Crucial,43.80923,-79.26932,Fail to ensure food handler in food premise washes hands as necessary to prevent contamination of food - Sec. 33(1)(e) 
Casa Deluz,2023-03-03,C - Crucial,43.80923,-79.26932,Fail to protect food from contamination or adulteration - Sec. 26(1) 
Casa Deluz,2023-06-27,C - Crucial,43.80923,-79.26932,Fail to protect food from contamination or adulteration - Sec. 26(1) 
Casa Deluz,2023-12-06,C - Crucial,43.80923,-79.26932,Fail to protect food from contamination or adulteration - Sec. 26(1) 
Casa Deluz,2024-02-02,C - Crucial,43.80923,-79.26932,Store potentially hazardous foods at internal temperature between 4 C and 60 C - Sec. 27(1)
Casa Deluz,2024-02-02,C - Crucial,43.80923,-79.26932,Fail to protect food from contamination or adulteration - Sec. 26(1) 
Chicken Plus Liberty Village,2024-03-20,C - Crucial,43.63999,-79.42151,Fail to ensure food handler in food premise washes hands as necessary to prevent contamination of food - Sec. 33(1)(e) 
Chongqing Lao Jiu Men Hotpot,2022-12-06,C - Crucial,43.82526,-79.29882,Maintain potentially hazardous foods at internal temperature between 4 C and 60 C -  Sec. 27(1)
Chongqing Lao Jiu Men Hotpot,2022-12-06,C - Crucial,43.82526,-79.29882,Fail to protect food from contamination or adulteration - Sec. 26(1) 
Congee Queen,2023-06-19,C - Crucial,43.78394,-79.29225,Display potentially hazardous foods at internal temperature between 4 C and 60 C - Sec. 27(1)
Coppa's,2023-09-07,C - Crucial,43.77154,-79.16577,Store potentially hazardous foods at internal temperature between 4 C and 60 C - Sec. 27(1)
Coppa's,2023-09-07,C - Crucial,43.77154,-79.16577,Food premise maintained in manner permitting adverse effect on food - Sec. 7(1)(a)(iii) 
Crown Pastries,2023-02-16,C - Crucial,43.74604,-79.29273,Fail to ensure food handler in food premise washes hands as necessary to prevent contamination of food - Sec. 33(1)(e) 
D.G.A. FILIPINO VARIETY STORE,2024-01-19,C - Crucial,43.7005,-79.44055,Store potentially hazardous foods at internal temperature between 4 C and 60 C - Sec. 27(1)
DAILY PRESS JUICERY,2022-07-12,C - Crucial,43.65039,-79.38861,Display potentially hazardous foods at internal temperature between 4 C and 60 C - Sec. 27(1)
DAIRY QUEEN,2023-04-20,C - Crucial,43.76723,-79.41231,Store potentially hazardous foods at internal temperature between 4 C and 60 C - Sec. 27(1)
DALDONGHAE,2022-12-01,C - Crucial,43.66435,-79.4157,Store ice in unsanitary manner - Sec.  26(5) 
DALDONGHAE,2022-12-01,C - Crucial,43.66435,-79.4157,Fail to protect food from contamination or adulteration - Sec. 26(1) 
DALDONGHAE,2023-12-15,C - Crucial,43.66435,-79.4157,Fail to protect food from contamination or adulteration - Sec. 26(1) 
DAM SANDWICH,2022-08-03,C - Crucial,43.68736,-79.43848,Fail to protect food from contamination or adulteration - Sec. 26(1) 
DAMDA,2023-05-03,C - Crucial,43.6641,-79.41561,Fail to protect food from contamination or adulteration - Sec. 26(1) 
DARBAND RESTAURANT,2022-07-06,C - Crucial,43.75505,-79.34867,Maintain potentially hazardous foods at internal temperature between 4 C and 60 C -  Sec. 27(1)
DARBAND RESTAURANT,2022-07-06,C - Crucial,43.75505,-79.34867,Fail to ensure food handler in food premise washes hands as necessary to prevent contamination of food - Sec. 33(1)(e) 
DARBAR PERSIAN GRILL,2023-03-03,C - Crucial,43.73553,-79.41966,Store ice in unsanitary manner - Sec.  26(5) 
DARNA,2023-04-13,C - Crucial,43.70653,-79.37519,Fail to protect food from contamination or adulteration - Sec. 26(1) 
DATTA FOOD MANUFACTORY,2022-12-01,C - Crucial,43.8113,-79.25744,Display potentially hazardous foods at internal temperature between 4 C and 60 C - Sec. 27(1)
DATTA FOOD MANUFACTORY,2023-04-05,C - Crucial,43.8113,-79.25744,Store potentially hazardous foods at internal temperature between 4 C and 60 C - Sec. 27(1)
DATTA FOOD MANUFACTORY,2023-07-19,C - Crucial,43.8113,-79.25744,Maintain potentially hazardous foods at internal temperature between 4 C and 60 C -  Sec. 27(1)
DAVID MINTZ CATERING (CHRISTINA),2024-05-13,C - Crucial,43.65439,-79.34248,Food premise maintained in manner permitting health hazard - Sec. 7(1)(a)(i)    
DAWES CAFE,2023-04-19,C - Crucial,43.70297,-79.29719,Food premise maintained in manner permitting adverse effect on food - Sec. 7(1)(a)(iii) 
DAY'S KITCHEN,2023-05-29,C - Crucial,43.80659,-79.22201,Store potentially hazardous foods at internal temperature between 4 C and 60 C - Sec. 27(1)
DELHI TOUCH,2023-10-26,C - Crucial,43.72792,-79.43203,Fail to protect food from contamination or adulteration - Sec. 26(1) 
DELHI TOUCH,2023-10-26,C - Crucial,43.72792,-79.43203,Fail to ensure food handler in food premise washes hands as necessary to prevent contamination of food - Sec. 33(1)(e) 
DELHI TOUCH,2023-10-26,C - Crucial,43.72792,-79.43203,Store potentially hazardous foods at internal temperature between 4 C and 60 C - Sec. 27(1)
DELICIOUS EMPANADAS,2023-05-10,C - Crucial,43.69817,-79.4516,Store potentially hazardous foods at internal temperature between 4 C and 60 C - Sec. 27(1)
DELICIOUS EMPANADAS,2023-09-12,C - Crucial,43.69817,-79.4516,Store potentially hazardous foods at internal temperature between 4 C and 60 C - Sec. 27(1)
DELYSEES,2023-07-28,C - Crucial,43.65509,-79.34066,Store potentially hazardous foods at internal temperature between 4 C and 60 C - Sec. 27(1)
DELYSEES LUXURY DESSERTS,2023-07-07,C - Crucial,43.72608,-79.45147,Fail to ensure food handler in food premise washes hands as necessary to prevent contamination of food - Sec. 33(1)(e) 
DESI CHATKA RESTAURANT,2022-07-25,C - Crucial,43.76308,-79.20912,Fail to protect food from contamination or adulteration - Sec. 26(1) 
DESTA MARKET,2022-12-05,C - Crucial,43.67961,-79.34047,Fail to protect food from contamination or adulteration - Sec. 26(1) 
DHAKA KEBAB,2022-07-15,C - Crucial,43.69127,-79.28955,Food premise maintained in manner permitting adverse effect on food - Sec. 7(1)(a)(iii) 
DHAKA KITCHEN,2024-06-11,C - Crucial,43.70506,-79.28855,Hot-holding potentially hazardous foods at internal temperature below 60 C - Sec. 30(a)
DHAKA KITCHEN,2024-06-11,C - Crucial,43.70506,-79.28855,Fail to protect food from contamination or adulteration - Sec. 26(1) 
DILSE INDIAN RESTAURANT & BAR,2023-05-18,C - Crucial,43.64928,-79.45006,Fail to protect food from contamination or adulteration - Sec. 26(1) 
DIMITRI'S PLACE,2024-02-09,C - Crucial,43.59973,-79.50894,Fail to protect food from contamination or adulteration - Sec. 26(1) 
DISTRICT 28,2023-04-06,C - Crucial,43.65509,-79.34066,Fail to protect food from contamination or adulteration - Sec. 26(1) 
DIYIJIA,2022-12-28,C - Crucial,43.66346,-79.3842,Store potentially hazardous foods at internal temperature between 4 C and 60 C - Sec. 27(1)
DONER G TURKISH CUISINE,2023-05-31,C - Crucial,43.73051,-79.46637,Fail to protect food from contamination or adulteration - Sec. 26(1) 
DONER G TURKISH CUISINE,2023-05-31,C - Crucial,43.73051,-79.46637,Fail to process food in manner safe to eat - Sec. 26(2)
DONER G TURKISH CUISINE,2023-05-31,C - Crucial,43.73051,-79.46637,Fail to ensure food handler in food premise washes hands as necessary to prevent contamination of food - Sec. 33(1)(e) 
DONER G TURKISH CUISINE,2023-05-31,C - Crucial,43.73051,-79.46637,Maintain potentially hazardous foods at internal temperature between 4 C and 60 C -  Sec. 27(1)
DONG KEE CHINESE RESTAURANT,2023-07-12,C - Crucial,43.81941,-79.29475,Fail to protect food from contamination or adulteration - Sec. 26(1) 
DONWAY PLACE,2024-01-03,C - Crucial,43.73456,-79.34025,Handle ice in unsanitary manner - Sec.  26(5) 
DOWNSVIEW MARKET & CONVENIENCE,2023-04-18,C - Crucial,43.72276,-79.49853,Food premise maintained in manner permitting adverse effect on food - Sec. 7(1)(a)(iii) 
DR. LAFFA ON THE GO,2023-01-17,C - Crucial,43.7293,-79.43174,Store potentially hazardous foods at internal temperature between 4 C and 60 C - Sec. 27(1)
DRINK JUICE CO.,2022-09-16,C - Crucial,43.70675,-79.37609,Store ice in unsanitary manner - Sec.  26(5) 
DRUMS N FLATS,2022-08-10,C - Crucial,43.73511,-79.42027,Fail to protect food from contamination or adulteration - Sec. 26(1) 
DRUMS N FLATS,2023-06-09,C - Crucial,43.73511,-79.42027,Fail to protect food from contamination or adulteration - Sec. 26(1) 
DRUMS N FLATS,2023-06-09,C - Crucial,43.73511,-79.42027,Refrigerate potentially hazardous foods at internal temperature above 4 C - Sec. 30(a)
DRUXY'S FAMOUS DELI,2023-05-25,C - Crucial,43.64837,-79.37993,Store potentially hazardous foods at internal temperature between 4 C and 60 C - Sec. 27(1)
DRUXY'S FAMOUS DELI,2023-05-25,C - Crucial,43.64837,-79.37993,Fail to protect food from contamination or adulteration - Sec. 26(1) 
DUFF'S FAMOUS WINGS,2022-11-10,C - Crucial,43.70608,-79.37562,Maintain potentially hazardous foods at internal temperature between 4 C and 60 C -  Sec. 27(1)
DUFF'S FAMOUS WINGS,2022-11-10,C - Crucial,43.70608,-79.37562,Food premise maintained in manner to permit contamination of single-service articles - Sec. 7(1)(h)  
DUFF'S FAMOUS WINGS,2022-11-10,C - Crucial,43.70608,-79.37562,Store ice in unsanitary manner - Sec.  26(5) 
DUNDAS SPRING GARDEN,2022-11-02,C - Crucial,43.65348,-79.39545,Fail to protect food from contamination or adulteration - Sec. 26(1) 
DURBAR INDIAN CUISINE,2023-05-17,C - Crucial,43.64888,-79.4848,Fail to protect food from contamination or adulteration - Sec. 26(1) 
DURBAR INDIAN CUISINE,2023-05-17,C - Crucial,43.64888,-79.4848,Maintain potentially hazardous foods at internal temperature between 4 C and 60 C -  Sec. 27(1)
DV AFRICAN FOOD,2022-11-03,C - Crucial,43.7242,-79.49403,Fail to protect food from contamination or adulteration - Sec. 26(1) 
DYNASTY HOUSE SEAFOOD RESTAURANT,2022-12-19,C - Crucial,43.70463,-79.49224,Fail to ensure storage racks designed to protect against contamination - Sec. 31
Da Ke Yi Snacks,2022-10-07,C - Crucial,43.81403,-79.29152,Fail to protect food from contamination or adulteration - Sec. 26(1) 
Delicious Food,2022-12-08,C - Crucial,43.78659,-79.27669,Fail to protect food from contamination or adulteration - Sec. 26(1) 
Ge's Green Kitchen,2023-09-28,C - Crucial,43.78659,-79.27669,Fail to ensure food handler in food premise refrains from conduct that could result in contamination of food - Sec. 33(1)(h) 
Delicious Paradise Kitchen,2022-10-13,C - Crucial,43.82188,-79.29921,Refrigerate potentially hazardous foods at internal temperature above 4 C - Sec. 30(a)
Delicious Paradise Kitchen,2022-10-13,C - Crucial,43.82188,-79.29921,Store potentially hazardous foods at internal temperature between 4 C and 60 C - Sec. 27(1)
Delicious Paradise Kitchen,2022-10-28,C - Crucial,43.82188,-79.29921,Maintain potentially hazardous foods at internal temperature between 4 C and 60 C -  Sec. 27(1)
EARL'S KITCHEN + BAR,2024-01-17,C - Crucial,43.61464,-79.55584,Handle ice in unsanitary manner - Sec.  26(5) 
EARL'S RESTAURANT,2023-10-18,C - Crucial,43.72608,-79.45147,Refrigerate potentially hazardous foods at internal temperature above 4 C - Sec. 30(a)
EARL'S RESTAURANT,2023-10-18,C - Crucial,43.72608,-79.45147,Hot-holding potentially hazardous foods at internal temperature below 60 C - Sec. 30(a)
EARL'S RESTAURANT,2023-10-18,C - Crucial,43.72608,-79.45147,Fail to protect food from contamination or adulteration - Sec. 26(1) 
EARL'S RESTAURANT,2023-10-18,C - Crucial,43.72608,-79.45147,Store potentially hazardous foods at internal temperature between 4 C and 60 C - Sec. 27(1)
EARL'S RESTAURANT,2023-10-18,C - Crucial,43.72608,-79.45147,Fail to ensure food handler in food premise washes hands as necessary to prevent contamination of food - Sec. 33(1)(e) 
EAST SIDE MARIO'S,2023-05-02,C - Crucial,43.72394,-79.29072,Fail to protect food from contamination or adulteration - Sec. 26(1) 
EAST YORK RESTAURANT,2023-10-31,C - Crucial,43.68898,-79.34859,Store ice in unsanitary manner - Sec.  26(5) 
EAT BKK THAI KITCHEN,2022-08-26,C - Crucial,43.6606,-79.34299,Distribute potentially hazardous foods at internal temperature between 4 C and 60 C - Sec. 27(1)
EAT BKK THAI KITCHEN,2023-06-02,C - Crucial,43.6606,-79.34299,Store potentially hazardous foods at internal temperature between 4 C and 60 C - Sec. 27(1)
EAT BKK THAI KITCHEN,2023-06-02,C - Crucial,43.6606,-79.34299,Fail to protect food from contamination or adulteration - Sec. 26(1) 
EAT BKK THAI KITCHEN,2022-08-29,C - Crucial,43.66548,-79.40888,Food premise maintained in manner permitting health hazard (Rodents) - Sec. 7(1)(a)(i)    
EAT BKK THAI KITCHEN,2022-08-29,C - Crucial,43.66548,-79.40888,Fail to protect food from contamination or adulteration - Sec. 26(1) 
EAT BKK THAI KITCHEN,2022-09-07,C - Crucial,43.75926,-79.41069,Maintain potentially hazardous foods at internal temperature between 4 C and 60 C -  Sec. 27(1)
EAT BKK THAI KITCHEN,2022-09-07,C - Crucial,43.75926,-79.41069,Fail to protect food from contamination or adulteration - Sec. 26(1) 
EAT BKK THAI KITCHEN,2022-09-07,C - Crucial,43.75926,-79.41069,Store ice in unsanitary manner - Sec.  26(5) 
EAT BKK THAI KITCHEN,2022-10-05,C - Crucial,43.75926,-79.41069,Fail to protect food from contamination or adulteration - Sec. 26(1) 
EAT BKK THAI KITCHEN,2022-10-05,C - Crucial,43.75926,-79.41069,Store potentially hazardous foods at internal temperature between 4 C and 60 C - Sec. 27(1)
EAT LUNCH,2023-03-10,C - Crucial,43.70245,-79.45651,Store potentially hazardous foods at internal temperature between 4 C and 60 C - Sec. 27(1)
ECHO SUSHI,2024-04-19,C - Crucial,43.70127,-79.39753,Food premise maintained in manner permitting adverse effect on food - Sec. 7(1)(a)(iii) 
ECHO SUSHI,2024-04-19,C - Crucial,43.70127,-79.39753,Fail to protect food from contamination or adulteration - Sec. 26(1) 
EDGE BBQ & GRILL FILIPINO CUISINE,2023-02-24,C - Crucial,43.82716,-79.29117,Food premise maintained in manner permitting adverse effect on food - Sec. 7(1)(a)(iii) 
EDGE BBQ & GRILL FILIPINO CUISINE,2023-02-24,C - Crucial,43.82716,-79.29117,Store potentially hazardous foods at internal temperature between 4 C and 60 C - Sec. 27(1)
EGGSMART,2023-03-21,C - Crucial,43.66245,-79.42448,Fail to protect food from contamination or adulteration - Sec. 26(1) 
EGGSTATIC,2023-07-20,C - Crucial,43.7055,-79.37539,Fail to ensure food handler in food premise refrains from conduct that could result in contamination of food areas - Sec. 33(1)(h) 
EHWA,2023-08-24,C - Crucial,43.66794,-79.385,Store potentially hazardous foods at internal temperature between 4 C and 60 C - Sec. 27(1)
EHWA,2023-08-24,C - Crucial,43.66794,-79.385,Food premise maintained in manner permitting adverse effect on food - Sec. 7(1)(a)(iii) 
EL NOUR HALAL PIZZA & WINGS,2023-08-31,C - Crucial,43.69117,-79.47125,Fail to protect food from contamination or adulteration - Sec. 26(1) 
EL RINCON GUERRERENSE,2024-01-29,C - Crucial,43.72227,-79.23533,Fail to protect food from contamination or adulteration - Sec. 26(1) 
EL SAZON DE LA TIA FLOR,2023-02-07,C - Crucial,43.69683,-79.44627,Store potentially hazardous foods at internal temperature between 4 C and 60 C - Sec. 27(1)
EL SAZON MEXICANO,2023-03-20,C - Crucial,43.67716,-79.44774,Fail to protect food from contamination or adulteration - Sec. 26(1) 
EL VENEZOLANO 2,2022-08-04,C - Crucial,43.67985,-79.34134,Handle ice in unsanitary manner - Sec.  26(5) 
EL VENEZOLANO 2,2023-11-23,C - Crucial,43.67985,-79.34134,Refrigerate potentially hazardous foods at internal temperature above 4 C - Sec. 30(a)
ELEMENT LOUNGE & RESTAURANT,2022-08-11,C - Crucial,43.75697,-79.52863,Fail to protect food from contamination or adulteration - Sec. 26(1) 
ELEMENT LOUNGE & RESTAURANT,2022-08-11,C - Crucial,43.75697,-79.52863,Handle ice in unsanitary manner - Sec.  26(5) 
ELFS STUCCO EMPLOYERS SOCIETY,2024-02-16,C - Crucial,43.76357,-79.48945,Maintain potentially hazardous foods at internal temperature between 4 C and 60 C -  Sec. 27(1)
ELMER'S FINE FOODS,2023-10-27,C - Crucial,43.68868,-79.34832,Store ice in unsanitary manner - Sec.  26(5) 
ELMER'S FINE FOODS,2023-10-27,C - Crucial,43.68868,-79.34832,Fail to protect food from contamination or adulteration - Sec. 26(1) 
ELMER'S FINE FOODS,2023-10-27,C - Crucial,43.68868,-79.34832,Display potentially hazardous foods at internal temperature between 4 C and 60 C - Sec. 27(1)
EMBASSY RESTAURANT SAMOSA KING TAKE OUT,2023-11-15,C - Crucial,43.81041,-79.25698,Maintain potentially hazardous foods at internal temperature between 4 C and 60 C -  Sec. 27(1)
EMBASSY RESTAURANT SAMOSA KING TAKE OUT,2023-11-15,C - Crucial,43.81041,-79.25698,Fail to protect food from contamination or adulteration - Sec. 26(1) 
EMBASSY RESTAURANT SAMOSA KING TAKE OUT,2024-04-05,C - Crucial,43.81041,-79.25698,Maintain potentially hazardous foods at internal temperature between 4 C and 60 C -  Sec. 27(1)
EMEYE INJERA & MINI  MART VARIETY,2023-03-08,C - Crucial,43.69145,-79.47062,Fail to ensure room kept free from live birds or animals - Sec. 14(1)
EMPIRE BAKERY,2022-11-22,C - Crucial,43.77947,-79.48073,Fail to ensure food handler in food premise washes hands as necessary to prevent contamination of food - Sec. 33(1)(e) 
EMPIRE BAKERY,2022-11-22,C - Crucial,43.77947,-79.48073,Fail to protect food from contamination or adulteration - Sec. 26(1) 
EPOCHAL IMP,2024-04-10,C - Crucial,43.67623,-79.35778,Fail to ensure room kept free from live birds or animals - Sec. 14(1)
"ESTHER, QUEEN OF SOUPS",2023-02-01,C - Crucial,43.67041,-79.38723,Maintain potentially hazardous foods at internal temperature between 4 C and 60 C -  Sec. 27(1)
ESTO ES COLOMBIA RESTAURANT,2023-10-24,C - Crucial,43.70665,-79.45344,Fail to protect food from contamination or adulteration - Sec. 26(1) 
ESTO ES COLOMBIA RESTAURANT,2023-10-24,C - Crucial,43.70665,-79.45344,Fail to ensure food handler in food premise washes hands as necessary to prevent contamination of food - Sec. 33(1)(e) 
ETOBICOKE DANFORTH FOOD MARKET,2023-05-05,C - Crucial,43.75133,-79.59947,Fail to protect food from contamination or adulteration - Sec. 26(1) 
ETOBICOKE DANFORTH FOOD MARKET,2024-06-03,C - Crucial,43.75133,-79.59947,Display potentially hazardous foods at internal temperature between 4 C and 60 C - Sec. 27(1)
EVERBEST BAKERY,2023-09-07,C - Crucial,43.80923,-79.26932,Offer for sale potentially hazardous foods at internal temperature between 4 C and 60 C - Sec. 27(1)
EVERBEST BAKERY,2023-09-07,C - Crucial,43.80923,-79.26932,Fail to protect food from contamination or adulteration - Sec. 26(1) 
EVVIVA RESTAURANT,2024-04-05,C - Crucial,43.64115,-79.38307,Store potentially hazardous foods at internal temperature between 4 C and 60 C - Sec. 27(1)
EXTENDICARE SCARBOROUGH,2023-09-11,C - Crucial,43.76359,-79.21059,Maintain potentially hazardous foods at internal temperature between 4 C and 60 C -  Sec. 27(1)
East Court & Mike's BBQ,2023-01-23,C - Crucial,43.78789,-79.26988,Display potentially hazardous foods at internal temperature between 4 C and 60 C - Sec. 27(1)
East Court & Mike's BBQ,2023-01-23,C - Crucial,43.78789,-79.26988,Fail to protect food from contamination or adulteration - Sec. 26(1) 
Eraa Supermarket,2023-02-21,C - Crucial,43.81773,-79.22304,Fail to protect food from contamination or adulteration - Sec. 26(1) 
Eraa Supermarket,2023-02-21,C - Crucial,43.81773,-79.22304,Store potentially hazardous foods at internal temperature between 4 C and 60 C - Sec. 27(1)
FAHRENHEIT COFFEE,2023-09-14,C - Crucial,43.6435,-79.39352,Store ice in unsanitary manner - Sec.  26(5) 
FAIRBANK PUBLIC SCHOOL,2023-04-26,C - Crucial,43.69436,-79.44942,Store potentially hazardous foods at internal temperature between 4 C and 60 C - Sec. 27(1)
FAM - FOOD & MASTI,2023-10-04,C - Crucial,43.69235,-79.28251,Store potentially hazardous foods at internal temperature between 4 C and 60 C - Sec. 27(1)
FAM - FOOD & MASTI,2023-10-04,C - Crucial,43.69235,-79.28251,Food premise maintained in manner permitting adverse effect on food - Sec. 7(1)(a)(iii) 
FAM - FOOD & MASTI,2023-10-04,C - Crucial,43.69235,-79.28251,Fail to protect food from contamination or adulteration - Sec. 26(1) 
FAMOUS INDIAN SUPERMARKET,2024-03-06,C - Crucial,43.72199,-79.30349,Fail to protect food from contamination or adulteration - Sec. 26(1) 
FARM BOY,2024-03-06,C - Crucial,43.65798,-79.32992,Fail to protect food from contamination or adulteration - Sec. 26(1) 
FARM FRESH SUPERMARKET,2022-09-16,C - Crucial,43.78898,-79.26686,Display potentially hazardous foods at internal temperature between 4 C and 60 C - Sec. 27(1)
FARM FRESH SUPERMARKET,2022-09-16,C - Crucial,43.78898,-79.26686,Fail to protect food from contamination or adulteration - Sec. 26(1) 
FARM FRESH SUPERMARKET,2023-04-25,C - Crucial,43.78898,-79.26686,Fail to protect food from contamination or adulteration - Sec. 26(1) 
FARM FRESH SUPERMARKET,2024-03-04,C - Crucial,43.78898,-79.26686,Display potentially hazardous foods at internal temperature between 4 C and 60 C - Sec. 27(1)
FARM FRESH SUPERMARKET,2024-03-04,C - Crucial,43.78898,-79.26686,Fail to protect food from contamination or adulteration - Sec. 26(1) 
FARM FRESH SUPERMARKET,2024-03-04,C - Crucial,43.78898,-79.26686,Fail to ensure food handler in food premise washes hands as necessary to prevent contamination of food areas - Sec.  33(1)(e)
FARMHOUSE PRIVATE KITCHEN,2022-11-24,C - Crucial,43.79796,-79.27118,Fail to ensure food handler in food premise refrains from conduct that could result in contamination of food - Sec. 33(1)(h) 
FARNEEM CONVENIENCE,2023-10-03,C - Crucial,43.6798,-79.48202,Hot-holding potentially hazardous foods at internal temperature below 60 C - Sec. 30(a)
FAT BASTARD BURRITO,2023-07-11,C - Crucial,43.67237,-79.3779,Store potentially hazardous foods at internal temperature between 4 C and 60 C - Sec. 27(1)
FBI PIZZA,2022-09-20,C - Crucial,43.61676,-79.48801,Maintain potentially hazardous foods at internal temperature between 4 C and 60 C -  Sec. 27(1)
FBI PIZZA,2022-09-20,C - Crucial,43.61676,-79.48801,Fail to protect food from contamination or adulteration - Sec. 26(1) 
FEED SCARBOROUGH,2024-04-30,C - Crucial,43.77535,-79.17929,Food premise maintained in manner permitting health hazard (Rodents) - Sec. 7(1)(a)(i)    
FIFE HOUSE FOUNDATION - HUNTLEY THP,2023-10-03,C - Crucial,43.66873,-79.37764,Store potentially hazardous foods at internal temperature between 4 C and 60 C - Sec. 27(1)
FIRGROVE PUBLIC SCHOOL,2023-03-07,C - Crucial,43.75201,-79.51991,Store potentially hazardous foods at internal temperature between 4 C and 60 C - Sec. 27(1)
FIRKIN ON BAY ST,2023-03-27,C - Crucial,43.66717,-79.38802,Fail to protect food from contamination or adulteration - Sec. 26(1) 
FIRST BOOST NUTRITION STUDIO,2023-03-30,C - Crucial,43.7758,-79.17294,Fail to ensure room kept free from live birds or animals - Sec. 14(1)
FIRST CLASS DELITES,2023-10-25,C - Crucial,43.68706,-79.49025,Fail to protect food from contamination or adulteration - Sec. 26(1) 
FIVE GUYS BURGERS AND FRIES,2024-04-05,C - Crucial,43.70623,-79.36101,Fail to ensure food handler in food premise washes hands as necessary to prevent contamination of food - Sec. 33(1)(e) 
FLAVOR BANGLA,2024-06-12,C - Crucial,43.70515,-79.28861,Maintain potentially hazardous foods at internal temperature between 4 C and 60 C -  Sec. 27(1)
FOOD HALL,2023-05-08,C - Crucial,43.66665,-79.35387,Hot-holding potentially hazardous foods at internal temperature below 60 C - Sec. 30(a)
FOODIEEZ INDIAN AND HAKKA CUISINE,2023-04-26,C - Crucial,43.70016,-79.43077,Fail to protect food from contamination or adulteration - Sec. 26(1) 
FOREST HILL FARMHOUSE,2024-01-17,C - Crucial,43.66249,-79.33483,Offer for sale potentially hazardous foods at internal temperature between 4 C and 60 C - Sec. 27(1)
FOREST HILL FARMHOUSE,2024-01-17,C - Crucial,43.66249,-79.33483,Fail to protect food from contamination or adulteration - Sec. 26(1) 
FOREST HILL PLACE,2024-01-08,C - Crucial,43.70625,-79.42524,Food premise maintained in manner to permit contamination of single-service articles - Sec. 7(1)(h)  
FOREST HILL PLACE,2024-01-08,C - Crucial,43.70625,-79.42524,Fail to protect food from contamination or adulteration - Sec. 26(1) 
FORMOCHA,2023-01-23,C - Crucial,43.70692,-79.39608,Fail to protect food from contamination or adulteration - Sec. 26(1) 
FORTUNE SEAFOOD RESTAURANT,2023-03-06,C - Crucial,43.81403,-79.29152,Maintain potentially hazardous foods at internal temperature between 4 C and 60 C -  Sec. 27(1)
FORTUNE SEAFOOD RESTAURANT,2023-03-06,C - Crucial,43.81403,-79.29152,Fail to protect food from contamination or adulteration - Sec. 26(1) 
FORTUNE SEAFOOD RESTAURANT,2023-11-09,C - Crucial,43.81403,-79.29152,Fail to protect food from contamination or adulteration - Sec. 26(1) 
FORTUNE SEAFOOD RESTAURANT,2023-11-09,C - Crucial,43.81403,-79.29152,Maintain potentially hazardous foods at internal temperature between 4 C and 60 C -  Sec. 27(1)
FORTUNE SEAFOOD RESTAURANT,2023-11-09,C - Crucial,43.81403,-79.29152,Store ice in unsanitary manner - Sec.  26(5) 
FOUR SEASONS RESTAURANT,2022-12-13,C - Crucial,43.77057,-79.33465,Fail to ensure food handler in food premise refrains from conduct that could result in contamination of food - Sec. 33(1)(h) 
FOUR SEASONS RESTAURANT,2022-12-13,C - Crucial,43.77057,-79.33465,Maintain potentially hazardous foods at internal temperature between 4 C and 60 C -  Sec. 27(1)
FOUR SEASONS RESTAURANT,2023-04-05,C - Crucial,43.77057,-79.33465,Fail to protect food from contamination or adulteration - Sec. 26(1) 
FOUR SEASONS RESTAURANT,2024-04-03,C - Crucial,43.77057,-79.33465,Fail to protect food from contamination or adulteration - Sec. 26(1) 
FOUR SEASONS RESTAURANT,2024-04-03,C - Crucial,43.77057,-79.33465,Store potentially hazardous foods at internal temperature between 4 C and 60 C - Sec. 27(1)
FOX & FIDDLE,2023-07-20,C - Crucial,43.64007,-79.39406,Fail to ensure food handler in food premise refrains from conduct that could result in contamination of food areas - Sec. 33(1)(h) 
FRAIS BAKERY,2024-03-04,C - Crucial,43.78898,-79.26686,Fail to protect food from contamination or adulteration - Sec. 26(1) 
FRAN'S RESTAURANT,2022-07-25,C - Crucial,43.65452,-79.37913,Fail to protect food from contamination or adulteration - Sec. 26(1) 
FRANCOBOLLO,2022-08-10,C - Crucial,43.73445,-79.41941,Store potentially hazardous foods at internal temperature between 4 C and 60 C - Sec. 27(1)
FRANCOBOLLO,2022-08-18,C - Crucial,43.73445,-79.41941,Store potentially hazardous foods at internal temperature between 4 C and 60 C - Sec. 27(1)
FRANKIES BAR & CAFE,2023-07-12,C - Crucial,43.64436,-79.41844,Fail to protect food from contamination or adulteration - Sec. 26(1) 
FRANKIES BAR & CAFE,2023-07-12,C - Crucial,43.64436,-79.41844,Store potentially hazardous foods at internal temperature between 4 C and 60 C - Sec. 27(1)
FRENCH MADE,2023-10-26,C - Crucial,43.64603,-79.3923,Maintain potentially hazardous foods at internal temperature between 4 C and 60 C -  Sec. 27(1)
FRESH & WILD,2023-01-16,C - Crucial,43.64551,-79.39489,Fail to ensure storage shelves designed to protect against contamination - Sec. 31
FRESH BURGER,2023-07-27,C - Crucial,43.76685,-79.41197,Store potentially hazardous foods at internal temperature between 4 C and 60 C - Sec. 27(1)
FRESH BURRITO,2022-10-20,C - Crucial,43.59753,-79.52088,Fail to ensure food handler in food premise washes hands as necessary to prevent contamination of food areas - Sec.  33(1)(e)
FRESH BUY MARKET,2023-04-03,C - Crucial,43.69858,-79.39639,Offer for sale potentially hazardous foods at internal temperature between 4 C and 60 C - Sec. 27(1)
FRESH BUY MARKET,2023-04-03,C - Crucial,43.69858,-79.39639,Fail to protect food from contamination or adulteration - Sec. 26(1) 
FRESH BUY MARKET,2023-08-09,C - Crucial,43.69858,-79.39639,Fail to protect food from contamination or adulteration - Sec. 26(1) 
FRESH BUY MARKET,2023-08-09,C - Crucial,43.69858,-79.39639,Offer for sale potentially hazardous foods at internal temperature between 4 C and 60 C - Sec. 27(1)
FRESH BUY MARKET,2023-08-09,C - Crucial,43.69858,-79.39639,Store potentially hazardous foods at internal temperature between 4 C and 60 C - Sec. 27(1)
FRESH FRUIT TEA,2024-02-20,C - Crucial,43.73792,-79.43462,Store ice in unsanitary manner - Sec.  26(5) 
FRESH ON CRAWFORD,2024-01-02,C - Crucial,43.64506,-79.41492,Store potentially hazardous foods at internal temperature between 4 C and 60 C - Sec. 27(1)
FRESH VALUE MARKET,2023-06-05,C - Crucial,43.71676,-79.55462,Operate food premise --- refrigeration equipment for potentially hazardous food not of sufficient size - Sec. 30(a)
FRESH VALUE MARKET,2023-06-05,C - Crucial,43.71676,-79.55462,Hot-holding potentially hazardous foods at internal temperature below 60 C - Sec. 30(a)
FRESH VALUE MARKET,2024-01-10,C - Crucial,43.71676,-79.55462,Fail to ensure storage racks designed to protect against contamination - Sec. 31
FRESH VALUE MARKET,2024-01-10,C - Crucial,43.71676,-79.55462,Display potentially hazardous foods at internal temperature between 4 C and 60 C - Sec. 27(1)
FRESHCO.,2023-02-08,C - Crucial,43.65991,-79.36617,Fail to protect food from contamination or adulteration - Sec. 26(1) 
FRESHII,2023-10-11,C - Crucial,43.64391,-79.40318,Food premise maintained in manner to permit contamination of single-service containers - Sec. 7(1)(h)  
FRESHLY SQUEEZED,2024-03-06,C - Crucial,43.76226,-79.41083,Fail to protect food from contamination or adulteration - Sec. 26(1) 
FRIEDMAN'S FRESH FISH,2023-05-08,C - Crucial,43.71818,-79.42918,Store ice in unsanitary manner - Sec.  26(5) 
FRIENDSHIP RESTAURANT,2022-08-22,C - Crucial,43.77603,-79.32228,Fail to protect food from contamination or adulteration - Sec. 26(1) 
FRIENDSHIP RESTAURANT,2023-08-18,C - Crucial,43.77603,-79.32228,Fail to protect food from contamination or adulteration - Sec. 26(1) 
FRITOU,2024-03-12,C - Crucial,43.74895,-79.55927,Fail to protect food from contamination or adulteration - Sec. 26(1) 
FRITOU,2024-03-12,C - Crucial,43.74895,-79.55927,Food premise maintained in manner to permit contamination of single-service articles - Sec. 7(1)(h)  
FRITOU,2024-03-12,C - Crucial,43.74895,-79.55927,Offer for sale potentially hazardous foods at internal temperature between 4 C and 60 C - Sec. 27(1)
FRUIT BASKET,2022-10-24,C - Crucial,43.69869,-79.39645,Offer for sale potentially hazardous foods at internal temperature between 4 C and 60 C - Sec. 27(1)
FRUIT BASKET,2022-10-24,C - Crucial,43.69869,-79.39645,Food premise maintained in manner to permit contamination of single-service articles - Sec. 7(1)(h)  
FRUIT BASKET,2023-03-30,C - Crucial,43.69869,-79.39645,Fail to protect food from contamination or adulteration - Sec. 26(1) 
FRUIT BASKET,2023-03-30,C - Crucial,43.69869,-79.39645,Food premise maintained in manner to permit contamination of single-service articles - Sec. 7(1)(h)  
FUN CHINESE FOOD,2023-05-09,C - Crucial,43.76048,-79.41103,Maintain potentially hazardous foods at internal temperature between 4 C and 60 C -  Sec. 27(1)
FUN CHINESE FOOD,2023-05-09,C - Crucial,43.76048,-79.41103,Fail to protect food from contamination or adulteration - Sec. 26(1) 
FUTURE BISTRO,2024-03-19,C - Crucial,43.66589,-79.40751,Food premise maintained in manner permitting adverse effect on food - Sec. 7(1)(a)(iii) 
FUWA FUWA,2022-08-09,C - Crucial,43.66603,-79.40792,Store potentially hazardous foods at internal temperature between 4 C and 60 C - Sec. 27(1)
FUWA FUWA,2023-02-06,C - Crucial,43.66603,-79.40792,Store potentially hazardous foods at internal temperature between 4 C and 60 C - Sec. 27(1)
FUWA FUWA,2023-02-06,C - Crucial,43.66603,-79.40792,Fail to protect food from contamination or adulteration - Sec. 26(1) 
FV FOODS,2023-03-09,C - Crucial,43.7456,-79.29261,Fail to protect food from contamination or adulteration - Sec. 26(1) 
Family Restaurant Wok & Fortune,2024-01-19,C - Crucial,43.73941,-79.23811,Fail to protect food from contamination or adulteration - Sec. 26(1) 
Family Restaurant Wok & Fortune,2024-01-19,C - Crucial,43.73941,-79.23811,Food premise maintained in manner to permit contamination of single-service containers - Sec. 7(1)(h)  
Field Fresh Supermarket,2023-04-24,C - Crucial,43.8322,-79.26616,Display potentially hazardous foods at internal temperature between 4 C and 60 C - Sec. 27(1)
Field Fresh Supermarket,2023-09-06,C - Crucial,43.8322,-79.26616,Fail to protect food from contamination or adulteration - Sec. 26(1) 
Flaming Kitchen,2022-10-31,C - Crucial,43.80514,-79.28761,Maintain potentially hazardous foods at internal temperature between 4 C and 60 C -  Sec. 27(1)
Fuji Lamb House,2023-03-07,C - Crucial,43.80429,-79.33138,Fail to protect food from contamination or adulteration - Sec. 26(1) 
Fuji Lamb House,2023-08-29,C - Crucial,43.80429,-79.33138,Fail to protect food from contamination or adulteration - Sec. 26(1) 
GABBY'S,2022-07-06,C - Crucial,43.66572,-79.47031,Refrigerate potentially hazardous foods at internal temperature above 4 C - Sec. 30(a)
GABBY'S,2023-11-14,C - Crucial,43.64406,-79.44804,Store potentially hazardous foods at internal temperature between 4 C and 60 C - Sec. 27(1)
GABBY'S,2023-11-14,C - Crucial,43.64406,-79.44804,Fail to protect food from contamination or adulteration - Sec. 26(1) 
GABBY'S BISTRO,2023-01-20,C - Crucial,43.70928,-79.38498,Store ice in unsanitary manner - Sec.  26(5) 
GALAXY BAR AND GRILL,2024-04-17,C - Crucial,43.74143,-79.22562,Handle ice in unsanitary manner - Sec.  26(5) 
GALAXY BAR AND GRILL,2024-04-17,C - Crucial,43.74143,-79.22562,Fail to protect food from contamination or adulteration - Sec. 26(1) 
GALAXY T & T,2022-07-11,C - Crucial,43.65868,-79.44074,Fail to protect food from contamination or adulteration - Sec. 26(1) 
GALLERIA SUPERMARKET,2023-05-15,C - Crucial,43.75431,-79.34959,Maintain potentially hazardous foods at internal temperature between 4 C and 60 C -  Sec. 27(1)
GALO DO SARDINHA CHURRASQUEIRA,2023-01-17,C - Crucial,43.68772,-79.43875,Store potentially hazardous foods at internal temperature between 4 C and 60 C - Sec. 27(1)
GALO DO SARDINHA CHURRASQUEIRA,2024-02-12,C - Crucial,43.68772,-79.43875,Maintain potentially hazardous foods at internal temperature between 4 C and 60 C -  Sec. 27(1)
GALO DO SARDINHA CHURRASQUEIRA,2024-02-12,C - Crucial,43.68772,-79.43875,Fail to protect food from contamination or adulteration - Sec. 26(1) 
GARDEN GATE RESTAURANT,2023-11-09,C - Crucial,43.6725,-79.28735,Fail to protect food from contamination or adulteration - Sec. 26(1) 
GARDEN VALLEY PRODUCE INC,2022-12-07,C - Crucial,43.72103,-79.31319,Fail to ensure room kept free from live birds or animals - Sec. 14(1)
GARDEN VALLEY PRODUCE INC,2023-06-15,C - Crucial,43.72103,-79.31319,Fail to ensure room kept free from live birds or animals - Sec. 14(1)
GARLEEK KITCHEN,2022-11-28,C - Crucial,43.64031,-79.438,Fail to protect food from contamination or adulteration - Sec. 26(1) 
GAUTAMA,2023-11-03,C - Crucial,43.67238,-79.32286,Fail to protect food from contamination or adulteration - Sec. 26(1) 
GAUTAMA,2023-11-03,C - Crucial,43.67238,-79.32286,Fail to ensure storage racks designed to protect against contamination - Sec. 31
GAUTAMA,2023-11-17,C - Crucial,43.67238,-79.32286,Fail to protect food from contamination or adulteration - Sec. 26(1) 
GB HAND-PULLED NOODLES,2023-07-26,C - Crucial,43.6567,-79.38389,Store potentially hazardous foods at internal temperature between 4 C and 60 C - Sec. 27(1)
GELATO SHACK,2023-03-24,C - Crucial,43.70436,-79.34982,Refrigerate potentially hazardous foods at internal temperature above 4 C - Sec. 30(a)
GELATO SHACK,2023-07-24,C - Crucial,43.70436,-79.34982,Store potentially hazardous foods at internal temperature between 4 C and 60 C - Sec. 27(1)
GELATO SHACK,2023-10-19,C - Crucial,43.70436,-79.34982,Store potentially hazardous foods at internal temperature between 4 C and 60 C - Sec. 27(1)
GEORGE THE GREEK,2022-08-11,C - Crucial,43.59415,-79.53405,Fail to protect food from contamination or adulteration - Sec. 26(1) 
GEORGE'S FOOD STORE,2022-08-22,C - Crucial,43.70767,-79.50544,Store potentially hazardous foods at internal temperature between 4 C and 60 C - Sec. 27(1)
GEORGIAN HOUSE AUTHENTIC RESTAURANT,2024-04-26,C - Crucial,43.76799,-79.47178,Fail to protect food from contamination or adulteration - Sec. 26(1) 
GET & GO BURRITO,2023-04-25,C - Crucial,43.72689,-79.48076,Fail to protect food from contamination or adulteration - Sec. 26(1) 
GH NOODLE,2023-04-19,C - Crucial,43.66565,-79.38674,Fail to protect food from contamination or adulteration - Sec. 26(1) 
GH NOODLE,2024-04-10,C - Crucial,43.66565,-79.38674,Fail to protect food from contamination or adulteration - Sec. 26(1) 
GHAROA RESTAURANT,2022-08-02,C - Crucial,43.69079,-79.29144,Maintain potentially hazardous foods at internal temperature between 4 C and 60 C -  Sec. 27(1)
GHOST KITCHEN,2023-06-19,C - Crucial,43.70465,-79.40634,Store ice in unsanitary manner - Sec.  26(5) 
GHOST KITCHEN,2023-10-03,C - Crucial,43.70465,-79.40634,Store potentially hazardous foods at internal temperature between 4 C and 60 C - Sec. 27(1)
GHOST KITCHEN,2023-10-03,C - Crucial,43.70465,-79.40634,Food premise maintained in manner permitting adverse effect on food - Sec. 7(1)(a)(iii) 
GHOST KITCHEN,2024-02-14,C - Crucial,43.70465,-79.40634,Food premise maintained in manner permitting adverse effect on food - Sec. 7(1)(a)(iii) 
GHOST KITCHENS,2024-04-16,C - Crucial,43.74486,-79.29615,Maintain potentially hazardous foods at internal temperature between 4 C and 60 C -  Sec. 27(1)
GIANNI'S PASTA,2024-02-14,C - Crucial,43.68383,-79.34641,Fail to protect food from contamination or adulteration - Sec. 26(1) 
GINGER RESTAURANT,2023-04-12,C - Crucial,43.66917,-79.38603,Refrigerate potentially hazardous foods at internal temperature above 4 C - Sec. 30(a)
GINGER RESTAURANT,2023-04-12,C - Crucial,43.66917,-79.38603,Fail to protect food from contamination or adulteration - Sec. 26(1) 
GINGER RESTAURANT,2024-05-03,C - Crucial,43.65036,-79.38923,Fail to ensure food handler in food premise refrains from conduct that could result in contamination of food areas - Sec. 33(1)(h) 
GINO'S PIZZA & WING MACHINE,2024-03-05,C - Crucial,43.74915,-79.55934,Fail to ensure storage racks designed to protect against contamination - Sec. 31
GINO'S PIZZA & WING MACHINE,2024-03-05,C - Crucial,43.74915,-79.55934,Fail to ensure food handler in food premise washes hands as necessary to prevent contamination of food - Sec. 33(1)(e) 
GINZA SUSHI,2024-05-22,C - Crucial,43.78804,-79.38107,Store ice in unsanitary manner - Sec.  26(5) 
GIO CHA HUONG QUE,2024-03-28,C - Crucial,43.74655,-79.52479,Maintain potentially hazardous foods at internal temperature between 4 C and 60 C -  Sec. 27(1)
GIO CHA HUONG QUE,2024-03-28,C - Crucial,43.74655,-79.52479,Fail to protect food from contamination or adulteration - Sec. 26(1) 
GIO CHA HUONG QUE,2024-03-28,C - Crucial,43.74655,-79.52479,Fail to ensure food handler in food premise washes hands as necessary to prevent contamination of food - Sec. 33(1)(e) 
GOLDEN CHICKEN MEAT WHOLESALE LTD.,2022-10-20,C - Crucial,43.81942,-79.25311,Maintain potentially hazardous foods at internal temperature between 4 C and 60 C -  Sec. 27(1)
GOLDEN DINER FAMILY RESTAURANT,2022-07-07,C - Crucial,43.66204,-79.37736,Fail to protect food from contamination or adulteration - Sec. 26(1) 
GOLDEN DINER FAMILY RESTAURANT,2024-03-27,C - Crucial,43.66204,-79.37736,Fail to protect food from contamination or adulteration - Sec. 26(1) 
GOLDEN EGGS,2023-08-01,C - Crucial,43.63904,-79.38577,Fail to ensure food handler in food premise refrains from conduct that could result in contamination of food - Sec. 33(1)(h) 
GONG CHA,2023-05-17,C - Crucial,43.66542,-79.38436,Fail to protect food from contamination or adulteration - Sec. 26(1) 
GONG CHA,2023-05-17,C - Crucial,43.66542,-79.38436,Fail to obtain food from source subject to inspection - Sec. 29(1)  
GONG CHA,2023-05-01,C - Crucial,43.67761,-79.35037,Fail to protect food from contamination or adulteration - Sec. 26(1) 
GOOD BROTHERS BBQ,2023-03-02,C - Crucial,43.65326,-79.39697,Fail to ensure food handler in food premise refrains from conduct that could result in contamination of food areas - Sec. 33(1)(h) 
GOOD BROTHERS BBQ,2023-03-02,C - Crucial,43.65326,-79.39697,Fail to ensure food safety procedures in relation to manufactured meat products followed - Sec. 34(4) 
GOOD BROTHERS BBQ,2023-08-11,C - Crucial,43.65326,-79.39697,Fail to protect food from contamination or adulteration - Sec. 26(1) 
GOOD BROTHERS BBQ,2023-08-11,C - Crucial,43.65326,-79.39697,Maintain potentially hazardous foods at internal temperature between 4 C and 60 C -  Sec. 27(1)
GOOD LUCK HONGKONG CAFE,2022-07-28,C - Crucial,43.77857,-79.41489,Store potentially hazardous foods at internal temperature between 4 C and 60 C - Sec. 27(1)
GOOD SHELTER FOOD COMPANY,2024-05-29,C - Crucial,43.68718,-79.34761,Store potentially hazardous foods at internal temperature between 4 C and 60 C - Sec. 27(1)
GOOD TASTE,2023-10-24,C - Crucial,43.77066,-79.41295,Fail to protect food from contamination or adulteration - Sec. 26(1) 
GOOD TASTE,2023-10-24,C - Crucial,43.77066,-79.41295,Fail to ensure food handler in food premise washes hands as necessary to prevent contamination of food - Sec. 33(1)(e) 
GOOD TASTE & VARIETY,2022-11-30,C - Crucial,43.78659,-79.27669,Maintain potentially hazardous foods at internal temperature between 4 C and 60 C -  Sec. 27(1)
GOURMET KITCHEN,2023-07-11,C - Crucial,43.82188,-79.29921,Refrigerate potentially hazardous foods at internal temperature above 4 C - Sec. 30(a)
GOURMET KITCHEN,2023-12-01,C - Crucial,43.82188,-79.29921,Fail to protect food from contamination or adulteration - Sec. 26(1) 
GOVINDA'S VEGETARIAN CUISINE,2022-08-05,C - Crucial,43.677,-79.39709,Fail to protect food from contamination or adulteration - Sec. 26(1) 
GOVINDA'S VEGETARIAN CUISINE,2023-09-06,C - Crucial,43.677,-79.39709,Store potentially hazardous foods at internal temperature between 4 C and 60 C - Sec. 27(1)
GRILLIES,2022-10-14,C - Crucial,43.70524,-79.37534,Store ice in unsanitary manner - Sec.  26(5) 
GRILLIES,2023-08-01,C - Crucial,43.75986,-79.2262,Store potentially hazardous foods at internal temperature between 4 C and 60 C - Sec. 27(1)
GRODZINSKI,2023-03-06,C - Crucial,43.72791,-79.43134,Fail to protect food from contamination or adulteration - Sec. 26(1) 
GRODZINSKI,2023-03-06,C - Crucial,43.72791,-79.43134,Refrigerate potentially hazardous foods at internal temperature above 4 C - Sec. 30(a)
GUIREI JAPANESE RESTAURANT,2023-10-05,C - Crucial,43.63661,-79.39735,Fail to protect food from contamination or adulteration - Sec. 26(1) 
GUJRAT GRILL,2023-02-23,C - Crucial,43.72751,-79.2305,Store potentially hazardous foods at internal temperature between 4 C and 60 C - Sec. 27(1)
GUJRAT GRILL,2023-02-23,C - Crucial,43.72751,-79.2305,Fail to check recording thermometer temperature daily - Sec. 41(5)
GUJRAT GRILL,2022-08-16,C - Crucial,43.72751,-79.2305,Food premise maintained in manner permitting adverse effect on food - Sec. 7(1)(a)(iii) 
GUJRAT GRILL,2022-08-16,C - Crucial,43.72751,-79.2305,Maintain potentially hazardous foods at internal temperature between 4 C and 60 C -  Sec. 27(1)
GUJRAT GRILL,2022-08-16,C - Crucial,43.72751,-79.2305,Fail to protect food from contamination or adulteration - Sec. 26(1) 
GULLY,2023-08-16,C - Crucial,43.66544,-79.40908,Handle ice in unsanitary manner - Sec.  26(5) 
GUSCHL BAUER,2022-08-26,C - Crucial,43.6676,-79.38591,Fail to protect food from contamination or adulteration - Sec. 26(1) 
GUSCHL BAUER,2023-03-29,C - Crucial,43.6676,-79.38591,Store ice in unsanitary manner - Sec.  26(5) 
GUSCHL BAUER,2023-06-22,C - Crucial,43.6676,-79.38591,Store ice in unsanitary manner - Sec.  26(5) 
GYUKATSU KYOTO KATSUGYU,2023-01-05,C - Crucial,43.65688,-79.37621,Fail to protect food from contamination or adulteration - Sec. 26(1) 
Galata Dine-In,2023-03-21,C - Crucial,43.68048,-79.33848,Fail to protect food from contamination or adulteration - Sec. 26(1) 
Galata Dine-In,2023-08-22,C - Crucial,43.68048,-79.33848,Fail to protect food from contamination or adulteration - Sec. 26(1) 
Ginger and Onion Cuisine,2023-05-10,C - Crucial,43.82625,-79.27736,Fail to protect food from contamination or adulteration - Sec. 26(1) 
Ginger and Onion Cuisine,2023-09-19,C - Crucial,43.82625,-79.27736,Fail to protect food from contamination or adulteration - Sec. 26(1) 
Grandeur Palace,2022-12-06,C - Crucial,43.79796,-79.27118,Fail to protect food from contamination or adulteration - Sec. 26(1) 
Grandeur Palace,2023-04-21,C - Crucial,43.79796,-79.27118,Fail to protect food from contamination or adulteration - Sec. 26(1) 
Grandeur Palace,2024-04-25,C - Crucial,43.79796,-79.27118,Fail to protect food from contamination or adulteration - Sec. 26(1) 
HA GOW,2024-03-27,C - Crucial,43.68058,-79.3376,Fail to protect food from contamination or adulteration - Sec. 26(1) 
HA GOW,2024-03-27,C - Crucial,43.68058,-79.3376,Maintain potentially hazardous foods at internal temperature between 4 C and 60 C -  Sec. 27(1)
HADEN FAST FOOD,2022-10-07,C - Crucial,43.81403,-79.29152,Store potentially hazardous foods at internal temperature between 4 C and 60 C - Sec. 27(1)
HADEN FAST FOOD,2022-10-07,C - Crucial,43.81403,-79.29152,Fail to protect food from contamination or adulteration - Sec. 26(1) 
HADEN FAST FOOD,2022-10-11,C - Crucial,43.81403,-79.29152,Store potentially hazardous foods at internal temperature between 4 C and 60 C - Sec. 27(1)
HAKKA CHOPSTICKS,2022-10-21,C - Crucial,43.69035,-79.29309,Fail to protect food from contamination or adulteration - Sec. 26(1) 
HAKKA CHOPSTICKS,2022-10-21,C - Crucial,43.69035,-79.29309,Maintain potentially hazardous foods at internal temperature between 4 C and 60 C -  Sec. 27(1)
HAKKA CHOPSTICKS,2022-10-21,C - Crucial,43.69035,-79.29309,Food premise maintained in manner permitting adverse effect on food - Sec. 7(1)(a)(iii) 
HAKKA CHOPSTICKS,2024-01-26,C - Crucial,43.69035,-79.29309,Fail to protect food from contamination or adulteration - Sec. 26(1) 
HAKKA FLAME,2023-03-28,C - Crucial,43.67209,-79.32209,Food premise maintained in manner permitting adverse effect on food - Sec. 7(1)(a)(iii) 
HAKKA N' JERK,2023-02-13,C - Crucial,43.66215,-79.36674,Fail to protect food from contamination or adulteration - Sec. 26(1) 
HAKKA NO 1 RESTAURANT,2024-05-30,C - Crucial,43.7571,-79.31241,Maintain potentially hazardous foods at internal temperature between 4 C and 60 C -  Sec. 27(1)
HAKKA NO 1 RESTAURANT,2024-05-30,C - Crucial,43.7571,-79.31241,Fail to protect food from contamination or adulteration - Sec. 26(1) 
HAKKA NO.1 RESTAURANT,2024-03-13,C - Crucial,43.74876,-79.56153,Food premise maintained in manner to permit contamination of single-service containers - Sec. 7(1)(h)  
HAKKA NO.1 RESTAURANT,2024-03-13,C - Crucial,43.74876,-79.56153,Fail to protect food from contamination or adulteration - Sec. 26(1) 
HAKKA VILLAGE,2023-05-09,C - Crucial,43.79183,-79.24963,Fail to protect food from contamination or adulteration - Sec. 26(1) 
HALIBUT HOUSE FISH & CHIPS,2022-11-24,C - Crucial,43.77358,-79.32251,Handle ice in unsanitary manner - Sec.  26(5) 
HALIBUT HOUSE FISH & CHIPS,2022-11-24,C - Crucial,43.77358,-79.32251,Fail to ensure food handler in food premise refrains from conduct that could result in contamination of food - Sec. 33(1)(h) 
HANA SUSHI,2023-10-05,C - Crucial,43.6606,-79.43191,Fail to protect food from contamination or adulteration - Sec. 26(1) 
HANBINGO,2023-10-12,C - Crucial,43.65662,-79.39917,Fail to protect food from contamination or adulteration - Sec. 26(1) 
HARBOURVIEW CONVENIENCE,2022-11-24,C - Crucial,43.64318,-79.37699,Fail to ensure food handler in food premise refrains from conduct that could result in contamination of food - Sec. 33(1)(h) 
HARVEST GREEN,2024-01-23,C - Crucial,43.64574,-79.38715,Store potentially hazardous foods at internal temperature between 4 C and 60 C - Sec. 27(1)
HARVEY'S,2024-04-17,C - Crucial,43.74947,-79.27619,Store ice in unsanitary manner - Sec.  26(5) 
HAY SUSHI,2024-04-12,C - Crucial,43.76452,-79.40985,Fail to protect food from contamination or adulteration - Sec. 26(1) 
HAZUKIDO,2023-10-12,C - Crucial,43.73644,-79.34423,Fail to protect food from contamination or adulteration - Sec. 26(1) 
HERBY,2023-04-19,C - Crucial,43.67741,-79.35152,Fail to protect food from contamination or adulteration - Sec. 26(1) 
HERMES BAKERY,2022-06-28,C - Crucial,43.71415,-79.42825,Refrigerate potentially hazardous foods at internal temperature above 4 C - Sec. 30(a)
HERMES BAKERY,2023-08-10,C - Crucial,43.71415,-79.42825,Sell potentially hazardous foods at internal temperature between 4 C and 60 C - Sec. 27(1)
HERO CERTIFIED BURGERS,2024-02-23,C - Crucial,43.83557,-79.25386,Refrigerate potentially hazardous foods at internal temperature above 4 C - Sec. 30(a)
HERO CERTIFIED BURGERS,2022-08-11,C - Crucial,43.67048,-79.29916,Fail to protect food from contamination or adulteration - Sec. 26(1) 
HERO CERTIFIED BURGERS,2023-05-09,C - Crucial,43.74713,-79.38556,Store potentially hazardous foods at internal temperature between 4 C and 60 C - Sec. 27(1)
HERO CERTIFIED BURGERS,2022-08-10,C - Crucial,43.64971,-79.37813,Refrigerate potentially hazardous foods at internal temperature above 4 C - Sec. 30(a)
HI NA,2024-03-20,C - Crucial,43.62582,-79.5044,Food premise maintained in manner to permit contamination of single-service containers - Sec. 7(1)(h)  
HI NA,2024-03-20,C - Crucial,43.62582,-79.5044,Store potentially hazardous foods at internal temperature between 4 C and 60 C - Sec. 27(1)
HI NA,2024-03-20,C - Crucial,43.62582,-79.5044,Fail to protect food from contamination or adulteration - Sec. 26(1) 
HI NA,2024-03-20,C - Crucial,43.62582,-79.5044,Fail to ensure food handler in food premise washes hands as necessary to prevent contamination of food - Sec. 33(1)(e) 
HIDDEN GEMM VARIETY,2022-08-19,C - Crucial,43.69045,-79.35511,Fail to ensure room kept free from live birds or animals - Sec. 14(1)
HIGH PARK VILLA,2024-05-02,C - Crucial,43.65221,-79.47263,Fail to protect food from contamination or adulteration - Sec. 26(1) 
HOANG-VIET BAKERY COFFEE,2022-08-25,C - Crucial,43.76972,-79.52096,Fail to protect food from contamination or adulteration - Sec. 26(1) 
HOKKAIDO RAMEN SANTOUKA,2024-04-30,C - Crucial,43.70213,-79.39713,Store ice in unsanitary manner - Sec.  26(5) 
HOKKAIDO RAMEN SANTOUKA,2024-04-30,C - Crucial,43.70213,-79.39713,Fail to protect food from contamination or adulteration - Sec. 26(1) 
HOME SMITH BAR,2022-12-14,C - Crucial,43.65075,-79.49284,Fail to protect food from contamination or adulteration - Sec. 26(1) 
HONEST SCARBOROUGH,2024-02-06,C - Crucial,43.76809,-79.22722,Food premise maintained in manner to permit contamination of single-service containers - Sec. 7(1)(h)  
HONEST SCARBOROUGH,2024-02-06,C - Crucial,43.76809,-79.22722,Fail to protect food from contamination or adulteration - Sec. 26(1) 
HONEST SCARBOROUGH,2024-02-06,C - Crucial,43.76809,-79.22722,Store potentially hazardous foods at internal temperature between 4 C and 60 C - Sec. 27(1)
HONG FOOD KITCHEN,2023-05-26,C - Crucial,43.80659,-79.22201,Fail to protect food from contamination or adulteration - Sec. 26(1) 
HONG FOOD KITCHEN,2024-03-19,C - Crucial,43.80659,-79.22201,Food premise maintained in manner permitting health hazard - Sec. 7(1)(a)(i)    
HONGKONG ISLAND DIM SUM HOUSE,2022-09-08,C - Crucial,43.65163,-79.39777,Fail to ensure food handler in food premise refrains from conduct that could result in contamination of food - Sec. 33(1)(h) 
HONGKONG ISLAND DIM SUM HOUSE,2023-09-15,C - Crucial,43.65163,-79.39777,Food premise maintained in manner permitting adverse effect on food - Sec. 7(1)(a)(iii) 
HONGKONG ISLAND DIM SUM HOUSE,2023-09-15,C - Crucial,43.65163,-79.39777,Fail to ensure food handler in food premise washes hands as necessary to prevent contamination of food - Sec. 33(1)(e) 
HOTOPIA,2023-04-14,C - Crucial,43.8045,-79.28972,Maintain potentially hazardous foods at internal temperature between 4 C and 60 C -  Sec. 27(1)
HOTPOT 9,2022-06-23,C - Crucial,43.77052,-79.33137,Fail to protect food from contamination or adulteration - Sec. 26(1) 
HOTPOT 9,2022-06-23,C - Crucial,43.77052,-79.33137,Store ice in unsanitary manner - Sec.  26(5) 
HOUSE OF HALAL MEAT,2023-04-24,C - Crucial,43.70555,-79.34626,Fail to ensure food handler in food premise washes hands as necessary to prevent contamination of food - Sec. 33(1)(e) 
HOUSE OF HALAL MEAT,2023-05-09,C - Crucial,43.70555,-79.34626,Fail to protect food from contamination or adulteration - Sec. 26(1) 
HOUSE OF HALAL MEAT,2023-08-23,C - Crucial,43.70555,-79.34626,Store potentially hazardous foods at internal temperature between 4 C and 60 C - Sec. 27(1)
HOUSE OF HALAL MEAT,2023-08-23,C - Crucial,43.70555,-79.34626,Fail to protect food from contamination or adulteration - Sec. 26(1) 
HOUSE OF HALAL MEAT,2023-08-23,C - Crucial,43.70555,-79.34626,Fail to ensure food handler in food premise washes hands as necessary to prevent contamination of food - Sec. 33(1)(e) 
HOUSE OF WONG,2024-06-13,C - Crucial,43.7737,-79.18317,Fail to protect food from contamination or adulteration - Sec. 26(1) 
HUMBER COLLEGE - CULTURAL HUB,2023-03-29,C - Crucial,43.59724,-79.52035,Hot-holding potentially hazardous foods at internal temperature below 60 C - Sec. 30(a)
HUMBER COLLEGE - CULTURAL HUB,2023-03-29,C - Crucial,43.59724,-79.52035,Fail to protect food from contamination or adulteration - Sec. 26(1) 
HUMBER COLLEGE - CULTURAL HUB,2023-03-29,C - Crucial,43.59724,-79.52035,Store potentially hazardous foods at internal temperature between 4 C and 60 C - Sec. 27(1)
HUNAN CUISINE AND BAR,2024-02-27,C - Crucial,43.81067,-79.33817,Fail to protect food from contamination or adulteration - Sec. 26(1) 
HUNAN STYLE RESTAURANT,2022-08-30,C - Crucial,43.82188,-79.29921,Fail to protect food from contamination or adulteration - Sec. 26(1) 
HUNAN STYLE RESTAURANT,2022-08-30,C - Crucial,43.82188,-79.29921,Store potentially hazardous foods at internal temperature between 4 C and 60 C - Sec. 27(1)
HUNG FOOD COOKING,2023-01-24,C - Crucial,43.7869,-79.27435,Fail to ensure food handler in food premise washes hands as necessary to prevent contamination of food - Sec. 33(1)(e) 
HUNG FOOD COOKING,2023-12-18,C - Crucial,43.7869,-79.27435,Fail to protect food from contamination or adulteration - Sec. 26(1) 
HUNTERS LANDING,2023-07-24,C - Crucial,43.64003,-79.39677,Maintain potentially hazardous foods at internal temperature between 4 C and 60 C -  Sec. 27(1)
HYDERABAD BIRYANI HUT,2023-11-10,C - Crucial,43.77148,-79.25283,Refrigerate potentially hazardous foods at internal temperature above 4 C - Sec. 30(a)
Hakka No.1,2023-02-14,C - Crucial,43.72706,-79.26623,Fail to protect food from contamination or adulteration - Sec. 26(1) 
Harmony Restaurant,2023-08-03,C - Crucial,43.8231,-79.30111,Maintain potentially hazardous foods at internal temperature between 4 C and 60 C -  Sec. 27(1)
Ho Ho BBQ,2022-11-02,C - Crucial,43.81403,-79.29152,Store potentially hazardous foods at internal temperature between 4 C and 60 C - Sec. 27(1)
I BAKE,2023-01-18,C - Crucial,43.77759,-79.41465,Fail to ensure food handler in food premise washes hands as necessary to prevent contamination of food - Sec. 33(1)(e) 
ICHIBAN SUSHI,2023-07-31,C - Crucial,43.64354,-79.40501,Store potentially hazardous foods at internal temperature between 4 C and 60 C - Sec. 27(1)
ICHIBAN SUSHI,2023-07-31,C - Crucial,43.64354,-79.40501,Fail to ensure food handler in food premise washes hands as necessary to prevent contamination of food - Sec. 33(1)(e) 
IDUKKI GOLD,2023-02-01,C - Crucial,43.74496,-79.29824,Maintain potentially hazardous foods at internal temperature between 4 C and 60 C -  Sec. 27(1)
IDUKKI GOLD,2023-02-01,C - Crucial,43.74496,-79.29824,Fail to protect food from contamination or adulteration - Sec. 26(1) 
IDUKKI GOLD,2024-06-03,C - Crucial,43.74496,-79.29824,Fail to protect food from contamination or adulteration - Sec. 26(1) 
IKKOUSHA RAMEN,2022-08-02,C - Crucial,43.65025,-79.38877,Fail to protect food from contamination or adulteration - Sec. 26(1) 
IL FRESCO,2023-08-22,C - Crucial,43.72674,-79.23017,Food premise maintained in manner permitting adverse effect on food - Sec. 7(1)(a)(iii) 
IMPERFECT EATS,2022-06-24,C - Crucial,43.64773,-79.39186,Store potentially hazardous foods at internal temperature between 4 C and 60 C - Sec. 27(1)
IMPERFECT EATS,2022-06-24,C - Crucial,43.64773,-79.39186,Fail to protect food from contamination or adulteration - Sec. 26(1) 
IMPERFECT FRESH EATS,2024-05-09,C - Crucial,43.63822,-79.41725,Fail to ensure food handler in food premise washes hands as necessary to prevent contamination of food - Sec. 33(1)(e) 
IMPERIAL MANSION,2024-05-10,C - Crucial,43.80598,-79.33747,Fail to protect food from contamination or adulteration - Sec. 26(1) 
INDIAN DESIRE,2023-09-12,C - Crucial,43.66597,-79.40678,Fail to protect food from contamination or adulteration - Sec. 26(1) 
INDIAN RASOI,2023-10-02,C - Crucial,43.67208,-79.32199,Food premise maintained in manner permitting health hazard (Insects) - Sec. 7(1)(a)(i)    
INDRAPRASTHA INDIAN CUISINE LTD,2023-01-12,C - Crucial,43.75808,-79.23594,Refrigerate potentially hazardous foods at internal temperature above 4 C - Sec. 30(a)
INDUSTRY SNACK BAR,2023-11-30,C - Crucial,43.66495,-79.41302,Food premise maintained in manner permitting adverse effect on food - Sec. 7(1)(a)(iii) 
INIYA'S KITCHEN,2023-01-17,C - Crucial,43.75912,-79.57084,Fail to protect food from contamination or adulteration - Sec. 26(1) 
INIYA'S KITCHEN,2023-01-17,C - Crucial,43.75912,-79.57084,Store potentially hazardous foods at internal temperature between 4 C and 60 C - Sec. 27(1)
INIYA'S KITCHEN,2024-04-16,C - Crucial,43.75912,-79.57084,Offer for sale potentially hazardous foods at internal temperature between 4 C and 60 C - Sec. 27(1)
INIYA'S KITCHEN,2024-04-16,C - Crucial,43.75912,-79.57084,Fail to protect food from contamination or adulteration - Sec. 26(1) 
IQBAL KEBAB & SWEET CENTRE 2,2023-09-27,C - Crucial,43.77377,-79.34053,Fail to protect food from contamination or adulteration - Sec. 26(1) 
IRISH ROSE PUB,2023-05-12,C - Crucial,43.68624,-79.48756,Fail to protect food from contamination or adulteration - Sec. 26(1) 
IRYEWON,2024-06-17,C - Crucial,43.78539,-79.47676,Fail to ensure food handler in food premise refrains from conduct that could result in contamination of food - Sec. 33(1)(h) 
ISAAN DER,2023-08-11,C - Crucial,43.65921,-79.34915,Fail to ensure storage pallets designed to protect against contamination - Sec. 31
ISTANBUL FINE FOODS,2023-01-04,C - Crucial,43.75624,-79.4889,Fail to protect food from contamination or adulteration - Sec. 26(1) 
ISTANBUL FINE FOODS,2023-01-04,C - Crucial,43.75624,-79.4889,Maintain potentially hazardous foods at internal temperature between 4 C and 60 C -  Sec. 27(1)
ISTANBUL FINE FOODS,2023-06-07,C - Crucial,43.75624,-79.4889,Fail to protect food from contamination or adulteration - Sec. 26(1) 
ITS TEA,2022-10-28,C - Crucial,43.70476,-79.38847,Store ice in unsanitary manner - Sec.  26(5) 
Istanbul CafÃÂ© & Espresso Bar Corp,2023-04-18,C - Crucial,43.70804,-79.39313,Refrigerate potentially hazardous foods at internal temperature above 4 C - Sec. 30(a)
Istanbul CafÃ© & Espresso Bar Corp,2024-04-10,C - Crucial,43.70804,-79.39313,Food premise maintained in manner permitting adverse effect on food - Sec. 7(1)(a)(iii) 
Istanbul CafÃ© & Espresso Bar Corp,2024-04-10,C - Crucial,43.70804,-79.39313,Store ice in unsanitary manner - Sec.  26(5) 
J C CONVENIENCE (ROLL & ROLL),2023-01-18,C - Crucial,43.64934,-79.38714,Fail to protect food from contamination or adulteration - Sec. 26(1) 
J C CONVENIENCE (ROLL & ROLL),2024-02-12,C - Crucial,43.64934,-79.38714,Fail to protect food from contamination or adulteration - Sec. 26(1) 
JACE PINOY 2,2023-01-30,C - Crucial,43.72621,-79.48297,Fail to ensure food handler in food premise washes hands as necessary to prevent contamination of food - Sec. 33(1)(e) 
JACK ASTOR'S BAR & GRILL,2024-03-04,C - Crucial,43.73644,-79.34423,Store potentially hazardous foods at internal temperature between 4 C and 60 C - Sec. 27(1)
JACK ASTOR'S BAR & GRILL,2022-08-08,C - Crucial,43.65669,-79.38069,Fail to ensure food handler in food premise refrains from conduct that could result in contamination of food - Sec. 33(1)(h) 
JADOG AND THAI,2022-09-29,C - Crucial,43.8322,-79.26616,Fail to protect food from contamination or adulteration - Sec. 26(1) 
JAMROCK REGGAE JERK,2023-04-03,C - Crucial,43.73069,-79.46778,Handle ice in unsanitary manner - Sec.  26(5) 
JAVA JOE'S,2022-08-25,C - Crucial,43.76082,-79.41217,Fail to protect food from contamination or adulteration - Sec. 26(1) 
JAVA JOE'S,2022-08-25,C - Crucial,43.76082,-79.41217,Store potentially hazardous foods at internal temperature between 4 C and 60 C - Sec. 27(1)
JC FOOD LANE,2023-07-26,C - Crucial,43.64488,-79.3917,Store potentially hazardous foods at internal temperature between 4 C and 60 C - Sec. 27(1)
JC FOOD LANE,2023-07-26,C - Crucial,43.64488,-79.3917,Fail to protect food from contamination or adulteration - Sec. 26(1) 
JER'S,2024-01-12,C - Crucial,43.69779,-79.43962,Food premise maintained in manner permitting adverse effect on food - Sec. 7(1)(a)(iii) 
JER'S,2024-01-12,C - Crucial,43.69779,-79.43962,Maintain potentially hazardous foods at internal temperature between 4 C and 60 C -  Sec. 27(1)
JERK JERKS,2022-09-16,C - Crucial,43.69032,-79.49935,Store potentially hazardous foods at internal temperature between 4 C and 60 C - Sec. 27(1)
JERK KING,2022-07-15,C - Crucial,43.66015,-79.43462,Fail to protect food from contamination or adulteration - Sec. 26(1) 
JI XIAN GE,2023-04-04,C - Crucial,43.82713,-79.29128,Fail to protect food from contamination or adulteration - Sec. 26(1) 
JIAN BING CLUB,2023-05-11,C - Crucial,43.77553,-79.41525,Store potentially hazardous foods at internal temperature between 4 C and 60 C - Sec. 27(1)
JIMMY THE GREEK,2023-12-01,C - Crucial,43.64085,-79.37871,Refrigerate potentially hazardous foods at internal temperature above 4 C - Sec. 30(a)
JINZHOU NORTHERN BARBECUE,2022-11-15,C - Crucial,43.82188,-79.29921,Fail to protect food from contamination or adulteration - Sec. 26(1) 
JOE'S GROCERY,2024-05-29,C - Crucial,43.67015,-79.45588,Fail to protect food from contamination or adulteration - Sec. 26(1) 
JOEY YORKDALE,2023-07-12,C - Crucial,43.72608,-79.45147,Fail to protect food from contamination or adulteration - Sec. 26(1) 
JOEY YORKDALE,2023-07-12,C - Crucial,43.72608,-79.45147,Fail to ensure food handler in food premise washes hands as necessary to prevent contamination of food - Sec. 33(1)(e) 
JOEY YORKDALE,2023-07-12,C - Crucial,43.72608,-79.45147,Store ice in unsanitary manner - Sec.  26(5) 
JOLLIBEE,2022-07-25,C - Crucial,43.72749,-79.29391,Maintain potentially hazardous foods at internal temperature between 4 C and 60 C -  Sec. 27(1)
JOLLY BAR AND RESTAURANT,2023-04-13,C - Crucial,43.66259,-79.42409,Store ice in unsanitary manner - Sec.  26(5) 
JOLLY BAR AND RESTAURANT,2023-04-13,C - Crucial,43.66259,-79.42409,Fail to protect food from contamination or adulteration - Sec. 26(1) 
JOLLY BAR AND RESTAURANT,2023-04-13,C - Crucial,43.66259,-79.42409,Store potentially hazardous foods at internal temperature between 4 C and 60 C - Sec. 27(1)
JOLLYTOPS,2023-11-09,C - Crucial,43.73755,-79.43493,Maintain potentially hazardous foods at internal temperature between 4 C and 60 C -  Sec. 27(1)
JOY MART,2023-02-02,C - Crucial,43.77922,-79.41705,Fail to protect food from contamination or adulteration - Sec. 26(1) 
JSL THREESOME,2022-08-25,C - Crucial,43.78347,-79.29895,Refrigerate potentially hazardous foods at internal temperature above 4 C - Sec. 30(a)
JUICE & JAVA,2023-01-27,C - Crucial,43.67114,-79.29564,Fail to ensure storage pallets designed to protect against contamination - Sec. 31
JUICY BIRDS,2024-02-07,C - Crucial,43.67933,-79.34486,Fail to protect food from contamination or adulteration - Sec. 26(1) 
JUICY DUMPLING,2023-10-25,C - Crucial,43.70372,-79.39802,Maintain potentially hazardous foods at internal temperature between 4 C and 60 C -  Sec. 27(1)
JULIUS EVENT CENTRE,2024-02-16,C - Crucial,43.75243,-79.53662,Fail to ensure storage racks designed to protect against contamination - Sec. 31
JULIUS EVENT CENTRE,2024-02-16,C - Crucial,43.75243,-79.53662,Store ice in unsanitary manner - Sec.  26(5) 
JUZZ SUSHI,2023-06-02,C - Crucial,43.66058,-79.34306,Store potentially hazardous foods at internal temperature between 4 C and 60 C - Sec. 27(1)
JUZZ SUSHI,2023-06-02,C - Crucial,43.66058,-79.34306,Fail to protect food from contamination or adulteration - Sec. 26(1) 
Jacky's Seafood Restaurant,2022-11-02,C - Crucial,43.8093,-79.29035,Fail to protect food from contamination or adulteration - Sec. 26(1) 
Jacky's Seafood Restaurant,2023-08-11,C - Crucial,43.8093,-79.29035,Fail to protect food from contamination or adulteration - Sec. 26(1) 
K & B Sushi,2024-01-09,C - Crucial,43.6221,-79.52252,Fail to protect food from contamination or adulteration - Sec. 26(1) 
KABUL EXPRESS,2023-05-12,C - Crucial,43.65683,-79.37645,Fail to protect food from contamination or adulteration - Sec. 26(1) 
KABUL FRESH HALAL MEAT,2023-04-24,C - Crucial,43.80659,-79.22201,Fail to protect food from contamination or adulteration - Sec. 26(1) 
KACHIGUDA JUNCTION,2023-05-11,C - Crucial,43.6779,-79.34895,Fail to protect food from contamination or adulteration - Sec. 26(1) 
KALPANA'S SPICY PIZZA AND SPICY WINGS,2022-09-30,C - Crucial,43.81333,-79.238,Fail to protect food from contamination or adulteration - Sec. 26(1) 
KAMASUTRA,2024-04-04,C - Crucial,43.704,-79.37484,Store ice in unsanitary manner - Sec.  26(5) 
KANDAHAR KABAB,2023-03-28,C - Crucial,43.70555,-79.34626,"Fail to subject meat products to process to destroy bacteria, parasites and other forms of contamination - Sec. 36(1)  "
KANDAHAR KABAB,2023-03-28,C - Crucial,43.70555,-79.34626,Maintain potentially hazardous foods at internal temperature between 4 C and 60 C -  Sec. 27(1)
KANDAHAR KABAB,2023-03-28,C - Crucial,43.70555,-79.34626,Fail to ensure food handler in food premise washes hands as necessary to prevent contamination of food - Sec. 33(1)(e) 
KANDAHAR KABAB,2023-09-29,C - Crucial,43.70555,-79.34626,Fail to ensure food handler in food premise washes hands as necessary to prevent contamination of food - Sec. 33(1)(e) 
KARAHI BOYS,2022-11-02,C - Crucial,43.64643,-79.40688,Fail to protect food from contamination or adulteration - Sec. 26(1) 
KARAHI BOYS,2023-06-30,C - Crucial,43.64643,-79.40688,Maintain potentially hazardous foods at internal temperature between 4 C and 60 C -  Sec. 27(1)
KARAHI BOYS,2023-06-30,C - Crucial,43.64643,-79.40688,Fail to ensure food handler in food premise washes hands as necessary to prevent contamination of food areas - Sec.  33(1)(e)
KARAHI POINT,2024-02-16,C - Crucial,43.75243,-79.53662,Fail to protect food from contamination or adulteration - Sec. 26(1) 
KARAHI POINT,2022-07-21,C - Crucial,43.73799,-79.56627,Fail to protect food from contamination or adulteration - Sec. 26(1) 
KARAHI POINT,2023-02-27,C - Crucial,43.73799,-79.56627,Fail to protect food from contamination or adulteration - Sec. 26(1) 
KARAHI POINT,2023-03-13,C - Crucial,43.70774,-79.34451,Fail to protect food from contamination or adulteration - Sec. 26(1) 
KARAHI POINT,2023-03-13,C - Crucial,43.70774,-79.34451,Store potentially hazardous foods at internal temperature between 4 C and 60 C - Sec. 27(1)
KARAHI POINT,2023-03-13,C - Crucial,43.70774,-79.34451,Refrigerate potentially hazardous foods at internal temperature above 4 C - Sec. 30(a)
KARAHI POINT,2023-03-13,C - Crucial,43.70774,-79.34451,Handle ice in unsanitary manner - Sec.  26(5) 
KARAHI POINT,2023-08-15,C - Crucial,43.70774,-79.34451,Fail to protect food from contamination or adulteration - Sec. 26(1) 
KARNAVATI STREET FOOD & TIFFIN SERVICE,2023-07-07,C - Crucial,43.76293,-79.20967,Fail to protect food from contamination or adulteration - Sec. 26(1) 
KATSUYA,2023-01-23,C - Crucial,43.73146,-79.45905,Fail to protect food from contamination or adulteration - Sec. 26(1) 
KATSUYA,2023-08-09,C - Crucial,43.79001,-79.41844,Fail to protect food from contamination or adulteration - Sec. 26(1) 
KENNEDY LODGE,2024-05-08,C - Crucial,43.76268,-79.28064,Refrigerate potentially hazardous foods at internal temperature above 4 C - Sec. 30(a)
KENSINGTON NATURAL BAKERY,2023-07-26,C - Crucial,43.66565,-79.40921,Fail to protect food from contamination or adulteration - Sec. 26(1) 
KENSINGTON NATURAL BAKERY,2023-11-21,C - Crucial,43.66565,-79.40921,Fail to protect food from contamination or adulteration - Sec. 26(1) 
KENZO RAMEN,2023-03-30,C - Crucial,43.66635,-79.40608,Fail to protect food from contamination or adulteration - Sec. 26(1) 
KENZO RAMEN/ PALGONG TEA,2023-11-16,C - Crucial,43.66635,-79.40608,Fail to protect food from contamination or adulteration - Sec. 26(1) 
KENZO RAMEN/ PALGONG TEA,2023-11-16,C - Crucial,43.66635,-79.40608,Store potentially hazardous foods at internal temperature between 4 C and 60 C - Sec. 27(1)
KERA FRESH MEAT,2023-01-24,C - Crucial,43.69255,-79.44028,Fail to ensure food handler in food premise washes hands as necessary to prevent contamination of food - Sec. 33(1)(e) 
KERA FRESH MEAT,2023-10-06,C - Crucial,43.69255,-79.44028,Store potentially hazardous foods at internal temperature between 4 C and 60 C - Sec. 27(1)
KERA FRESH MEAT,2023-10-06,C - Crucial,43.69255,-79.44028,Fail to protect food from contamination or adulteration - Sec. 26(1) 
KERA FRESH MEAT,2024-04-16,C - Crucial,43.69255,-79.44028,Maintain potentially hazardous foods at internal temperature between 4 C and 60 C -  Sec. 27(1)
KERALA KITCHEN & CAFE,2022-09-01,C - Crucial,43.75731,-79.2386,Fail to protect food from contamination or adulteration - Sec. 26(1) 
KERALA KITCHEN & CAFE,2023-10-25,C - Crucial,43.75731,-79.2386,Maintain potentially hazardous foods at internal temperature between 4 C and 60 C -  Sec. 27(1)
KERALA NOOK,2023-01-23,C - Crucial,43.75574,-79.26694,Fail to protect food from contamination or adulteration - Sec. 26(1) 
KERALA NOOK,2023-11-01,C - Crucial,43.75574,-79.26694,Maintain potentially hazardous foods at internal temperature between 4 C and 60 C -  Sec. 27(1)
KERALA NOOK,2023-11-01,C - Crucial,43.75574,-79.26694,Fail to protect food from contamination or adulteration - Sec. 26(1) 
KHAKI RESTAURANT,2023-06-27,C - Crucial,43.7916,-79.41811,Maintain potentially hazardous foods at internal temperature between 4 C and 60 C -  Sec. 27(1)
KHAU GULLY,2023-05-15,C - Crucial,43.70049,-79.39676,Fail to protect food from contamination or adulteration - Sec. 26(1) 
KHAZANA QUEEN,2022-12-16,C - Crucial,43.68964,-79.29427,Food premise maintained in manner permitting health hazard (Insects) - Sec. 7(1)(a)(i)    
KHAZANA QUEEN,2022-12-16,C - Crucial,43.68964,-79.29427,Store potentially hazardous foods at internal temperature between 4 C and 60 C - Sec. 27(1)
KHAZANA QUEEN,2022-12-16,C - Crucial,43.68964,-79.29427,Fail to protect food from contamination or adulteration - Sec. 26(1) 
KIBO ANNEX,2022-08-10,C - Crucial,43.66521,-79.41022,Sell potentially hazardous foods at internal temperature between 4 C and 60 C - Sec. 27(1)
KIBO ANNEX,2023-06-05,C - Crucial,43.66521,-79.41022,Store potentially hazardous foods at internal temperature between 4 C and 60 C - Sec. 27(1)
KIBO RESTAURANT,2023-03-09,C - Crucial,43.68136,-79.42625,Store ice in unsanitary manner - Sec.  26(5) 
KIBO RESTAURANT,2023-03-09,C - Crucial,43.68136,-79.42625,Fail to protect food from contamination or adulteration - Sec. 26(1) 
KIBO SUSHI,2023-05-25,C - Crucial,43.73392,-79.44845,Fail to protect food from contamination or adulteration - Sec. 26(1) 
KIBO SUSHI,2023-09-22,C - Crucial,43.73392,-79.44845,Fail to ensure food handler in food premise washes hands as necessary to prevent contamination of food - Sec. 33(1)(e) 
KIBO SUSHI,2023-09-22,C - Crucial,43.73392,-79.44845,Store potentially hazardous foods at internal temperature between 4 C and 60 C - Sec. 27(1)
KIBO SUSHI,2023-09-22,C - Crucial,43.73392,-79.44845,Fail to protect food from contamination or adulteration - Sec. 26(1) 
KIBO SUSHI,2023-02-07,C - Crucial,43.73374,-79.41992,Store potentially hazardous foods at internal temperature between 4 C and 60 C - Sec. 27(1)
KIBO SUSHI HOUSE,2023-08-21,C - Crucial,43.67154,-79.37798,Fail to protect food from contamination or adulteration - Sec. 26(1) 
KIBO SUSHI HOUSE,2024-03-05,C - Crucial,43.67154,-79.37798,Fail to ensure food handler in food premise washes hands as necessary to prevent contamination of food - Sec. 33(1)(e) 
KIBO SUSHI HOUSE,2024-05-27,C - Crucial,43.65517,-79.35838,Store potentially hazardous foods at internal temperature between 4 C and 60 C - Sec. 27(1)
KIBO UPPER BEACH,2023-11-16,C - Crucial,43.68051,-79.28958,Maintain potentially hazardous foods at internal temperature between 4 C and 60 C -  Sec. 27(1)
KIN KIN BUBBLE TEA,2023-12-20,C - Crucial,43.78394,-79.29225,Fail to ensure storage racks designed to protect against contamination - Sec. 31
KIN SUSHI JAPANESE RESTAURANT,2023-06-15,C - Crucial,43.75429,-79.46854,Fail to protect food from contamination or adulteration - Sec. 26(1) 
KIN SUSHI JAPANESE RESTAURANT,2023-06-15,C - Crucial,43.75429,-79.46854,Store ice in unsanitary manner - Sec.  26(5) 
KIN SUSHI JAPANESE RESTAURANT,2022-07-22,C - Crucial,43.75429,-79.46854,Store ice in unsanitary manner - Sec.  26(5) 
KIN SUSHI JAPANESE RESTAURANT,2022-07-22,C - Crucial,43.75429,-79.46854,Fail to protect food from contamination or adulteration - Sec. 26(1) 
KIN SUSHI JAPANESE RESTAURANT,2023-02-23,C - Crucial,43.75429,-79.46854,Store ice in unsanitary manner - Sec.  26(5) 
KIN SUSHI JAPANESE RESTAURANT,2023-02-23,C - Crucial,43.75429,-79.46854,Fail to ensure food handler in food premise washes hands as necessary to prevent contamination of food - Sec. 33(1)(e) 
KING FRIES,2023-08-08,C - Crucial,43.71677,-79.2912,Hot-holding potentially hazardous foods at internal temperature below 60 C - Sec. 30(a)
KING FRIES,2023-08-08,C - Crucial,43.71677,-79.2912,Fail to protect food from contamination or adulteration - Sec. 26(1) 
KING PALACE WEST INDIAN TAKE OUT,2022-08-24,C - Crucial,43.67386,-79.46297,Refrigerate potentially hazardous foods at internal temperature above 4 C - Sec. 30(a)
KING SLICE,2022-08-03,C - Crucial,43.64317,-79.42392,Fail to protect food from contamination or adulteration - Sec. 26(1) 
KING SLICE,2023-08-02,C - Crucial,43.64317,-79.42392,Store potentially hazardous foods at internal temperature between 4 C and 60 C - Sec. 27(1)
KING SLICE,2023-08-08,C - Crucial,43.64317,-79.42392,Store potentially hazardous foods at internal temperature between 4 C and 60 C - Sec. 27(1)
KING'S DELIGHT,2023-08-16,C - Crucial,43.70188,-79.50388,Fail to ensure storage racks designed to protect against contamination - Sec. 31
KING'S NOODLE RESTAURANT,2023-01-06,C - Crucial,43.65313,-79.39838,Fail to protect food from contamination or adulteration - Sec. 26(1) 
KINGSTON 12 PATTY SHOP,2024-05-22,C - Crucial,43.6961,-79.4495,Fail to process food in manner safe to eat - Sec. 26(2)
KINGSTON 12 PATTY SHOP,2024-05-22,C - Crucial,43.6961,-79.4495,Store potentially hazardous foods at internal temperature between 4 C and 60 C - Sec. 27(1)
KINGYO,2023-06-06,C - Crucial,43.66583,-79.36858,Maintain potentially hazardous foods at internal temperature between 4 C and 60 C -  Sec. 27(1)
KIRI SUSHI,2024-06-05,C - Crucial,43.66575,-79.4725,Fail to protect food from contamination or adulteration - Sec. 26(1) 
KIRI SUSHI,2024-06-05,C - Crucial,43.66575,-79.4725,Store ice in unsanitary manner - Sec.  26(5) 
KIRO SUSHI,2022-09-22,C - Crucial,43.67233,-79.38733,Store potentially hazardous foods at internal temperature between 4 C and 60 C - Sec. 27(1)
KIRO SUSHI,2022-09-22,C - Crucial,43.67233,-79.38733,Food premise maintained in manner permitting adverse effect on food - Sec. 7(1)(a)(iii) 
KITCHEN FOOD FAIR,2023-03-30,C - Crucial,43.70555,-79.34626,Fail to protect food from contamination or adulteration - Sec. 26(1) 
KITCHEN ON SIXTH,2022-08-31,C - Crucial,43.60062,-79.50686,Refrigerate potentially hazardous foods at internal temperature above 4 C - Sec. 30(a)
KITCHEN ON SIXTH,2022-08-31,C - Crucial,43.60062,-79.50686,Fail to protect food from contamination or adulteration - Sec. 26(1) 
KIVA'S BAGEL BAR,2022-09-09,C - Crucial,43.68812,-79.39299,Fail to ensure food handler in food premise washes hands as necessary to prevent contamination of food - Sec. 33(1)(e) 
KIVA'S BAGEL BAR,2022-09-09,C - Crucial,43.68812,-79.39299,Store potentially hazardous foods at internal temperature between 4 C and 60 C - Sec. 27(1)
KIVA'S BAGEL BAR,2023-06-05,C - Crucial,43.68812,-79.39299,Store potentially hazardous foods at internal temperature between 4 C and 60 C - Sec. 27(1)
KIVA'S BAGEL BAR,2023-06-05,C - Crucial,43.68812,-79.39299,Food premise maintained in manner to permit contamination of single-service articles - Sec. 7(1)(h)  
KIVA'S BAGEL BAR,2023-06-20,C - Crucial,43.68812,-79.39299,Store potentially hazardous foods at internal temperature between 4 C and 60 C - Sec. 27(1)
KNOB HILL DAY NURSERY,2023-10-02,C - Crucial,43.74904,-79.24883,Food premise maintained in manner permitting adverse effect on food - Sec. 7(1)(a)(iii) 
KOFUKU SUSHI,2022-11-09,C - Crucial,43.68875,-79.39193,Offer for sale potentially hazardous foods at internal temperature between 4 C and 60 C - Sec. 27(1)
KOFUKU SUSHI,2023-03-24,C - Crucial,43.68875,-79.39193,Store ice in unsanitary manner - Sec.  26(5) 
KOFUKU SUSHI,2024-02-28,C - Crucial,43.68875,-79.39193,Fail to protect food from contamination or adulteration - Sec. 26(1) 
KOH SAMUI THAI KITCHEN,2023-09-28,C - Crucial,43.66572,-79.4743,Fail to protect food from contamination or adulteration - Sec. 26(1) 
KOH SAMUI THAI KITCHEN,2023-09-28,C - Crucial,43.66572,-79.4743,Fail to ensure storage shelves designed to protect against contamination - Sec. 31
KOH SAMUI-THAI KITCHEN,2023-11-17,C - Crucial,43.67799,-79.34869,Fail to protect food from contamination or adulteration - Sec. 26(1) 
KOKO'S TIFFIN,2022-11-14,C - Crucial,43.74958,-79.55286,Fail to protect food from contamination or adulteration - Sec. 26(1) 
KOREA HOUSE RESTAURANT,2023-12-18,C - Crucial,43.66405,-79.4162,Fail to protect food from contamination or adulteration - Sec. 26(1) 
KOSHER CITY PLUS,2023-03-13,C - Crucial,43.72845,-79.43219,Fail to ensure food handler in food premise washes hands as necessary to prevent contamination of food - Sec. 33(1)(e) 
KOSHER CITY PLUS,2023-03-13,C - Crucial,43.72845,-79.43219,Fail to protect food from contamination or adulteration - Sec. 26(1) 
KOZ BINGOL,2023-07-24,C - Crucial,43.79099,-79.44515,Fail to protect food from contamination or adulteration - Sec. 26(1) 
KOZ BINGOL,2023-11-09,C - Crucial,43.79099,-79.44515,Store potentially hazardous foods at internal temperature between 4 C and 60 C - Sec. 27(1)
KOZ BINGOL,2023-11-09,C - Crucial,43.79099,-79.44515,Fail to protect food from contamination or adulteration - Sec. 26(1) 
KRAFT TEA,2023-10-27,C - Crucial,43.67288,-79.47085,Fail to protect food from contamination or adulteration - Sec. 26(1) 
KRAFT TEA,2023-10-27,C - Crucial,43.67288,-79.47085,Food premise maintained in manner permitting health hazard (Insects) - Sec. 7(1)(a)(i)    
KRYSTOS MODERN GREEK CUISINE,2022-11-18,C - Crucial,43.71838,-79.45584,Fail to ensure food handler in food premise washes hands as necessary to prevent contamination of food - Sec. 33(1)(e) 
KRYSTOS MODERN GREEK CUISINE,2022-11-18,C - Crucial,43.71838,-79.45584,Maintain potentially hazardous foods at internal temperature between 4 C and 60 C -  Sec. 27(1)
KRYSTOS MODERN GREEK CUISINE,2022-11-18,C - Crucial,43.71838,-79.45584,Fail to protect food from contamination or adulteration - Sec. 26(1) 
KRYSTOS MODERN GREEK CUISINE,2022-11-18,C - Crucial,43.71838,-79.45584,Store ice in unsanitary manner - Sec.  26(5) 
KRYSTOS MODERN GREEK CUISINE,2023-11-21,C - Crucial,43.71838,-79.45584,Fail to protect food from contamination or adulteration - Sec. 26(1) 
KRYSTOS MODERN GREEK CUISINE,2023-11-21,C - Crucial,43.71838,-79.45584,Refrigerate potentially hazardous foods at internal temperature above 4 C - Sec. 30(a)
KUNGFU BEEF CHINESE BBQ,2023-10-25,C - Crucial,43.65337,-79.39649,Fail to protect food from contamination or adulteration - Sec. 26(1) 
KUPFERT & KIM,2024-01-18,C - Crucial,43.70788,-79.39832,Store ice in unsanitary manner - Sec.  26(5) 
KUPFERT & KIM,2024-01-18,C - Crucial,43.70788,-79.39832,Fail to process food in manner safe to eat - Sec. 26(2)
KUPFERT & KIM,2024-01-18,C - Crucial,43.70788,-79.39832,Offer for sale potentially hazardous foods at internal temperature between 4 C and 60 C - Sec. 27(1)
Kairali,2022-06-22,C - Crucial,43.75491,-79.27701,Store potentially hazardous foods at internal temperature between 4 C and 60 C - Sec. 27(1)
Kairali,2023-04-27,C - Crucial,43.75491,-79.27701,Maintain potentially hazardous foods at internal temperature between 4 C and 60 C -  Sec. 27(1)
Kairali,2023-04-27,C - Crucial,43.75491,-79.27701,Fail to protect food from contamination or adulteration - Sec. 26(1) 
Kairali,2023-08-11,C - Crucial,43.75491,-79.27701,Fail to protect food from contamination or adulteration - Sec. 26(1) 
Kairali,2024-05-24,C - Crucial,43.75491,-79.27701,Maintain potentially hazardous foods at internal temperature between 4 C and 60 C -  Sec. 27(1)
Kairali,2024-05-24,C - Crucial,43.75491,-79.27701,Fail to protect food from contamination or adulteration - Sec. 26(1) 
KANTO BY TITA FLIPS,2023-08-24,C - Crucial,43.66576,-79.46907,Refrigerate potentially hazardous foods at internal temperature above 4 C - Sec. 30(a)
Kin Kin Bubble Tea Co.,2024-02-26,C - Crucial,43.80923,-79.26932,Store ice in unsanitary manner - Sec.  26(5) 
Kottu Kadi,2024-04-09,C - Crucial,43.83613,-79.25038,Store potentially hazardous foods at internal temperature between 4 C and 60 C - Sec. 27(1)
Kottu Kadi,2024-04-09,C - Crucial,43.83613,-79.25038,Food premise maintained in manner to permit contamination of single-service containers - Sec. 7(1)(h)  
Kottu Kadi,2024-04-09,C - Crucial,43.83613,-79.25038,Fail to protect food from contamination or adulteration - Sec. 26(1) 
LA BAMBOCHE,2022-07-21,C - Crucial,43.72812,-79.41828,Fail to ensure food handler in food premise refrains from conduct that could result in contamination of food - Sec. 33(1)(h) 
LA CARNITA,2023-07-25,C - Crucial,43.65968,-79.34743,Store potentially hazardous foods at internal temperature between 4 C and 60 C - Sec. 27(1)
LA CARNITA & SWEET JESUS,2023-01-23,C - Crucial,43.6476,-79.39076,Store ice in unsanitary manner - Sec.  26(5) 
LA CARNITA,2023-11-16,C - Crucial,43.70803,-79.39458,Fail to protect food from contamination or adulteration - Sec. 26(1) 
LA CUBANA SUPERMARKET,2023-08-02,C - Crucial,43.68959,-79.43985,Store potentially hazardous foods at internal temperature between 4 C and 60 C - Sec. 27(1)
LA CUBANITA RESTAURANT,2024-03-26,C - Crucial,43.75125,-79.55202,Fail to protect food from contamination or adulteration - Sec. 26(1) 
LA CUBANITA RESTAURANT,2024-03-26,C - Crucial,43.75125,-79.55202,Store ice in unsanitary manner - Sec.  26(5) 
LA CUBANITA RESTAURANT,2024-03-26,C - Crucial,43.75125,-79.55202,Fail to ensure storage racks designed to protect against contamination - Sec. 31
LA ISLA,2022-09-07,C - Crucial,43.72945,-79.43177,Hot-holding potentially hazardous foods at internal temperature below 60 C - Sec. 30(a)
LA MEXICANA RESTAURANT,2023-03-14,C - Crucial,43.72578,-79.43098,Fail to protect food from contamination or adulteration - Sec. 26(1) 
LA MEXICANA RESTAURANT,2023-03-14,C - Crucial,43.72578,-79.43098,Handle ice in unsanitary manner - Sec.  26(5) 
LA MOCHI,2023-01-16,C - Crucial,43.80493,-79.29029,Fail to protect food from contamination or adulteration - Sec. 26(1) 
LA PREP,2023-01-09,C - Crucial,43.7689,-79.41303,Store potentially hazardous foods at internal temperature between 4 C and 60 C - Sec. 27(1)
LA PREP,2024-05-08,C - Crucial,43.72915,-79.32862,Maintain potentially hazardous foods at internal temperature between 4 C and 60 C -  Sec. 27(1)
LA PREP,2024-05-08,C - Crucial,43.72915,-79.32862,Fail to ensure food handler in food premise washes hands as necessary to prevent contamination of food areas - Sec.  33(1)(e)
LA ROSE BAKERY & DELICATESSEN,2022-10-26,C - Crucial,43.68495,-79.52398,Offer for sale potentially hazardous foods at internal temperature between 4 C and 60 C - Sec. 27(1)
LA SALUMERIA,2024-03-26,C - Crucial,43.70135,-79.39696,Fail to ensure food handler in food premise washes hands as necessary to prevent contamination of food - Sec. 33(1)(e) 
LA UNICA PANADERIA MEXICANA,2023-11-24,C - Crucial,43.73069,-79.46771,Store potentially hazardous foods at internal temperature between 4 C and 60 C - Sec. 27(1)
LAC VIEN PHO & CAFE,2023-04-21,C - Crucial,43.72126,-79.46872,Fail to protect food from contamination or adulteration - Sec. 26(1) 
LAC VIEN PHO & CAFE,2023-04-21,C - Crucial,43.72126,-79.46872,Fail to ensure food handler in food premise washes hands as necessary to prevent contamination of food - Sec. 33(1)(e) 
LADY YORK FOODS,2023-09-25,C - Crucial,43.70958,-79.45303,Fail to ensure food handler in food premise washes hands as necessary to prevent contamination of food - Sec. 33(1)(e) 
LADY YORK FOODS,2023-09-25,C - Crucial,43.70958,-79.45303,Fail to protect food from contamination or adulteration - Sec. 26(1) 
LAJAWAB BIRYANI N GRILLS INC,2023-01-27,C - Crucial,43.65491,-79.40869,Fail to protect food from contamination or adulteration - Sec. 26(1) 
LAJAWAB BIRYANI N GRILLS INC,2023-05-02,C - Crucial,43.65491,-79.40869,Fail to protect food from contamination or adulteration - Sec. 26(1) 
LAJAWAB BIRYANI N GRILLS INC,2024-02-20,C - Crucial,43.65491,-79.40869,Maintain potentially hazardous foods at internal temperature between 4 C and 60 C -  Sec. 27(1)
LAJAWAB BIRYANI N GRILLS INC,2024-02-20,C - Crucial,43.65491,-79.40869,Fail to protect food from contamination or adulteration - Sec. 26(1) 
LATIN WORLD,2024-05-17,C - Crucial,43.65894,-79.44068,Maintain potentially hazardous foods at internal temperature between 4 C and 60 C -  Sec. 27(1)
LATIN WORLD,2023-07-10,C - Crucial,43.69598,-79.45015,Store potentially hazardous foods at internal temperature between 4 C and 60 C - Sec. 27(1)
LATIN WORLD,2023-09-18,C - Crucial,43.69598,-79.45015,Fail to protect food from contamination or adulteration - Sec. 26(1) 
LATIN WORLD,2023-09-18,C - Crucial,43.69598,-79.45015,Store potentially hazardous foods at internal temperature between 4 C and 60 C - Sec. 27(1)
LATINDOUGH CORP,2022-08-30,C - Crucial,43.6121,-79.54177,Fail to protect food from contamination or adulteration - Sec. 26(1) 
LAWRENCE HEIGHTS COMMUNITY DAY CARE CENTRE,2023-08-03,C - Crucial,43.72013,-79.44425,Fail to protect food from contamination or adulteration - Sec. 26(1) 
LAZEEZ SHAWARMA,2023-10-26,C - Crucial,43.70779,-79.34348,Maintain potentially hazardous foods at internal temperature between 4 C and 60 C -  Sec. 27(1)
LAZEEZ SHAWARMA,2023-03-28,C - Crucial,43.59731,-79.52297,Store potentially hazardous foods at internal temperature between 4 C and 60 C - Sec. 27(1)
LAZY SHACK/Mala Boy Restaurant,2023-05-09,C - Crucial,43.65566,-79.39222,Fail to ensure storage racks designed to protect against contamination - Sec. 31
LAZY SHACK/Mala Boy Restaurant,2023-05-09,C - Crucial,43.65566,-79.39222,Fail to protect food from contamination or adulteration - Sec. 26(1) 
LE PARADIS,2023-08-24,C - Crucial,43.67507,-79.40011,Fail to protect food from contamination or adulteration - Sec. 26(1) 
LE PARADIS,2023-09-29,C - Crucial,43.67507,-79.40011,Distribute potentially hazardous foods at internal temperature between 4 C and 60 C - Sec. 27(1)
LE PETIT DEJEUNER,2022-07-27,C - Crucial,43.65089,-79.36996,Refrigerate potentially hazardous foods at internal temperature above 4 C - Sec. 30(a)
LE PETIT DEJEUNER,2022-07-27,C - Crucial,43.65089,-79.36996,Fail to protect food from contamination or adulteration - Sec. 26(1) 
LEASIDE RETIREMENT RESIDENCE,2022-08-03,C - Crucial,43.70938,-79.34177,Store ice in unsanitary manner - Sec.  26(5) 
LEELA INDIAN FOOD BAR,2023-06-16,C - Crucial,43.67197,-79.32438,Fail to protect food from contamination or adulteration - Sec. 26(1) 
LEELA INDIAN FOOD BAR,2023-07-17,C - Crucial,43.67197,-79.32438,Maintain potentially hazardous foods at internal temperature between 4 C and 60 C -  Sec. 27(1)
LENG KENG,2022-09-15,C - Crucial,43.75061,-79.48696,Store potentially hazardous foods at internal temperature between 4 C and 60 C - Sec. 27(1)
LIBERTY SHAWARMA,2022-08-10,C - Crucial,43.65911,-79.34971,Distribute potentially hazardous foods at internal temperature between 4 C and 60 C - Sec. 27(1)
LIBERTY VILLAGE MARKET & CAFE,2023-01-06,C - Crucial,43.63805,-79.42139,Maintain potentially hazardous foods at internal temperature between 4 C and 60 C -  Sec. 27(1)
LILI,2024-03-28,C - Crucial,43.64873,-79.38376,Fail to protect food from contamination or adulteration - Sec. 26(1) 
LIM GA NE,2023-03-28,C - Crucial,43.7785,-79.41488,Maintain potentially hazardous foods at internal temperature between 4 C and 60 C -  Sec. 27(1)
LIN'S CHINESE BUN,2024-03-11,C - Crucial,43.8037,-79.28695,Store potentially hazardous foods at internal temperature between 4 C and 60 C - Sec. 27(1)
LIN'S CHINESE BUN,2024-03-11,C - Crucial,43.8037,-79.28695,Fail to protect food from contamination or adulteration - Sec. 26(1) 
LINH KY ASIAN FOOD,2022-10-12,C - Crucial,43.78145,-79.27913,Fail to protect food from contamination or adulteration - Sec. 26(1) 
LITTLE ANTHONY'S,2023-12-13,C - Crucial,43.65052,-79.38452,Fail to ensure food handler in food premise washes hands as necessary to prevent contamination of food - Sec. 33(1)(e) 
LITTLE TIBET,2023-06-19,C - Crucial,43.64029,-79.43808,Store potentially hazardous foods at internal temperature between 4 C and 60 C - Sec. 27(1)
LITTLE TIBET,2023-11-13,C - Crucial,43.64029,-79.43808,Store potentially hazardous foods at internal temperature between 4 C and 60 C - Sec. 27(1)
LITTLE TIBET,2023-11-13,C - Crucial,43.64029,-79.43808,Fail to protect food from contamination or adulteration - Sec. 26(1) 
LOBLAWS,2022-09-12,C - Crucial,43.66207,-79.38004,Fail to protect food from contamination or adulteration - Sec. 26(1) 
LOBONGO FINE DINING,2022-06-29,C - Crucial,43.69445,-79.27541,Food premise maintained in manner permitting adverse effect on food - Sec. 7(1)(a)(iii) 
LOBONGO FINE DINING,2022-06-29,C - Crucial,43.69445,-79.27541,Maintain potentially hazardous foods at internal temperature between 4 C and 60 C -  Sec. 27(1)
LOBONGO FINE DINING,2023-02-03,C - Crucial,43.69445,-79.27541,Fail to protect food from contamination or adulteration - Sec. 26(1) 
LOBONGO FINE DINING,2023-02-03,C - Crucial,43.69445,-79.27541,Fail to ensure storage pallets designed to protect against contamination - Sec. 31
LOBONGO FINE DINING,2023-08-18,C - Crucial,43.69445,-79.27541,Fail to ensure storage pallets designed to protect against contamination - Sec. 31
LOCAL PUBLIC EATERY,2023-05-23,C - Crucial,43.7099,-79.36357,Store potentially hazardous foods at internal temperature between 4 C and 60 C - Sec. 27(1)
LONCH RESTAURANT,2023-02-08,C - Crucial,43.66943,-79.3393,Distribute potentially hazardous foods at internal temperature between 4 C and 60 C - Sec. 27(1)
LONG QUI BBQ HOUSE INC,2023-08-18,C - Crucial,43.79956,-79.30685,Hot-holding potentially hazardous foods at internal temperature below 60 C - Sec. 30(a)
LONG QUI BBQ HOUSE INC,2023-08-18,C - Crucial,43.79956,-79.30685,Fail to protect food from contamination or adulteration - Sec. 26(1) 
HOU KEE CHINESE BISTRO,2024-03-26,C - Crucial,43.77512,-79.41383,Fail to ensure food handler in food premise washes hands as necessary to prevent contamination of food - Sec. 33(1)(e) 
LONGO'S,2024-02-29,C - Crucial,43.70623,-79.36101,Store potentially hazardous foods at internal temperature between 4 C and 60 C - Sec. 27(1)
LOS TRES PANADEROS,2023-10-19,C - Crucial,43.69566,-79.45147,Fail to protect food from contamination or adulteration - Sec. 26(1) 
LOS TRES PANADEROS,2023-10-19,C - Crucial,43.69566,-79.45147,Maintain potentially hazardous foods at internal temperature between 4 C and 60 C -  Sec. 27(1)
LOVELY PAO,2024-06-03,C - Crucial,43.73143,-79.46449,Maintain potentially hazardous foods at internal temperature between 4 C and 60 C -  Sec. 27(1)
LUCILE'S WEST INDIAN RESTAURANT AND GROCERIES,2022-07-19,C - Crucial,43.76136,-79.28027,Fail to protect food from contamination or adulteration - Sec. 26(1) 
LUCILE'S WEST INDIAN RESTAURANT AND GROCERIES,2023-07-11,C - Crucial,43.76136,-79.28027,Fail to protect food from contamination or adulteration - Sec. 26(1) 
LUCKY DRAGON RESTAURANT,2022-06-30,C - Crucial,43.71858,-79.45534,Food premise maintained in manner permitting adverse effect on food - Sec. 7(1)(a)(iii) 
LUCKY DRAGON RESTAURANT,2022-06-30,C - Crucial,43.71858,-79.45534,Fail to protect food from contamination or adulteration - Sec. 26(1) 
LUCKY DRAGON RESTAURANT,2022-06-30,C - Crucial,43.71858,-79.45534,Store potentially hazardous foods at internal temperature between 4 C and 60 C - Sec. 27(1)
LUCKY DRAGON RESTAURANT,2023-07-19,C - Crucial,43.71858,-79.45534,Store potentially hazardous foods at internal temperature between 4 C and 60 C - Sec. 27(1)
LUCKY DRAGON RESTAURANT,2023-07-19,C - Crucial,43.71858,-79.45534,Fail to ensure food handler in food premise washes hands as necessary to prevent contamination of food - Sec. 33(1)(e) 
LUCKY DRAGON RESTAURANT,2023-07-19,C - Crucial,43.71858,-79.45534,Fail to protect food from contamination or adulteration - Sec. 26(1) 
LUCKY DRAGON RESTAURANT,2023-12-13,C - Crucial,43.71858,-79.45534,Fail to ensure food handler in food premise washes hands as necessary to prevent contamination of food - Sec. 33(1)(e) 
LUCKY DRAGON RESTAURANT,2023-12-13,C - Crucial,43.71858,-79.45534,Fail to protect food from contamination or adulteration - Sec. 26(1) 
LUCKY DRAGON RESTAURANT,2024-04-03,C - Crucial,43.71858,-79.45534,Refrigerate potentially hazardous foods at internal temperature above 4 C - Sec. 30(a)
LUCULLUS BAKERY,2023-05-16,C - Crucial,43.77775,-79.3445,Handle ice in unsanitary manner - Sec.  26(5) 
LUCULLUS BAKERY,2023-05-16,C - Crucial,43.77775,-79.3445,Store ice in unsanitary manner - Sec.  26(5) 
LUCULLUS BAKERY,2023-12-04,C - Crucial,43.77775,-79.3445,Display potentially hazardous foods at internal temperature between 4 C and 60 C - Sec. 27(1)
LUCULLUS BAKERY,2024-01-03,C - Crucial,43.77775,-79.3445,Store ice in unsanitary manner - Sec.  26(5) 
LUNCH BREAK,2022-11-29,C - Crucial,43.77183,-79.33086,Fail to ensure food handler in food premise refrains from conduct that could result in contamination of food - Sec. 33(1)(h) 
LUNCH BREAK,2022-11-29,C - Crucial,43.77183,-79.33086,Store potentially hazardous foods at internal temperature between 4 C and 60 C - Sec. 27(1)
Lageez Authentic Indian Cuisine,2022-06-24,C - Crucial,43.71093,-79.2912,Maintain potentially hazardous foods at internal temperature between 4 C and 60 C -  Sec. 27(1)
Living Well 2,2022-09-26,C - Crucial,43.71676,-79.55462,Maintain potentially hazardous foods at internal temperature between 4 C and 60 C -  Sec. 27(1)
M & CO. BURGERS,2022-08-09,C - Crucial,43.74606,-79.29265,Maintain potentially hazardous foods at internal temperature between 4 C and 60 C -  Sec. 27(1)
M & CO. BURGERS,2022-08-09,C - Crucial,43.74606,-79.29265,Fail to protect food from contamination or adulteration - Sec. 26(1) 
M BIRYANI HOUSE,2022-09-21,C - Crucial,43.67041,-79.38723,Fail to protect food from contamination or adulteration - Sec. 26(1) 
M CHA BAR,2024-05-21,C - Crucial,43.77282,-79.41344,Store ice in unsanitary manner - Sec.  26(5) 
M WELLNEZZ KITCHEN,2024-03-08,C - Crucial,43.76096,-79.56737,Fail to protect food from contamination or adulteration - Sec. 26(1) 
M&S WEST INDIAN SUPERMARKET,2023-11-10,C - Crucial,43.74653,-79.23116,Fail to protect food from contamination or adulteration - Sec. 26(1) 
MACAULEY CHILD DEVELOPMENT CENTRE - MARLEE CHILDCARE CENTRE,2024-02-02,C - Crucial,43.70326,-79.44103,Maintain potentially hazardous foods at internal temperature between 4 C and 60 C -  Sec. 27(1)
MACHI MACHI,2023-03-08,C - Crucial,43.80531,-79.28862,Fail to ensure food handler in food premise washes hands as necessary to prevent contamination of food - Sec. 33(1)(e) 
MAD MEXICAN RESTAURANT,2022-11-10,C - Crucial,43.65864,-79.48803,Store potentially hazardous foods at internal temperature between 4 C and 60 C - Sec. 27(1)
MAD MEXICAN RESTAURANT,2022-11-10,C - Crucial,43.65864,-79.48803,Fail to protect food from contamination or adulteration - Sec. 26(1) 
MADAME SAIGON ( MIDTOWN),2024-04-22,C - Crucial,43.7013,-79.39754,Food premise maintained in manner permitting adverse effect on food - Sec. 7(1)(a)(iii) 
MADE IN JAPAN TERIYAKI EXPERIENCE,2022-09-21,C - Crucial,43.67041,-79.38723,Store potentially hazardous foods at internal temperature between 4 C and 60 C - Sec. 27(1)
MADISON AVENUE PUB,2022-06-20,C - Crucial,43.66788,-79.40327,Food premise maintained in manner permitting adverse effect on food - Sec. 7(1)(a)(iii) 
MADO,2023-02-24,C - Crucial,43.72146,-79.45691,Offer for sale potentially hazardous foods at internal temperature between 4 C and 60 C - Sec. 27(1)
MADO,2023-02-24,C - Crucial,43.72146,-79.45691,Fail to protect food from contamination or adulteration - Sec. 26(1) 
MADO,2023-02-24,C - Crucial,43.72146,-79.45691,Store ice in unsanitary manner - Sec.  26(5) 
MADO,2023-02-24,C - Crucial,43.72146,-79.45691,Fail to ensure food handler in food premise washes hands as necessary to prevent contamination of food - Sec. 33(1)(e) 
MADO,2023-11-08,C - Crucial,43.72146,-79.45691,Sell potentially hazardous foods at internal temperature between 4 C and 60 C - Sec. 27(1)
MADO,2023-11-08,C - Crucial,43.72146,-79.45691,Fail to ensure food handler in food premise washes hands as necessary to prevent contamination of food - Sec. 33(1)(e) 
MADRAS DOSA HUT,2024-03-14,C - Crucial,43.73704,-79.56635,Maintain potentially hazardous foods at internal temperature between 4 C and 60 C -  Sec. 27(1)
MADRAS DOSA HUT,2024-03-14,C - Crucial,43.73704,-79.56635,Fail to protect food from contamination or adulteration - Sec. 26(1) 
MAESTRO'S GOURMET PIZZA,2024-05-10,C - Crucial,43.66047,-79.34183,Store ungraded eggs - Sec. 47(1)
OTTOMAN TURKISH GRILL,2023-07-10,C - Crucial,43.74285,-79.30782,Fail to ensure food handler in food premise washes hands as necessary to prevent contamination of food - Sec. 33(1)(e) 
OTTOMAN TURKISH GRILL,2023-07-10,C - Crucial,43.74285,-79.30782,Fail to ensure food handler in food premise refrains from conduct that could result in contamination of food - Sec. 33(1)(h) 
OTTOMAN TURKISH GRILL,2023-07-10,C - Crucial,43.74285,-79.30782,Fail to protect food from contamination or adulteration - Sec. 26(1) 
MAI MAI CHINESE RESTAURANT,2023-01-27,C - Crucial,43.59708,-79.52332,Fail to protect food from contamination or adulteration - Sec. 26(1) 
MAINSHA RESTAURANT,2023-03-21,C - Crucial,43.72119,-79.45581,Fail to protect food from contamination or adulteration - Sec. 26(1) 
MAISON TRIBE,2023-08-23,C - Crucial,43.6888,-79.39211,Fail to ensure food handler in food premise refrains from conduct that could result in contamination of food areas - Sec. 33(1)(h) 
MAISON TRIBE,2023-08-23,C - Crucial,43.6888,-79.39211,Store potentially hazardous foods at internal temperature between 4 C and 60 C - Sec. 27(1)
MAISON TRIBE,2023-08-23,C - Crucial,43.6888,-79.39211,Fail to protect food from contamination or adulteration - Sec. 26(1) 
MAISONETTE,2023-10-03,C - Crucial,43.65048,-79.359,Fail to maintain records of food purchased for one year - Sec. 29(2)  
MAJESTIC SHAWARMA,2023-08-01,C - Crucial,43.66664,-79.40379,Fail to protect food from contamination or adulteration - Sec. 26(1) 
MAK EUROPEAN DELICATESSENS,2022-06-29,C - Crucial,43.74063,-79.32051,Store potentially hazardous foods at internal temperature between 4 C and 60 C - Sec. 27(1)
MAKIMONO SUSHI BAR & RESTAURANT,2023-02-28,C - Crucial,43.69094,-79.57553,Fail to ensure storage shelves designed to protect against contamination - Sec. 31
MAKIMONO SUSHI BAR & RESTAURANT,2023-02-28,C - Crucial,43.69094,-79.57553,Fail to protect food from contamination or adulteration - Sec. 26(1) 
MAKIMONO SUSHI BAR & RESTAURANT,2023-08-10,C - Crucial,43.69094,-79.57553,Fail to protect food from contamination or adulteration - Sec. 26(1) 
MALT N SALT,2023-09-28,C - Crucial,43.78702,-79.15205,Fail to protect food from contamination or adulteration - Sec. 26(1) 
MAMA & PAPA'S GOODSOUP,2024-05-29,C - Crucial,43.74803,-79.52174,Fail to protect food from contamination or adulteration - Sec. 26(1) 
MAMMA'S PIZZA,2024-02-09,C - Crucial,43.70674,-79.37528,Fail to ensure food handler in food premise washes hands as necessary to prevent contamination of food - Sec. 33(1)(e) 
MAMMA'S PIZZA,2024-02-09,C - Crucial,43.70674,-79.37528,Store potentially hazardous foods at internal temperature between 4 C and 60 C - Sec. 27(1)
MANDIAFANDI,2023-07-25,C - Crucial,43.70779,-79.34348,Maintain potentially hazardous foods at internal temperature between 4 C and 60 C -  Sec. 27(1)
MANDIAFANDI,2023-07-25,C - Crucial,43.70779,-79.34348,Fail to protect food from contamination or adulteration - Sec. 26(1) 
MANDIAFANDI,2023-07-25,C - Crucial,43.70779,-79.34348,Store potentially hazardous foods at internal temperature between 4 C and 60 C - Sec. 27(1)
MANDIAFANDI,2023-11-10,C - Crucial,43.70779,-79.34348,Fail to protect food from contamination or adulteration - Sec. 26(1) 
MANGO SUSHI,2024-04-18,C - Crucial,43.68213,-79.33055,Fail to protect food from contamination or adulteration - Sec. 26(1) 
MANGO THAI KITCHEN,2023-02-16,C - Crucial,43.71693,-79.44743,Fail to protect food from contamination or adulteration - Sec. 26(1) 
MANGO THAI KITCHEN,2023-02-16,C - Crucial,43.71693,-79.44743,Fail to ensure food handler in food premise washes hands as necessary to prevent contamination of food - Sec. 33(1)(e) 
MANILA FOODS,2022-11-23,C - Crucial,43.68303,-79.42002,Maintain potentially hazardous foods at internal temperature between 4 C and 60 C -  Sec. 27(1)
MANILA FOODS,2022-11-23,C - Crucial,43.68303,-79.42002,Fail to protect food from contamination or adulteration - Sec. 26(1) 
MAPLE LODGE FARMS - PRINCES NORTH - CNE 2024,2022-08-19,C - Crucial,43.63501,-79.41119,Refrigerate potentially hazardous foods at internal temperature above 4 C - Sec. 30(a)
MAPLE LODGE FARMS - PRINCES NORTH - CNE 2024,2022-08-22,C - Crucial,43.63501,-79.41119,Food premise maintained in manner permitting health hazard - Sec. 7(1)(a)(i)    
MAPLEWOOD HIGH SCHOOL,2023-12-05,C - Crucial,43.75891,-79.1949,Store ice in unsanitary manner - Sec.  26(5) 
MAPO GAMJATANG,2022-07-07,C - Crucial,43.76422,-79.41196,Fail to protect food from contamination or adulteration - Sec. 26(1) 
MARCELINA'S FILIPINO CUISINE,2023-12-29,C - Crucial,43.73658,-79.43683,Store potentially hazardous foods at internal temperature between 4 C and 60 C - Sec. 27(1)
MARCELINA'S FILIPINO CUISINE,2023-12-29,C - Crucial,43.73658,-79.43683,Fail to protect food from contamination or adulteration - Sec. 26(1) 
MARCELLO'S,2022-10-21,C - Crucial,43.64925,-79.38375,Store potentially hazardous foods at internal temperature between 4 C and 60 C - Sec. 27(1)
MARHABA SUPERMARKET,2022-08-02,C - Crucial,43.69096,-79.29073,Maintain potentially hazardous foods at internal temperature between 4 C and 60 C -  Sec. 27(1)
MARHABA SUPERMARKET,2022-08-02,C - Crucial,43.69096,-79.29073,Food premise maintained in manner permitting adverse effect on food - Sec. 7(1)(a)(iii) 
MARHABA SUPERMARKET,2023-04-18,C - Crucial,43.69096,-79.29073,Food premise maintained in manner permitting adverse effect on food - Sec. 7(1)(a)(iii) 
MARHABA SUPERMARKET,2023-08-18,C - Crucial,43.69096,-79.29073,Food premise maintained in manner permitting adverse effect on food - Sec. 7(1)(a)(iii) 
MARIGOLD,2022-10-11,C - Crucial,43.7028,-79.38826,Food premise maintained in manner to permit contamination of single-service containers - Sec. 7(1)(h)  
MARY BUN,2023-10-03,C - Crucial,43.77629,-79.41433,Fail to protect food from contamination or adulteration - Sec. 26(1) 
MASALA BLVD,2023-07-10,C - Crucial,43.59731,-79.52297,Refrigerate potentially hazardous foods at internal temperature above 4 C - Sec. 30(a)
MASALA BLVD,2023-07-10,C - Crucial,43.59731,-79.52297,Hot-holding potentially hazardous foods at internal temperature below 60 C - Sec. 30(a)
MASTRO'S PLACE,2022-07-12,C - Crucial,43.73048,-79.46883,Refrigerate potentially hazardous foods at internal temperature above 4 C - Sec. 30(a)
MASTRO'S PLACE,2023-06-20,C - Crucial,43.73048,-79.46883,Refrigerate potentially hazardous foods at internal temperature above 4 C - Sec. 30(a)
MAX SANDWICH,2024-05-23,C - Crucial,43.77553,-79.41525,Refrigerate potentially hazardous foods at internal temperature above 4 C - Sec. 30(a)
MAYRIK,2023-03-08,C - Crucial,43.70569,-79.37544,Fail to protect food from contamination or adulteration - Sec. 26(1) 
MAZADAR,2024-03-18,C - Crucial,43.66652,-79.31708,Fail to protect food from contamination or adulteration - Sec. 26(1) 
MB THE PLACE TO BE,2022-06-23,C - Crucial,43.72738,-79.43196,Store potentially hazardous foods at internal temperature between 4 C and 60 C - Sec. 27(1)
MB THE PLACE TO BE,2022-06-23,C - Crucial,43.72738,-79.43196,Fail to ensure food handler in food premise washes hands as necessary to prevent contamination of food areas - Sec.  33(1)(e)
MB THE PLACE TO BE,2023-02-09,C - Crucial,43.72738,-79.43196,Store potentially hazardous foods at internal temperature between 4 C and 60 C - Sec. 27(1)
MB THE PLACE TO BE,2023-06-01,C - Crucial,43.72738,-79.43196,Fail to protect food from contamination or adulteration - Sec. 26(1) 
MB THE PLACE TO BE,2023-06-01,C - Crucial,43.72738,-79.43196,Maintain potentially hazardous foods at internal temperature between 4 C and 60 C -  Sec. 27(1)
MB THE PLACE TO BE,2023-06-01,C - Crucial,43.72738,-79.43196,Fail to ensure food handler in food premise washes hands as necessary to prevent contamination of food - Sec. 33(1)(e) 
MCEWAN,2023-03-08,C - Crucial,43.73643,-79.34525,Refrigerate potentially hazardous foods at internal temperature above 4 C - Sec. 30(a)
MCEWAN,2023-03-08,C - Crucial,43.73643,-79.34525,Hot-holding potentially hazardous foods at internal temperature below 60 C - Sec. 30(a)
MEAN BAO,2023-02-17,C - Crucial,43.64528,-79.38049,Fail to protect food from contamination or adulteration - Sec. 26(1) 
MEECHIE'S BBQ & JERK,2022-06-23,C - Crucial,43.68781,-79.49113,Maintain potentially hazardous foods at internal temperature between 4 C and 60 C -  Sec. 27(1)
MENDOZA'S BAKERY,2024-05-29,C - Crucial,43.7354,-79.2468,Fail to protect food from contamination or adulteration - Sec. 26(1) 
MENGISTU BUTCHER SHOP & TAKEOUT,2023-11-14,C - Crucial,43.68513,-79.31431,Fail to ensure storage shelves designed to protect against contamination - Sec. 31
MERITWINNI AFROFOODIES,2022-08-10,C - Crucial,43.70131,-79.52113,Fail to protect food from contamination or adulteration - Sec. 26(1) 
MEXITACO,2023-07-20,C - Crucial,43.71083,-79.24881,Maintain potentially hazardous foods at internal temperature between 4 C and 60 C -  Sec. 27(1)
MEXITACO,2024-04-16,C - Crucial,43.71083,-79.24881,Hot-holding potentially hazardous foods at internal temperature below 60 C - Sec. 30(a)
MEZES,2024-05-15,C - Crucial,43.67813,-79.3503,Store ice in unsanitary manner - Sec.  26(5) 
MEZON LATINO,2024-01-18,C - Crucial,43.75125,-79.55202,Fail to ensure food handler in food premise washes hands as necessary to prevent contamination of food - Sec. 33(1)(e) 
MICCHYS AFRICAN CARIBBEAN MARKET,2024-01-26,C - Crucial,43.71624,-79.45517,Fail to ensure storage pallets designed to protect against contamination - Sec. 31
MICCHYS AFRICAN CARIBBEAN MARKET,2024-01-26,C - Crucial,43.71624,-79.45517,Fail to maintain records of food purchased  - Sec. 29(2)  
MICHEL'S BAKERY CAFE,2023-03-23,C - Crucial,43.72608,-79.45147,Maintain potentially hazardous foods at internal temperature between 4 C and 60 C -  Sec. 27(1)
MICHEL'S BAKERY CAFE,2023-03-23,C - Crucial,43.72608,-79.45147,Store ice in unsanitary manner - Sec.  26(5) 
MICHEL'S BAKERY CAFE,2023-03-23,C - Crucial,43.72608,-79.45147,Fail to ensure food handler in food premise washes hands as necessary to prevent contamination of food - Sec. 33(1)(e) 
MICHEL'S BAKERY CAFE,2023-03-23,C - Crucial,43.72608,-79.45147,Fail to protect food from contamination or adulteration - Sec. 26(1) 
MILD AFRO LOUNGE,2023-11-23,C - Crucial,43.64952,-79.42025,Fail to protect food from contamination or adulteration - Sec. 26(1) 
MILD AFRO LOUNGE,2023-11-23,C - Crucial,43.64952,-79.42025,Store potentially hazardous foods at internal temperature between 4 C and 60 C - Sec. 27(1)
MILESTONES STC,2023-08-29,C - Crucial,43.77629,-79.25802,Refrigerate potentially hazardous foods at internal temperature above 4 C - Sec. 30(a)
MILK 'N' HONEY,2022-08-31,C - Crucial,43.72848,-79.43167,Refrigerate potentially hazardous foods at internal temperature above 4 C - Sec. 30(a)
MILK 'N' HONEY,2023-02-21,C - Crucial,43.72848,-79.43167,Fail to protect food from contamination or adulteration - Sec. 26(1) 
MILK 'N' HONEY,2023-02-21,C - Crucial,43.72848,-79.43167,Fail to ensure food handler in food premise washes hands as necessary to prevent contamination of food - Sec. 33(1)(e) 
MILKCOW CAFE,2022-07-29,C - Crucial,43.71578,-79.40002,Fail to ensure food handler in food premise refrains from conduct that could result in contamination of food - Sec. 33(1)(h) 
MILVAN BAKERY,2024-03-08,C - Crucial,43.76124,-79.5663,Maintain potentially hazardous foods at internal temperature between 4 C and 60 C -  Sec. 27(1)
MILVAN BAKERY,2024-03-08,C - Crucial,43.76124,-79.5663,Fail to protect food from contamination or adulteration - Sec. 26(1) 
MINERVA TIFFINS,2023-06-14,C - Crucial,43.72337,-79.2905,Food premise maintained in manner permitting adverse effect on food - Sec. 7(1)(a)(iii) 
MINERVA TIFFINS,2023-06-14,C - Crucial,43.72337,-79.2905,Maintain potentially hazardous foods at internal temperature between 4 C and 60 C -  Sec. 27(1)
MIRRA'S PLACE,2023-05-01,C - Crucial,43.71737,-79.4551,Fail to ensure food handler in food premise washes hands as necessary to prevent contamination of food - Sec. 33(1)(e) 
MIRRA'S PLACE,2023-05-01,C - Crucial,43.71737,-79.4551,Hot-holding potentially hazardous foods at internal temperature below 60 C - Sec. 30(a)
MIRRA'S PLACE,2023-05-01,C - Crucial,43.71737,-79.4551,Fail to protect food from contamination or adulteration - Sec. 26(1) 
MIYAKO SUSHI,2023-02-28,C - Crucial,43.70908,-79.4441,Fail to protect food from contamination or adulteration - Sec. 26(1) 
MODULAR HOUSING MEAL PROGRAM,2024-01-26,C - Crucial,43.65068,-79.42495,Refrigerate potentially hazardous foods at internal temperature above 4 C - Sec. 30(a)
MOFER COFFEE,2023-08-08,C - Crucial,43.6453,-79.38925,Fail to protect food from contamination or adulteration - Sec. 26(1) 
MOFER COFFEE,2024-02-01,C - Crucial,43.64431,-79.36848,Fail to protect food from contamination or adulteration - Sec. 26(1) 
MOFER COFFEE,2024-02-01,C - Crucial,43.64431,-79.36848,Fail to ensure food handler in food premise washes hands as necessary to prevent contamination of food - Sec. 33(1)(e) 
MOMO CAFE & ZOMSA BAR,2023-06-15,C - Crucial,43.64032,-79.43793,Fail to protect food from contamination or adulteration - Sec. 26(1) 
MOMO CAFE & ZOMSA BAR,2023-06-15,C - Crucial,43.64032,-79.43793,Maintain potentially hazardous foods at internal temperature between 4 C and 60 C -  Sec. 27(1)
MOMO CAFE & ZOMSA BAR,2023-06-15,C - Crucial,43.64032,-79.43793,Display potentially hazardous foods at internal temperature between 4 C and 60 C - Sec. 27(1)
MONGA FRIED CHICKEN,2022-07-18,C - Crucial,43.77512,-79.41383,Maintain potentially hazardous foods at internal temperature between 4 C and 60 C -  Sec. 27(1)
MONGA FRIED CHICKEN,2022-07-18,C - Crucial,43.77512,-79.41383,Store ice in unsanitary manner - Sec.  26(5) 
MONGA FRIED CHICKEN,2023-01-05,C - Crucial,43.77512,-79.41383,Store potentially hazardous foods at internal temperature between 4 C and 60 C - Sec. 27(1)
MONKEY SUSHI,2023-03-16,C - Crucial,43.66569,-79.40788,Store potentially hazardous foods at internal temperature between 4 C and 60 C - Sec. 27(1)
MONKEY SUSHI,2023-03-16,C - Crucial,43.66569,-79.40788,Fail to protect food from contamination or adulteration - Sec. 26(1) 
MONKEY SUSHI,2024-04-03,C - Crucial,43.66569,-79.40788,Fail to protect food from contamination or adulteration - Sec. 26(1) 
MONKEY SUSHI,2024-06-07,C - Crucial,43.66569,-79.40788,Fail to protect food from contamination or adulteration - Sec. 26(1) 
MONKEY SUSHI,2022-12-14,C - Crucial,43.66569,-79.40788,Fail to protect food from contamination or adulteration - Sec. 26(1) 
MONKEY SUSHI,2023-04-17,C - Crucial,43.65672,-79.38371,Store potentially hazardous foods at internal temperature between 4 C and 60 C - Sec. 27(1)
MONKEY SUSHI,2023-04-17,C - Crucial,43.65672,-79.38371,Fail to protect food from contamination or adulteration - Sec. 26(1) 
MONKEY SUSHI,2022-11-08,C - Crucial,43.67478,-79.38825,Fail to protect food from contamination or adulteration - Sec. 26(1) 
MONKEY SUSHI,2022-06-27,C - Crucial,43.64837,-79.42062,Fail to protect food from contamination or adulteration - Sec. 26(1) 
MONKEY SUSHI,2023-01-19,C - Crucial,43.70698,-79.39569,Fail to protect food from contamination or adulteration - Sec. 26(1) 
MONKEY SUSHI,2023-08-21,C - Crucial,43.70698,-79.39569,Fail to protect food from contamination or adulteration - Sec. 26(1) 
MONKEY SUSHI,2023-01-24,C - Crucial,43.67764,-79.35018,Fail to protect food from contamination or adulteration - Sec. 26(1) 
MONKEY SUSHI,2023-05-01,C - Crucial,43.67764,-79.35018,Fail to protect food from contamination or adulteration - Sec. 26(1) 
MONKEY SUSHI,2023-08-10,C - Crucial,43.67764,-79.35018,Fail to protect food from contamination or adulteration - Sec. 26(1) 
MONKEY THAI SUSHI,2022-06-29,C - Crucial,43.64781,-79.40095,Fail to protect food from contamination or adulteration - Sec. 26(1) 
MONKEY THAI SUSHI,2022-06-29,C - Crucial,43.64781,-79.40095,Fail to ensure food handler in food premise refrains from conduct that could result in contamination of food - Sec. 33(1)(h) 
MONKEY THAI SUSHI,2023-03-28,C - Crucial,43.64781,-79.40095,Fail to protect food from contamination or adulteration - Sec. 26(1) 
MONKEY THAI SUSHI,2023-03-28,C - Crucial,43.64781,-79.40095,Store potentially hazardous foods at internal temperature between 4 C and 60 C - Sec. 27(1)
MONTANA'S COOKHOUSE,2022-09-27,C - Crucial,43.68652,-79.58457,Fail to protect food from contamination or adulteration - Sec. 26(1) 
MORETTI CAFFE,2023-08-02,C - Crucial,43.64471,-79.39237,Fail to protect food from contamination or adulteration - Sec. 26(1) 
MORETTI CAFFE,2022-12-06,C - Crucial,43.72193,-79.47015,Fail to protect food from contamination or adulteration - Sec. 26(1) 
MORETTI CAFFE,2022-12-06,C - Crucial,43.72193,-79.47015,Display potentially hazardous foods at internal temperature between 4 C and 60 C - Sec. 27(1)
MORETTI CAFFE,2022-12-06,C - Crucial,43.72193,-79.47015,Fail to ensure food handler in food premise washes hands as necessary to prevent contamination of food - Sec. 33(1)(e) 
PIZZERIA MORETTI,2023-08-02,C - Crucial,43.64471,-79.39237,Store ice in unsanitary manner - Sec.  26(5) 
MORGANS ON THE DANFORTH,2024-05-03,C - Crucial,43.68214,-79.33035,Fail to protect food from contamination or adulteration - Sec. 26(1) 
MORGANS ON THE DANFORTH,2024-05-03,C - Crucial,43.68214,-79.33035,Store ice in unsanitary manner - Sec.  26(5) 
MORTONS,2022-10-20,C - Crucial,43.66875,-79.39415,Fail to protect food from contamination or adulteration - Sec. 26(1) 
MOTI PALACE SWEETS & CATERING,2022-10-07,C - Crucial,43.78145,-79.27913,Refrigerate potentially hazardous foods at internal temperature above 4 C - Sec. 30(a)
MOTI-MAHAL,2023-07-27,C - Crucial,43.67239,-79.32269,Distribute potentially hazardous foods at internal temperature between 4 C and 60 C - Sec. 27(1)
MOTI-MAHAL,2023-10-31,C - Crucial,43.67239,-79.32269,Distribute potentially hazardous foods at internal temperature between 4 C and 60 C - Sec. 27(1)
MOTI-MAHAL,2023-10-31,C - Crucial,43.67239,-79.32269,Fail to protect food from contamination or adulteration - Sec. 26(1) 
MOTI-MAHAL,2024-04-03,C - Crucial,43.67239,-79.32269,Food premise maintained in manner to permit contamination of single-service containers - Sec. 7(1)(h)  
MOTI-MAHAL,2022-07-14,C - Crucial,43.67239,-79.32269,Food premise maintained in manner to permit contamination of single-service articles - Sec. 7(1)(h)  
MOTI-MAHAL,2022-07-14,C - Crucial,43.67239,-79.32269,Fail to protect food from contamination or adulteration - Sec. 26(1) 
MOXIE'S CLASSIC GRILL,2023-07-05,C - Crucial,43.72608,-79.45147,Fail to ensure food handler in food premise washes hands as necessary to prevent contamination of food - Sec. 33(1)(e) 
MOXIE'S CLASSIC GRILL,2023-07-05,C - Crucial,43.72608,-79.45147,Store potentially hazardous foods at internal temperature between 4 C and 60 C - Sec. 27(1)
MOXIE'S CLASSIC GRILL,2023-07-05,C - Crucial,43.72608,-79.45147,Fail to protect food from contamination or adulteration - Sec. 26(1) 
MR DIZI,2023-10-25,C - Crucial,43.76734,-79.46983,Store potentially hazardous foods at internal temperature between 4 C and 60 C - Sec. 27(1)
MR MOMO,2022-10-26,C - Crucial,43.63556,-79.44129,Fail to protect food from contamination or adulteration - Sec. 26(1) 
MR PIDE,2024-02-21,C - Crucial,43.6798,-79.34157,Fail to protect food from contamination or adulteration - Sec. 26(1) 
MR TONKATSU,2023-04-18,C - Crucial,43.66528,-79.41075,Fail to protect food from contamination or adulteration - Sec. 26(1) 
MR. GREEK EXPRESS,2023-01-26,C - Crucial,43.75431,-79.35123,Maintain potentially hazardous foods at internal temperature between 4 C and 60 C -  Sec. 27(1)
MR. JOHN'S THE REAL KERALA KITCHEN,2022-08-18,C - Crucial,43.75313,-79.27662,Fail to protect food from contamination or adulteration - Sec. 26(1) 
MR. JOHN'S THE REAL KERALA KITCHEN,2022-08-18,C - Crucial,43.75313,-79.27662,Maintain potentially hazardous foods at internal temperature between 4 C and 60 C -  Sec. 27(1)
MR. JOHN'S THE REAL KERALA KITCHEN,2023-07-11,C - Crucial,43.75313,-79.27662,Fail to protect food from contamination or adulteration - Sec. 26(1) 
MR. JOHN'S THE REAL KERALA KITCHEN,2024-06-07,C - Crucial,43.75313,-79.27662,Fail to protect food from contamination or adulteration - Sec. 26(1) 
MR. SUB,2023-10-02,C - Crucial,43.70886,-79.45391,Sell potentially hazardous foods at internal temperature between 4 C and 60 C - Sec. 27(1)
MR. SUB,2023-10-02,C - Crucial,43.70886,-79.45391,Store potentially hazardous foods at internal temperature between 4 C and 60 C - Sec. 27(1)
MR. SUB & THAI EXPRESS,2023-12-11,C - Crucial,43.69773,-79.39606,Fail to protect food from contamination or adulteration - Sec. 26(1) 
MT EVEREST RESTAURANT,2023-02-02,C - Crucial,43.71346,-79.36667,Fail to protect food from contamination or adulteration - Sec. 26(1) 
MT EVEREST RESTAURANT,2024-02-21,C - Crucial,43.71346,-79.36667,Store potentially hazardous foods at internal temperature between 4 C and 60 C - Sec. 27(1)
MUHAMMAD HALAL MEAT AND SUPERMARKET,2022-11-24,C - Crucial,43.76615,-79.19167,Store potentially hazardous foods at internal temperature between 4 C and 60 C - Sec. 27(1)
MULLINS IRISH PUB,2022-08-16,C - Crucial,43.66616,-79.38741,Fail to protect food from contamination or adulteration - Sec. 26(1) 
MUNZUR RESTAURANT AND BUTCHER HOUSE,2024-01-11,C - Crucial,43.72287,-79.49769,Maintain potentially hazardous foods at internal temperature between 4 C and 60 C -  Sec. 27(1)
MUNZUR RESTAURANT AND BUTCHER HOUSE,2024-01-11,C - Crucial,43.72287,-79.49769,Fail to process food in manner safe to eat - Sec. 26(2)
MUNZUR RESTAURANT AND BUTCHER HOUSE,2024-01-11,C - Crucial,43.72287,-79.49769,Fail to ensure food handler in food premise washes hands as necessary to prevent contamination of food - Sec. 33(1)(e) 
MUNZUR RESTAURANT AND BUTCHER HOUSE,2024-01-11,C - Crucial,43.72287,-79.49769,Fail to protect food from contamination or adulteration - Sec. 26(1) 
MY ROTI PLACE,2024-04-04,C - Crucial,43.70554,-79.37546,Maintain potentially hazardous foods at internal temperature between 4 C and 60 C -  Sec. 27(1)
MY SUSHI/HUI LAU SHAN,2022-11-04,C - Crucial,43.77644,-79.41511,Store potentially hazardous foods at internal temperature between 4 C and 60 C - Sec. 27(1)
Mary's Place Hot Table and Sandwiches,2022-09-29,C - Crucial,43.71578,-79.31232,Food premise maintained in manner permitting adverse effect on food - Sec. 7(1)(a)(iii) 
Midland Gardens Care Community,2024-04-23,C - Crucial,43.70834,-79.24777,Food premise maintained in manner to permit contamination of single-service articles - Sec. 7(1)(h)  
Midland Gardens Care Community,2024-04-23,C - Crucial,43.70834,-79.24777,Store potentially hazardous foods at internal temperature between 4 C and 60 C - Sec. 27(1)
Miss Fu in ChengDu,2022-07-20,C - Crucial,43.77704,-79.41449,Store potentially hazardous foods at internal temperature between 4 C and 60 C - Sec. 27(1)
Miss Fu in ChengDu,2022-07-20,C - Crucial,43.77704,-79.41449,Fail to maintain records of food purchased  - Sec. 29(2)  
Miss Fu in ChengDu,2023-04-13,C - Crucial,43.77704,-79.41449,Fail to ensure food handler in food premise washes hands as necessary to prevent contamination of food - Sec. 33(1)(e) 
NAAN KABOB,2022-07-18,C - Crucial,43.70473,-79.36167,Store potentially hazardous foods at internal temperature between 4 C and 60 C - Sec. 27(1)
NAAN KABOB,2022-10-26,C - Crucial,43.70473,-79.36167,Fail to ensure food handler in food premise washes hands as necessary to prevent contamination of food - Sec. 33(1)(e) 
NAAN KABOB,2022-10-26,C - Crucial,43.70473,-79.36167,Fail to protect food from contamination or adulteration - Sec. 26(1) 
NAAN KABOB,2024-02-15,C - Crucial,43.70473,-79.36167,Store potentially hazardous foods at internal temperature between 4 C and 60 C - Sec. 27(1)
NAAN KABOB,2024-02-15,C - Crucial,43.70473,-79.36167,Fail to ensure food handler in food premise washes hands as necessary to prevent contamination of food areas - Sec.  33(1)(e)
NADEGE PATISSERIE,2022-08-11,C - Crucial,43.66547,-79.40993,Display potentially hazardous foods at internal temperature between 4 C and 60 C - Sec. 27(1)
NAKAMORI,2023-11-16,C - Crucial,43.72638,-79.335,Maintain potentially hazardous foods at internal temperature between 4 C and 60 C -  Sec. 27(1)
NAMASTE INDIA - INDIAN CUISINE,2023-08-17,C - Crucial,43.66467,-79.41332,Fail to protect food from contamination or adulteration - Sec. 26(1) 
NAMASTE INDIA - INDIAN CUISINE,2023-08-17,C - Crucial,43.66467,-79.41332,Store potentially hazardous foods at internal temperature between 4 C and 60 C - Sec. 27(1)
NAMI RESTAURANT,2023-07-24,C - Crucial,43.65086,-79.37602,Refrigerate potentially hazardous foods at internal temperature above 4 C - Sec. 30(a)
NARCOS TACOS,2023-02-16,C - Crucial,43.74622,-79.29359,Fail to protect food from contamination or adulteration - Sec. 26(1) 
NARCOS TACOS,2024-04-10,C - Crucial,43.74622,-79.29359,Food premise maintained in manner to permit contamination of single-service articles - Sec. 7(1)(h)  
NARCOS TACOS,2024-04-10,C - Crucial,43.74622,-79.29359,Fail to protect food from contamination or adulteration - Sec. 26(1) 
NATIONS FRESH FOODS,2022-08-12,C - Crucial,43.67288,-79.47085,Fail to protect food from contamination or adulteration - Sec. 26(1) 
NAVS GROCERY,2022-10-17,C - Crucial,43.64013,-79.37965,Food premise maintained in manner to permit contamination of single-service containers - Sec. 7(1)(h)  
NEVIZADE KITCHEN AND BAR,2023-02-10,C - Crucial,43.69926,-79.39711,Fail to protect food from contamination or adulteration - Sec. 26(1) 
NEW BAKERY,2022-06-29,C - Crucial,43.66556,-79.3512,Distribute potentially hazardous foods at internal temperature between 4 C and 60 C - Sec. 27(1)
NEW BAKERY,2022-06-29,C - Crucial,43.66556,-79.3512,Food premise maintained in manner permitting adverse effect on food - Sec. 7(1)(a)(iii) 
NEW CANTON KITCHEN,2023-07-11,C - Crucial,43.82188,-79.29921,Refrigerate potentially hazardous foods at internal temperature above 4 C - Sec. 30(a)
NEW CENTURY FOOD,2023-02-28,C - Crucial,43.8322,-79.26616,Display potentially hazardous foods at internal temperature between 4 C and 60 C - Sec. 27(1)
NEW CHAMSINE,2022-06-20,C - Crucial,43.65453,-79.36942,Store ice in unsanitary manner - Sec.  26(5) 
NEW DA FU SEAFOOD CUISINE,2023-04-24,C - Crucial,43.83219,-79.26675,Maintain potentially hazardous foods at internal temperature between 4 C and 60 C -  Sec. 27(1)
NEW DA FU SEAFOOD CUISINE,2023-04-24,C - Crucial,43.83219,-79.26675,Food premise maintained in manner permitting adverse effect on food - Sec. 7(1)(a)(iii) 
NEW DA FU SEAFOOD CUISINE,2023-08-24,C - Crucial,43.83219,-79.26675,Fail to protect food from contamination or adulteration - Sec. 26(1) 
NEW DA FU SEAFOOD CUISINE,2024-02-15,C - Crucial,43.83219,-79.26675,Fail to protect food from contamination or adulteration - Sec. 26(1) 
NEW FAMOUS INDIAN CUISINE,2023-03-16,C - Crucial,43.67216,-79.32327,Food premise maintained in manner permitting adverse effect on food - Sec. 7(1)(a)(iii) 
NEW HONG FATT BBQ RESTAURANT,2022-10-14,C - Crucial,43.65329,-79.39598,Refrigerate potentially hazardous foods at internal temperature above 4 C - Sec. 30(a)
NEW JAZEERA CAFE,2023-08-21,C - Crucial,43.70017,-79.50994,Fail to obtain food from source subject to inspection - Sec. 29(1)  
NEW KALYANI TAKE OUT & CATERING,2022-06-22,C - Crucial,43.73047,-79.26673,Store potentially hazardous foods at internal temperature between 4 C and 60 C - Sec. 27(1)
NEW KALYANI TAKE OUT & CATERING,2023-03-15,C - Crucial,43.73047,-79.26673,Store potentially hazardous foods at internal temperature between 4 C and 60 C - Sec. 27(1)
NEW KALYANI TAKE OUT & CATERING,2023-03-15,C - Crucial,43.73047,-79.26673,Fail to ensure food handler in food premise washes hands as necessary to prevent contamination of food - Sec. 33(1)(e) 
NEW KALYANI TAKE OUT & CATERING,2023-06-16,C - Crucial,43.73047,-79.26673,Fail to protect food from contamination or adulteration - Sec. 26(1) 
NEW KALYANI TAKE OUT & CATERING,2023-06-16,C - Crucial,43.73047,-79.26673,Maintain potentially hazardous foods at internal temperature between 4 C and 60 C -  Sec. 27(1)
NEW KALYANI TAKE OUT & CATERING,2023-10-30,C - Crucial,43.73047,-79.26673,Maintain potentially hazardous foods at internal temperature between 4 C and 60 C -  Sec. 27(1)
NEW KALYANI TAKE OUT & CATERING,2023-10-30,C - Crucial,43.73047,-79.26673,Fail to protect food from contamination or adulteration - Sec. 26(1) 
NEW KALYANI TAKE OUT & CATERING,2023-10-30,C - Crucial,43.73047,-79.26673,Refrigerate potentially hazardous foods at internal temperature above 4 C - Sec. 30(a)
NEW KALYANI TAKE OUT & CATERING,2024-04-08,C - Crucial,43.73047,-79.26673,Display potentially hazardous foods at internal temperature between 4 C and 60 C - Sec. 27(1)
NEW KALYANI TAKE OUT & CATERING,2024-04-08,C - Crucial,43.73047,-79.26673,Fail to protect food from contamination or adulteration - Sec. 26(1) 
NEW KING OF KINGS BAKERY,2024-03-07,C - Crucial,43.74803,-79.52174,Maintain potentially hazardous foods at internal temperature between 4 C and 60 C -  Sec. 27(1)
NEW KING OF KINGS BAKERY,2024-03-07,C - Crucial,43.74803,-79.52174,Fail to ensure food handler in food premise washes hands as necessary to prevent contamination of food - Sec. 33(1)(e) 
NEW KING OF KINGS BAKERY,2024-03-07,C - Crucial,43.74803,-79.52174,Food premise maintained in manner to permit contamination of single-service articles - Sec. 7(1)(h)  
NEW KING OF KINGS BAKERY,2024-03-07,C - Crucial,43.74803,-79.52174,Fail to protect food from contamination or adulteration - Sec. 26(1) 
NEW KING OF KINGS BAKERY,2024-05-24,C - Crucial,43.74803,-79.52174,Food premise maintained in manner permitting adverse effect on food - Sec. 7(1)(a)(iii) 
NEW KING OF KINGS BAKERY,2024-05-24,C - Crucial,43.74803,-79.52174,Food premise maintained in manner permitting health hazard (Insects) - Sec. 7(1)(a)(i)    
NEW NEROSHIKKA VARIETY STORE,2023-11-06,C - Crucial,43.70345,-79.47721,Fail to ensure room kept free from live birds or animals - Sec. 14(1)
NEW SKY RESTAURANT,2022-07-14,C - Crucial,43.65503,-79.39876,Fail to protect food from contamination or adulteration - Sec. 26(1) 
NINO D'AVERSA,2023-12-14,C - Crucial,43.75968,-79.48975,Store potentially hazardous foods at internal temperature between 4 C and 60 C - Sec. 27(1)
NINO D'AVERSA,2023-12-14,C - Crucial,43.75968,-79.48975,Store ice in unsanitary manner - Sec.  26(5) 
NO. 10 DEAN,2024-03-08,C - Crucial,43.71028,-79.39401,Fail to protect food from contamination or adulteration - Sec. 26(1) 
NO. 10 DEAN,2024-03-08,C - Crucial,43.71028,-79.39401,Display potentially hazardous foods at internal temperature between 4 C and 60 C - Sec. 27(1)
NOAH KOSHER SUSHI,2023-03-08,C - Crucial,43.74695,-79.43597,Fail to ensure food handler in food premise washes hands as necessary to prevent contamination of food - Sec. 33(1)(e) 
NOAH KOSHER SUSHI,2023-03-08,C - Crucial,43.74695,-79.43597,Fail to protect food from contamination or adulteration - Sec. 26(1) 
NOAH KOSHER SUSHI,2023-08-23,C - Crucial,43.74695,-79.43597,Fail to protect food from contamination or adulteration - Sec. 26(1) 
NODO LESLIEVILLE,2024-05-24,C - Crucial,43.66312,-79.33166,Fail to protect food from contamination or adulteration - Sec. 26(1) 
NOME IZAKAYA,2023-11-15,C - Crucial,43.76252,-79.41154,Store potentially hazardous foods at internal temperature between 4 C and 60 C - Sec. 27(1)
NOODLE ME,2023-10-16,C - Crucial,43.64975,-79.48378,Store ice in unsanitary manner - Sec.  26(5) 
NOODLE ME,2023-10-16,C - Crucial,43.64975,-79.48378,Fail to protect food from contamination or adulteration - Sec. 26(1) 
NORLING,2023-06-16,C - Crucial,43.64023,-79.43842,Fail to protect food from contamination or adulteration - Sec. 26(1) 
NORLING,2024-04-04,C - Crucial,43.64023,-79.43842,Fail to protect food from contamination or adulteration - Sec. 26(1) 
NORTH POLE BAKERY,2023-04-26,C - Crucial,43.68181,-79.3319,Food premise maintained in manner to permit contamination of single-service articles - Sec. 7(1)(h)  
NORTHERN MAVERICK GASTRO BREWERY,2022-08-04,C - Crucial,43.64501,-79.4029,Store potentially hazardous foods at internal temperature between 4 C and 60 C - Sec. 27(1)
NOT JUST BUTTER CHICKEN,2024-04-17,C - Crucial,43.68184,-79.32964,Food premise maintained in manner to permit contamination of single-service containers - Sec. 7(1)(h)  
NOT JUST BUTTER CHICKEN,2024-04-17,C - Crucial,43.68184,-79.32964,Fail to protect food from contamination or adulteration - Sec. 26(1) 
NOT JUST BUTTER CHICKEN,2024-04-17,C - Crucial,43.68184,-79.32964,Refrigerate potentially hazardous foods at internal temperature above 4 C - Sec. 30(a)
NOT JUST NOODLES,2023-04-03,C - Crucial,43.66503,-79.38481,Fail to protect food from contamination or adulteration - Sec. 26(1) 
NOVOTEL HOTEL,2022-10-05,C - Crucial,43.76871,-79.41434,Fail to protect food from contamination or adulteration - Sec. 26(1) 
NOZOMI,2023-08-08,C - Crucial,43.72705,-79.43128,Refrigerate potentially hazardous foods at internal temperature above 4 C - Sec. 30(a)
NOZOMI,2023-08-08,C - Crucial,43.72705,-79.43128,Store ice in unsanitary manner - Sec.  26(5) 
NUGGET HALAL PIZZA AND WINGS,2022-07-14,C - Crucial,43.79183,-79.24963,Fail to protect food from contamination or adulteration - Sec. 26(1) 
Naan & Kabob,2024-03-14,C - Crucial,43.79467,-79.24078,Refrigerate potentially hazardous foods at internal temperature above 4 C - Sec. 30(a)
New Banadir Restaurant,2024-05-06,C - Crucial,43.70017,-79.50994,Fail to ensure storage pallets designed to protect against contamination - Sec. 31
New Mirchi Dhaba,2023-10-03,C - Crucial,43.76736,-79.22863,Fail to protect food from contamination or adulteration - Sec. 26(1) 
New Quality Bakery,2023-08-31,C - Crucial,43.76486,-79.28014,Fail to protect food from contamination or adulteration - Sec. 26(1) 
New Quality Bakery,2024-04-30,C - Crucial,43.76486,-79.28014,Fail to protect food from contamination or adulteration - Sec. 26(1) 
OCHO,2023-11-16,C - Crucial,43.6497,-79.39661,Fail to ensure food handler in food premise refrains from conduct that could result in contamination of food - Sec. 33(1)(h) 
ODESSA,2023-03-31,C - Crucial,43.70705,-79.44332,Offer for sale ungraded eggs - Sec. 47(1)
OLD K FRIED CHICKEN,2023-12-04,C - Crucial,43.76588,-79.40074,Food premise maintained in manner to permit contamination of single-service containers - Sec. 7(1)(h)  
OLD K FRIED CHICKEN,2023-12-04,C - Crucial,43.76588,-79.40074,Fail to ensure food handler in food premise washes hands as necessary to prevent contamination of food - Sec. 33(1)(e) 
OLD K FRIED CHICKEN,2023-12-04,C - Crucial,43.76588,-79.40074,Fail to protect food from contamination or adulteration - Sec. 26(1) 
OLIVE KEBAB,2022-09-21,C - Crucial,43.60178,-79.50171,Fail to protect food from contamination or adulteration - Sec. 26(1) 
OMNI PALACE,2023-10-05,C - Crucial,43.76226,-79.41083,Fail to protect food from contamination or adulteration - Sec. 26(1) 
OMNI PALACE,2024-01-24,C - Crucial,43.76226,-79.41083,Maintain potentially hazardous foods at internal temperature between 4 C and 60 C -  Sec. 27(1)
OMNI PALACE,2024-01-24,C - Crucial,43.76226,-79.41083,Fail to protect food from contamination or adulteration - Sec. 26(1) 
OMNI PALACE,2024-01-24,C - Crucial,43.76226,-79.41083,Fail to ensure food handler in food premise washes hands as necessary to prevent contamination of food - Sec. 33(1)(e) 
ON THE ROCKS,2024-04-09,C - Crucial,43.65028,-79.36836,Fail to protect food from contamination or adulteration - Sec. 26(1) 
Omni Noodle,2023-05-10,C - Crucial,43.78554,-79.27566,Fail to ensure food handler in food premise washes hands as necessary to prevent contamination of food - Sec. 33(1)(e) 
OSMOW'S,2023-10-16,C - Crucial,43.64985,-79.48334,Fail to protect food from contamination or adulteration - Sec. 26(1) 
OSMOW'S,2022-09-09,C - Crucial,43.77342,-79.50234,Refrigerate potentially hazardous foods at internal temperature above 4 C - Sec. 30(a)
OWL OF MINERVA,2024-05-06,C - Crucial,43.77324,-79.41424,Fail to ensure food handler in food premise refrains from conduct that could result in contamination of food areas - Sec. 33(1)(h) 
OWL OF MINERVA,2023-05-15,C - Crucial,43.77324,-79.41424,Refrigerate potentially hazardous foods at internal temperature above 4 C - Sec. 30(a)
OYATO FOOD INC,2023-12-18,C - Crucial,43.69819,-79.50288,Fail to protect food from contamination or adulteration - Sec. 26(1) 
OYSTER MINE,2022-10-18,C - Crucial,43.70171,-79.39694,Store ice in unsanitary manner - Sec.  26(5) 
One Plus One,2023-03-22,C - Crucial,43.82188,-79.29921,Fail to protect food from contamination or adulteration - Sec. 26(1) 
One Plus One,2023-07-12,C - Crucial,43.82188,-79.29921,Fail to ensure storage pallets designed to protect against contamination - Sec. 31
PACIFIC FRESH FOOD MARKET,2023-01-16,C - Crucial,43.76972,-79.52096,Fail to protect food from contamination or adulteration - Sec. 26(1) 
PAI RESTAURANT,2023-05-19,C - Crucial,43.64784,-79.38872,Fail to protect food from contamination or adulteration - Sec. 26(1) 
PAISANO'S ITALIAN GARDEN CAFE,2022-11-21,C - Crucial,43.76461,-79.40024,Store potentially hazardous foods at internal temperature between 4 C and 60 C - Sec. 27(1)
PANTRY,2023-02-06,C - Crucial,43.72811,-79.43209,Fail to ensure food handler in food premise washes hands as necessary to prevent contamination of food - Sec. 33(1)(e) 
PANTRY,2023-02-06,C - Crucial,43.72811,-79.43209,Fail to protect food from contamination or adulteration - Sec. 26(1) 
PANTRY,2023-02-06,C - Crucial,43.72811,-79.43209,Store ice in unsanitary manner - Sec.  26(5) 
PAPA JOHNS PIZZA,2024-05-02,C - Crucial,43.65097,-79.44001,Refrigerate potentially hazardous foods at internal temperature above 4 C - Sec. 30(a)
PAPINO'S PIZZA,2022-06-24,C - Crucial,43.7063,-79.50502,Maintain potentially hazardous foods at internal temperature between 4 C and 60 C -  Sec. 27(1)
PARAMOUNT FINE FOODS,2022-12-20,C - Crucial,43.65509,-79.38002,Store potentially hazardous foods at internal temperature between 4 C and 60 C - Sec. 27(1)
PARAMOUNT FINE FOODS,2023-09-19,C - Crucial,43.7749,-79.32625,Fail to protect food from contamination or adulteration - Sec. 26(1) 
PARAMOUNT LEBANESE KITCHEN,2023-02-09,C - Crucial,43.72426,-79.48922,Maintain potentially hazardous foods at internal temperature between 4 C and 60 C -  Sec. 27(1)
PASSION +JUICE,2024-04-25,C - Crucial,43.72097,-79.51253,Refrigerate potentially hazardous foods at internal temperature above 4 C - Sec. 30(a)
PASTA GOODNESS,2023-02-28,C - Crucial,43.7094,-79.44422,Fail to protect food from contamination or adulteration - Sec. 26(1) 
PAT SPRING GARDEN MARKET,2023-03-06,C - Crucial,43.76452,-79.40985,Fail to ensure food handler in food premise washes hands as necessary to prevent contamination of food - Sec. 33(1)(e) 
PATISSERIE GATEAU,2023-08-14,C - Crucial,43.79555,-79.42008,Display potentially hazardous foods at internal temperature between 4 C and 60 C - Sec. 27(1)
PATNA KABAB HOUSE,2022-09-20,C - Crucial,43.74367,-79.30162,Fail to protect food from contamination or adulteration - Sec. 26(1) 
PATNA KABAB HOUSE,2023-06-27,C - Crucial,43.74367,-79.30162,Store potentially hazardous foods at internal temperature between 4 C and 60 C - Sec. 27(1)
PATNA KABAB HOUSE,2023-06-27,C - Crucial,43.74367,-79.30162,Fail to protect food from contamination or adulteration - Sec. 26(1) 
PATNA KABAB HOUSE,2023-09-07,C - Crucial,43.74367,-79.30162,Fail to protect food from contamination or adulteration - Sec. 26(1) 
PATNA KABAB HOUSE,2024-01-09,C - Crucial,43.74367,-79.30162,Store potentially hazardous foods at internal temperature between 4 C and 60 C - Sec. 27(1)
PATNA KABAB HOUSE,2024-01-09,C - Crucial,43.74367,-79.30162,Fail to protect food from contamination or adulteration - Sec. 26(1) 
PAUL'S BREAKFAST AND BURGERS,2023-05-08,C - Crucial,43.80355,-79.16943,Fail to protect food from contamination or adulteration - Sec. 26(1) 
PAVILLION PASTRIES,2022-08-17,C - Crucial,43.68844,-79.30178,Store potentially hazardous foods at internal temperature between 4 C and 60 C - Sec. 27(1)
PEARL HARBOURFRONT CHINESE CUISINE,2023-03-17,C - Crucial,43.63927,-79.38089,Fail to ensure food handler in food premise refrains from conduct that could result in contamination of food - Sec. 33(1)(h) 
PERFECT CHINESE RESTAURANT,2023-01-26,C - Crucial,43.78748,-79.27065,Fail to protect food from contamination or adulteration - Sec. 26(1) 
PERFECT CHINESE RESTAURANT,2023-08-11,C - Crucial,43.78748,-79.27065,Fail to protect food from contamination or adulteration - Sec. 26(1) 
PETIT POTATO,2023-06-19,C - Crucial,43.79055,-79.36575,Store ice in unsanitary manner - Sec.  26(5) 
PETIT POTATO,2024-06-12,C - Crucial,43.76829,-79.41228,Fail to protect food from contamination or adulteration - Sec. 26(1) 
PETIT POTATO,2024-06-12,C - Crucial,43.76829,-79.41228,Maintain potentially hazardous foods at internal temperature between 4 C and 60 C -  Sec. 27(1)
PHEASANT AND FIRKIN,2024-03-19,C - Crucial,43.73524,-79.41956,Fail to ensure food handler in food premise refrains from conduct that could result in contamination of food areas - Sec. 33(1)(h) 
PHIL'S PLACE,2024-06-04,C - Crucial,43.64905,-79.37177,Store potentially hazardous foods at internal temperature between 4 C and 60 C - Sec. 27(1)
PHIL'S PLACE,2024-06-04,C - Crucial,43.64905,-79.37177,Fail to protect food from contamination or adulteration - Sec. 26(1) 
PHIL'S PLACE,2024-06-04,C - Crucial,43.64905,-79.37177,Fail to ensure food handler in food premise washes hands as necessary to prevent contamination of food - Sec. 33(1)(e) 
PHO AN VIETNAMESE CUISINE,2022-07-11,C - Crucial,43.75685,-79.51714,Fail to protect food from contamination or adulteration - Sec. 26(1) 
PHO ANH VU,2023-07-14,C - Crucial,43.71838,-79.45584,Fail to ensure food handler in food premise washes hands as necessary to prevent contamination of food - Sec. 33(1)(e) 
PHO ANH VU,2023-07-14,C - Crucial,43.71838,-79.45584,Store ice in unsanitary manner - Sec.  26(5) 
PHO ANH VU,2023-07-14,C - Crucial,43.71838,-79.45584,Maintain potentially hazardous foods at internal temperature between 4 C and 60 C -  Sec. 27(1)
PHO ANH VU,2023-07-14,C - Crucial,43.71838,-79.45584,Fail to protect food from contamination or adulteration - Sec. 26(1) 
PHO ANH VU,2024-04-08,C - Crucial,43.71838,-79.45584,Fail to protect food from contamination or adulteration - Sec. 26(1) 
PHO ANH VU,2024-04-08,C - Crucial,43.71838,-79.45584,Fail to ensure food handler in food premise washes hands as necessary to prevent contamination of food - Sec. 33(1)(e) 
PHO ANH VU,2024-04-08,C - Crucial,43.71838,-79.45584,Store potentially hazardous foods at internal temperature between 4 C and 60 C - Sec. 27(1)
DEAR SAIGON,2024-01-08,C - Crucial,43.77937,-79.41581,Store potentially hazardous foods at internal temperature between 4 C and 60 C - Sec. 27(1)
PHO CHALLENGE,2022-06-29,C - Crucial,43.68864,-79.34824,Fail to ensure food handler in food premise refrains from conduct that could result in contamination of food - Sec. 33(1)(h) 
PHO CHALLENGE,2022-06-29,C - Crucial,43.68864,-79.34824,Fail to protect food from contamination or adulteration - Sec. 26(1) 
PHO CHALLENGE,2022-06-29,C - Crucial,43.68864,-79.34824,Store ice in unsanitary manner - Sec.  26(5) 
PHO DAI THIEN,2023-06-08,C - Crucial,43.71974,-79.50774,Store potentially hazardous foods at internal temperature between 4 C and 60 C - Sec. 27(1)
PHO DAI THIEN,2023-10-27,C - Crucial,43.71974,-79.50774,Maintain potentially hazardous foods at internal temperature between 4 C and 60 C -  Sec. 27(1)
PHO DAI THIEN,2023-10-27,C - Crucial,43.71974,-79.50774,Store potentially hazardous foods at internal temperature between 4 C and 60 C - Sec. 27(1)
PHO DAU BO,2023-10-10,C - Crucial,43.76155,-79.22421,Refrigerate potentially hazardous foods at internal temperature above 4 C - Sec. 30(a)
PHO HUONG,2023-04-03,C - Crucial,43.66526,-79.46874,Maintain potentially hazardous foods at internal temperature between 4 C and 60 C -  Sec. 27(1)
PHO MI VIET HOA RESTAURANT,2022-07-12,C - Crucial,43.75174,-79.51594,Store potentially hazardous foods at internal temperature between 4 C and 60 C - Sec. 27(1)
PHO MI VIET HOA RESTAURANT,2022-09-22,C - Crucial,43.75174,-79.51594,Fail to protect food from contamination or adulteration - Sec. 26(1) 
PI CO PIZZA,2023-03-10,C - Crucial,43.73511,-79.34397,Refrigerate potentially hazardous foods at internal temperature above 4 C - Sec. 30(a)
PI CO.,2024-03-01,C - Crucial,43.67649,-79.35848,Fail to ensure food handler in food premise washes hands as necessary to prevent contamination of food - Sec. 33(1)(e) 
PIANO PIANO,2022-09-09,C - Crucial,43.6629,-79.4029,Fail to protect food from contamination or adulteration - Sec. 26(1) 
PIANO PIANO,2023-04-25,C - Crucial,43.6629,-79.4029,Fail to protect food from contamination or adulteration - Sec. 26(1) 
PICKLE BARREL GRAND AND CAFE,2023-08-23,C - Crucial,43.72518,-79.4491,Fail to ensure food handler in food premise refrains from conduct that could result in contamination of food - Sec. 33(1)(h) 
PIG OUT BBQ,2023-03-22,C - Crucial,43.6632,-79.40226,Fail to protect food from contamination or adulteration - Sec. 26(1) 
PINE HOUSE CAFE,2023-06-22,C - Crucial,43.791,-79.36732,Fail to ensure storage racks designed to protect against contamination - Sec. 31
PINOY HUB,2023-06-07,C - Crucial,43.796,-79.42306,Fail to protect food from contamination or adulteration - Sec. 26(1) 
PINOY HUB,2023-06-07,C - Crucial,43.796,-79.42306,Hot-holding potentially hazardous foods at internal temperature below 60 C - Sec. 30(a)
PITA LAND,2022-11-24,C - Crucial,43.65678,-79.37525,Fail to protect food from contamination or adulteration - Sec. 26(1) 
PITA LAND,2023-01-06,C - Crucial,43.67217,-79.37711,Maintain potentially hazardous foods at internal temperature between 4 C and 60 C -  Sec. 27(1)
PITA PIT,2024-03-21,C - Crucial,43.67439,-79.47015,Fail to protect food from contamination or adulteration - Sec. 26(1) 
PITA WAY MEDITERRANEAN CUISINE,2022-12-15,C - Crucial,43.66139,-79.38044,Fail to protect food from contamination or adulteration - Sec. 26(1) 
PIZZA CAFE,2023-02-15,C - Crucial,43.73798,-79.43463,Maintain potentially hazardous foods at internal temperature between 4 C and 60 C -  Sec. 27(1)
PIZZA CAFE,2023-02-15,C - Crucial,43.73798,-79.43463,Fail to ensure food handler in food premise washes hands as necessary to prevent contamination of food - Sec. 33(1)(e) 
PIZZA CAFE,2023-07-18,C - Crucial,43.73798,-79.43463,Fail to ensure food handler in food premise washes hands as necessary to prevent contamination of food areas - Sec.  33(1)(e)
PIZZA FIAMMA,2023-04-03,C - Crucial,43.71676,-79.55462,Store potentially hazardous foods at internal temperature between 4 C and 60 C - Sec. 27(1)
PIZZA FIAMMA,2023-04-03,C - Crucial,43.71676,-79.55462,Fail to protect food from contamination or adulteration - Sec. 26(1) 
PIZZA PIZZA,2024-01-16,C - Crucial,43.66593,-79.38066,Store potentially hazardous foods at internal temperature between 4 C and 60 C - Sec. 27(1)
PIZZA PIZZA,2023-09-11,C - Crucial,43.63987,-79.38142,Store potentially hazardous foods at internal temperature between 4 C and 60 C - Sec. 27(1)
PIZZA PIZZA,2024-03-25,C - Crucial,43.62651,-79.50244,Fail to protect food from contamination or adulteration - Sec. 26(1) 
PIZZA PIZZA,2024-03-25,C - Crucial,43.62651,-79.50244,Fail to ensure food handler in food premise washes hands as necessary to prevent contamination of food - Sec. 33(1)(e) 
PIZZA PIZZA,2023-09-27,C - Crucial,43.66187,-79.38304,Store potentially hazardous foods at internal temperature between 4 C and 60 C - Sec. 27(1)
PIZZA PIZZA,2024-01-19,C - Crucial,43.64528,-79.38049,Refrigerate potentially hazardous foods at internal temperature above 4 C - Sec. 30(a)
PIZZA PIZZA,2023-01-13,C - Crucial,43.67107,-79.32829,Distribute potentially hazardous foods at internal temperature between 4 C and 60 C - Sec. 27(1)
PIZZA PROS,2023-03-23,C - Crucial,43.71405,-79.55857,Fail to ensure food handler in food premise refrains from conduct that could result in contamination of food - Sec. 33(1)(h) 
PIZZA RUSTICA,2022-07-15,C - Crucial,43.64488,-79.3917,Store potentially hazardous foods at internal temperature between 4 C and 60 C - Sec. 27(1)
PIZZA RUSTICA,2023-06-27,C - Crucial,43.64488,-79.3917,Fail to protect food from contamination or adulteration - Sec. 26(1) 
PIZZA RUSTICA,2023-09-22,C - Crucial,43.64488,-79.3917,Fail to protect food from contamination or adulteration - Sec. 26(1) 
PIZZA RUSTICA,2023-11-20,C - Crucial,43.64488,-79.3917,Fail to protect food from contamination or adulteration - Sec. 26(1) 
PIZZA SHAB,2022-11-01,C - Crucial,43.69992,-79.39721,Fail to ensure food handler in food premise washes hands as necessary to prevent contamination of food - Sec. 33(1)(e) 
PIZZA SHAB,2022-11-01,C - Crucial,43.69992,-79.39721,Fail to protect food from contamination or adulteration - Sec. 26(1) 
PIZZA SHAB,2023-08-03,C - Crucial,43.69992,-79.39721,Fail to protect food from contamination or adulteration - Sec. 26(1) 
PIZZA WINE DISCO,2023-08-30,C - Crucial,43.64338,-79.40665,Store ice in unsanitary manner - Sec.  26(5) 
PIZZA WINE DISCO,2023-12-27,C - Crucial,43.64338,-79.40665,Store ice in unsanitary manner - Sec.  26(5) 
PIZZA WINE DISCO,2024-03-12,C - Crucial,43.64338,-79.40665,Fail to protect food from contamination or adulteration - Sec. 26(1) 
PIZZAIOLO,2023-07-07,C - Crucial,43.68775,-79.39467,Fail to ensure food handler in food premise washes hands as necessary to prevent contamination of food - Sec. 33(1)(e) 
PIZZAIOLO,2024-03-06,C - Crucial,43.7075,-79.38946,Food premise maintained in manner permitting adverse effect on food - Sec. 7(1)(a)(iii) 
PLANTA,2023-02-16,C - Crucial,43.67029,-79.3895,Fail to protect food from contamination or adulteration - Sec. 26(1) 
POGUE MAHONE PUB & KITCHEN,2022-07-22,C - Crucial,43.66064,-79.38538,Maintain potentially hazardous foods at internal temperature between 4 C and 60 C -  Sec. 27(1)
POORANI VILAAS,2022-06-20,C - Crucial,43.83657,-79.24952,Fail to protect food from contamination or adulteration - Sec. 26(1) 
POORANI VILAAS,2022-06-20,C - Crucial,43.83657,-79.24952,Fail to ensure food handler in food premise refrains from conduct that could result in contamination of food - Sec. 33(1)(h) 
POPA,2024-02-06,C - Crucial,43.76923,-79.38837,Fail to protect food from contamination or adulteration - Sec. 26(1) 
POPEYES LOUISIANA KITCHEN,2023-03-06,C - Crucial,43.83262,-79.26689,Fail to protect food from contamination or adulteration - Sec. 26(1) 
POPULAR CHINESE DINER,2022-11-08,C - Crucial,43.68368,-79.39253,Maintain potentially hazardous foods at internal temperature between 4 C and 60 C -  Sec. 27(1)
POPULAR CHINESE DINER,2022-11-08,C - Crucial,43.68368,-79.39253,Fail to protect food from contamination or adulteration - Sec. 26(1) 
POPULAR CHINESE DINER,2023-03-29,C - Crucial,43.68368,-79.39253,Fail to protect food from contamination or adulteration - Sec. 26(1) 
POPULAR CHINESE DINER,2024-04-03,C - Crucial,43.68368,-79.39253,Food premise maintained in manner permitting adverse effect on food - Sec. 7(1)(a)(iii) 
POTLICIOUS,2024-01-11,C - Crucial,43.80374,-79.28682,Fail to protect food from contamination or adulteration - Sec. 26(1) 
POUTINE SHACK - PRINCES NORTH - CNE 2022,2022-08-19,C - Crucial,43.63501,-79.41119,Maintain potentially hazardous foods at internal temperature between 4 C and 60 C -  Sec. 27(1)
PREETHI CATERING,2023-07-19,C - Crucial,43.77335,-79.336,Store potentially hazardous foods at internal temperature between 4 C and 60 C - Sec. 27(1)
PREMI BROTHERS LTD,2023-05-23,C - Crucial,43.75929,-79.29138,Fail to protect food from contamination or adulteration - Sec. 26(1) 
PRISTINE FINE FOODS,2024-02-21,C - Crucial,43.61625,-79.52039,Fail to obtain food from source subject to inspection - Sec. 29(1)  
PRISTINE FINE FOODS,2024-02-21,C - Crucial,43.61625,-79.52039,Fail to ensure room kept free from live birds or animals - Sec. 14(1)
PROGRESS PORTUGUESE BAKERY AND PASTRY,2022-06-20,C - Crucial,43.66705,-79.43165,Display potentially hazardous foods at internal temperature between 4 C and 60 C - Sec. 27(1)
PUPUSERIA EL BUEN SABOR,2024-01-18,C - Crucial,43.75125,-79.55202,Fail to protect food from contamination or adulteration - Sec. 26(1) 
PUPUSERIA EL BUEN SABOR,2024-01-18,C - Crucial,43.75125,-79.55202,Fail to ensure food handler in food premise washes hands as necessary to prevent contamination of food - Sec. 33(1)(e) 
PURE SPIRITS OYSTER HOUSE,2022-08-17,C - Crucial,43.65042,-79.35872,Store potentially hazardous foods at internal temperature between 4 C and 60 C - Sec. 27(1)
Panchvati Supermarket,2024-05-21,C - Crucial,43.77639,-79.2307,Fail to protect food from contamination or adulteration - Sec. 26(1) 
Panchvati Supermarket,2024-05-21,C - Crucial,43.77639,-79.2307,Maintain potentially hazardous foods at internal temperature between 4 C and 60 C -  Sec. 27(1)
Panchvati Supermarket,2022-09-21,C - Crucial,43.77639,-79.2307,Fail to ensure storage pallets designed to protect against contamination - Sec. 31
Panda Wok,2023-03-22,C - Crucial,43.70729,-79.2696,Fail to protect food from contamination or adulteration - Sec. 26(1) 
Panda Wok,2024-04-19,C - Crucial,43.70729,-79.2696,Fail to protect food from contamination or adulteration - Sec. 26(1) 
Papa Spicy / Shu Yi Tealicious,2023-08-02,C - Crucial,43.76124,-79.40894,Store potentially hazardous foods at internal temperature between 4 C and 60 C - Sec. 27(1)
Papa Spicy / Shu Yi Tealicious,2024-04-16,C - Crucial,43.76124,-79.40894,Fail to protect food from contamination or adulteration - Sec. 26(1) 
Pariwar Restaurant,2023-09-26,C - Crucial,43.74267,-79.30865,Fail to protect food from contamination or adulteration - Sec. 26(1) 
Pho Cuu Long Mien Tay,2023-01-04,C - Crucial,43.74,-79.51373,Fail to protect food from contamination or adulteration - Sec. 26(1) 
Pizza Depot,2022-09-15,C - Crucial,43.77639,-79.2343,Store potentially hazardous foods at internal temperature between 4 C and 60 C - Sec. 27(1)
Playa Cabana Bar Esquina,2023-12-21,C - Crucial,43.70709,-79.39775,Fail to process food in manner safe to eat - Sec. 26(2)
Pot Rice and Rolls House,2022-10-13,C - Crucial,43.82188,-79.29921,Maintain potentially hazardous foods at internal temperature between 4 C and 60 C -  Sec. 27(1)
Pot Rice and Rolls House,2022-10-17,C - Crucial,43.82188,-79.29921,Maintain potentially hazardous foods at internal temperature between 4 C and 60 C -  Sec. 27(1)
QING SHU SPICY HOTPOT,2024-03-14,C - Crucial,43.77048,-79.4129,Store potentially hazardous foods at internal temperature between 4 C and 60 C - Sec. 27(1)
QING SHU SPICY HOTPOT,2024-03-14,C - Crucial,43.77048,-79.4129,Fail to protect food from contamination or adulteration - Sec. 26(1) 
QINTHAI CUISINE,2023-10-18,C - Crucial,43.67895,-79.47305,Fail to protect food from contamination or adulteration - Sec. 26(1) 
QUAN NGON,2023-11-06,C - Crucial,43.75174,-79.51594,Fail to ensure food handler in food premise washes hands as necessary to prevent contamination of food - Sec. 33(1)(e) 
QUAN NGON,2023-11-06,C - Crucial,43.75174,-79.51594,Store ice in unsanitary manner - Sec.  26(5) 
QUEEN CITY YACHT CLUB,2022-08-12,C - Crucial,43.62985,-79.35903,Fail to protect food from contamination or adulteration - Sec. 26(1) 
QUEEN CITY YACHT CLUB,2022-08-12,C - Crucial,43.62985,-79.35903,Maintain potentially hazardous foods at internal temperature between 4 C and 60 C -  Sec. 27(1)
QUEEN SHAWARMA,2023-06-20,C - Crucial,43.64426,-79.41865,Fail to ensure food handler in food premise washes hands as necessary to prevent contamination of food - Sec. 33(1)(e) 
QUEEN SHAWARMA,2023-06-20,C - Crucial,43.64426,-79.41865,Maintain potentially hazardous foods at internal temperature between 4 C and 60 C -  Sec. 27(1)
QUEEN SHAWARMA,2024-01-17,C - Crucial,43.64426,-79.41865,Fail to ensure food handler in food premise washes hands as necessary to prevent contamination of food - Sec. 33(1)(e) 
QUEEN SHAWARMA,2024-01-17,C - Crucial,43.64426,-79.41865,Maintain potentially hazardous foods at internal temperature between 4 C and 60 C -  Sec. 27(1)
QUEEN STAR RESTAURANT,2023-06-06,C - Crucial,43.64331,-79.42326,Fail to protect food from contamination or adulteration - Sec. 26(1) 
QUEEN STREET WAREHOUSE,2022-07-12,C - Crucial,43.65017,-79.39016,Maintain potentially hazardous foods at internal temperature between 4 C and 60 C -  Sec. 27(1)
QUEEN STREET WAREHOUSE,2022-08-29,C - Crucial,43.65017,-79.39016,Maintain potentially hazardous foods at internal temperature between 4 C and 60 C -  Sec. 27(1)
QUEEN STREET WAREHOUSE,2022-08-29,C - Crucial,43.65017,-79.39016,Food premise maintained in manner permitting adverse effect on food - Sec. 7(1)(a)(iii) 
QUEEN STREET WAREHOUSE,2022-08-29,C - Crucial,43.65017,-79.39016,Fail to protect food from contamination or adulteration - Sec. 26(1) 
QUEENS TAKEOUT,2024-06-17,C - Crucial,43.81862,-79.2197,Maintain potentially hazardous foods at internal temperature between 4 C and 60 C -  Sec. 27(1)
QUEENS TAKEOUT,2024-06-17,C - Crucial,43.81862,-79.2197,Fail to protect food from contamination or adulteration - Sec. 26(1) 
QUICK STORE,2022-08-31,C - Crucial,43.74911,-79.58407,Fail to protect food from contamination or adulteration - Sec. 26(1) 
R  BAKERY,2024-03-13,C - Crucial,43.7487,-79.56161,Fail to ensure storage racks designed to protect against contamination - Sec. 31
R BAKERY CAFE,2023-02-27,C - Crucial,43.70641,-79.44307,Sell potentially hazardous foods at internal temperature between 4 C and 60 C - Sec. 27(1)
R BAKERY CAFE,2023-02-27,C - Crucial,43.70641,-79.44307,Store ice in unsanitary manner - Sec.  26(5) 
R BAKERY CAFE,2023-02-27,C - Crucial,43.70641,-79.44307,Fail to protect food from contamination or adulteration - Sec. 26(1) 
R BAKERY CAFE,2023-02-27,C - Crucial,43.70641,-79.44307,Fail to ensure food handler in food premise washes hands as necessary to prevent contamination of food - Sec. 33(1)(e) 
RABBA MARCHE,2024-03-04,C - Crucial,43.64305,-79.39164,Fail to protect food from contamination or adulteration - Sec. 26(1) 
RABBA MARCHE,2024-03-04,C - Crucial,43.64305,-79.39164,Fail to ensure food handler in food premise washes hands as necessary to prevent contamination of food - Sec. 33(1)(e) 
RADHUNI,2023-08-15,C - Crucial,43.69152,-79.28805,Food premise maintained in manner permitting adverse effect on food - Sec. 7(1)(a)(iii) 
RADHUNI,2023-08-15,C - Crucial,43.69152,-79.28805,Maintain potentially hazardous foods at internal temperature between 4 C and 60 C -  Sec. 27(1)
RAHIER,2023-10-10,C - Crucial,43.70573,-79.3755,Refrigerate potentially hazardous foods at internal temperature above 4 C - Sec. 30(a)
RAJAH RAM CATERERS,2023-08-25,C - Crucial,43.81291,-79.2585,Fail to protect food from contamination or adulteration - Sec. 26(1) 
RAMEN BUTA-NIBO,2023-09-22,C - Crucial,43.67821,-79.34776,Fail to ensure storage racks designed to protect against contamination - Sec. 31
REAL CANADIAN SUPERSTORE,2022-09-28,C - Crucial,43.72202,-79.33897,Store potentially hazardous foods at internal temperature between 4 C and 60 C - Sec. 27(1)
REAL CANADIAN SUPERSTORE,2023-01-25,C - Crucial,43.70996,-79.53385,Display potentially hazardous foods at internal temperature between 4 C and 60 C - Sec. 27(1)
RED LOBSTER,2023-06-07,C - Crucial,43.71838,-79.45584,Fail to protect food from contamination or adulteration - Sec. 26(1) 
RED LOUNGE,2022-12-08,C - Crucial,43.65707,-79.39996,Fail to protect food from contamination or adulteration - Sec. 26(1) 
REDPATH JUICERY,2024-02-22,C - Crucial,43.70825,-79.39305,Fail to protect food from contamination or adulteration - Sec. 26(1) 
REHMAH HALAL CHINESE FOOD,2024-05-29,C - Crucial,43.78804,-79.26775,Fail to protect food from contamination or adulteration - Sec. 26(1) 
REHRI HOUSE,2023-02-09,C - Crucial,43.73597,-79.60225,Fail to protect food from contamination or adulteration - Sec. 26(1) 
REPUBLIKA RESTOBAR AND GRILL,2022-08-16,C - Crucial,43.73753,-79.43509,Store potentially hazardous foods at internal temperature between 4 C and 60 C - Sec. 27(1)
REPUBLIKA RESTOBAR AND GRILL,2022-08-16,C - Crucial,43.73753,-79.43509,Sell potentially hazardous foods at internal temperature between 4 C and 60 C - Sec. 27(1)
REPUBLIKA RESTOBAR AND GRILL,2023-02-02,C - Crucial,43.73753,-79.43509,Maintain potentially hazardous foods at internal temperature between 4 C and 60 C -  Sec. 27(1)
RITZ RESTAURANT,2023-11-28,C - Crucial,43.69188,-79.34223,Fail to protect food from contamination or adulteration - Sec. 26(1) 
RIVER GAMBLER,2022-08-30,C - Crucial,43.64206,-79.35015,Food premise maintained in manner permitting health hazard - Sec. 7(1)(a)(i)    
RIVER GAMBLER,2022-08-30,C - Crucial,43.64206,-79.35015,Fail to provide food premise with adequate potable water supply - Sec.  7(3)(a)  
ROBO SUSHI,2023-04-18,C - Crucial,43.75431,-79.34959,Fail to ensure food handler in food premise refrains from conduct that could result in contamination of food - Sec. 33(1)(h) 
ROBO SUSHI,2023-11-30,C - Crucial,43.75431,-79.34959,Fail to ensure food handler in food premise refrains from conduct that could result in contamination of food - Sec. 33(1)(h) 
ROBOT BOIL HOUSE,2023-04-17,C - Crucial,43.67472,-79.38823,Fail to protect food from contamination or adulteration - Sec. 26(1) 
ROLLTATION,2023-11-08,C - Crucial,43.64156,-79.37978,Refrigerate potentially hazardous foods at internal temperature above 4 C - Sec. 30(a)
ROSA BRANCA CAFE,2023-10-31,C - Crucial,43.65455,-79.422,Store potentially hazardous foods at internal temperature between 4 C and 60 C - Sec. 27(1)
ROYAL BISTRO,2022-10-06,C - Crucial,43.61877,-79.49973,Fail to protect food from contamination or adulteration - Sec. 26(1) 
ROYAL PAAN,2023-04-04,C - Crucial,43.70779,-79.34348,Store potentially hazardous foods at internal temperature between 4 C and 60 C - Sec. 27(1)
ROYAL PAAN,2023-10-26,C - Crucial,43.70779,-79.34348,Maintain potentially hazardous foods at internal temperature between 4 C and 60 C -  Sec. 27(1)
ROYALTEE COFFEE,2023-07-14,C - Crucial,43.76334,-79.28073,Fail to protect food from contamination or adulteration - Sec. 26(1) 
RUBY'S TAKE-OUT & CATERING,2023-10-26,C - Crucial,43.76736,-79.22863,Maintain potentially hazardous foods at internal temperature between 4 C and 60 C -  Sec. 27(1)
RUBY'S TAKE-OUT & CATERING,2024-04-02,C - Crucial,43.76736,-79.22863,Fail to protect food from contamination or adulteration - Sec. 26(1) 
RUCHI #1,2022-08-02,C - Crucial,43.80337,-79.19912,Fail to protect food from contamination or adulteration - Sec. 26(1) 
RUCHI #1,2024-06-12,C - Crucial,43.80337,-79.19912,Maintain potentially hazardous foods at internal temperature between 4 C and 60 C -  Sec. 27(1)
RUSTLE & STILL,2022-08-09,C - Crucial,43.66458,-79.41315,Store potentially hazardous foods at internal temperature between 4 C and 60 C - Sec. 27(1)
RUSTLE & STILL,2022-08-09,C - Crucial,43.66458,-79.41315,Fail to protect food from contamination or adulteration - Sec. 26(1) 
RUTH'S CATERING & TAKEOUT,2024-04-15,C - Crucial,43.73234,-79.27001,Maintain potentially hazardous foods at internal temperature between 4 C and 60 C -  Sec. 27(1)
RUTH'S CATERING AND TAKEOUT,2022-12-02,C - Crucial,43.77421,-79.24126,Maintain potentially hazardous foods at internal temperature between 4 C and 60 C -  Sec. 27(1)
RUTH'S CATERING AND TAKEOUT,2022-12-02,C - Crucial,43.77421,-79.24126,Store potentially hazardous foods at internal temperature between 4 C and 60 C - Sec. 27(1)
RUTH'S CATERING AND TAKEOUT,2022-12-02,C - Crucial,43.77421,-79.24126,Fail to protect food from contamination or adulteration - Sec. 26(1) 
RUTH'S CATERING AND TAKEOUT,2023-04-05,C - Crucial,43.77421,-79.24126,Fail to protect food from contamination or adulteration - Sec. 26(1) 
RUTH'S CATERING AND TAKEOUT,2023-08-17,C - Crucial,43.77421,-79.24126,Refrigerate potentially hazardous foods at internal temperature above 4 C - Sec. 30(a)
RUTH'S CATERING AND TAKEOUT,2023-08-17,C - Crucial,43.77421,-79.24126,Maintain potentially hazardous foods at internal temperature between 4 C and 60 C -  Sec. 27(1)
RUTH'S CATERING AND TAKEOUT,2023-08-17,C - Crucial,43.77421,-79.24126,Fail to protect food from contamination or adulteration - Sec. 26(1) 
RUTH'S CATERING AND TAKEOUT,2023-11-29,C - Crucial,43.77421,-79.24126,Fail to protect food from contamination or adulteration - Sec. 26(1) 
RUTH'S CATERING AND TAKEOUT,2023-11-29,C - Crucial,43.77421,-79.24126,Maintain potentially hazardous foods at internal temperature between 4 C and 60 C -  Sec. 27(1)
RYUS NOODLE BAR,2024-05-21,C - Crucial,43.67711,-79.3591,Refrigerate potentially hazardous foods at internal temperature above 4 C - Sec. 30(a)
SAFARI BAR AND GRILL,2023-09-19,C - Crucial,43.7291,-79.41803,Store ice in unsanitary manner - Sec.  26(5) 
SAI-LILA KHAMAN DHOKLA HOUSE,2022-08-12,C - Crucial,43.76798,-79.22903,Fail to protect food from contamination or adulteration - Sec. 26(1) 
SAI-LILA KHAMAN DHOKLA HOUSE,2023-07-07,C - Crucial,43.76798,-79.22903,Fail to protect food from contamination or adulteration - Sec. 26(1) 
SAM'S FOOD STORE,2022-11-08,C - Crucial,43.69206,-79.44026,Maintain potentially hazardous foods at internal temperature between 4 C and 60 C -  Sec. 27(1)
SAM'S FOOD STORE,2023-06-13,C - Crucial,43.65798,-79.3712,Display potentially hazardous foods at internal temperature between 4 C and 60 C - Sec. 27(1)
SAMMI,2024-05-14,C - Crucial,43.68017,-79.34019,Fail to protect food from contamination or adulteration - Sec. 26(1) 
SAMOSA PALACE,2022-10-15,C - Crucial,43.74838,-79.47911,Store potentially hazardous foods at internal temperature between 4 C and 60 C - Sec. 27(1)
SAMPAGUITA VILLAGE RESTAURANT,2023-11-01,C - Crucial,43.73723,-79.43658,Fail to ensure food handler in food premise washes hands as necessary to prevent contamination of food areas - Sec.  33(1)(e)
SAMRAT INDIAN CUISINE,2024-03-26,C - Crucial,43.65513,-79.41603,Fail to protect food from contamination or adulteration - Sec. 26(1) 
SAN FRANCESCO ITALIAN SANDWICHES - FB 707 - CNE 2024,2022-08-30,C - Crucial,43.6372,-79.41004,Store potentially hazardous foods at internal temperature between 4 C and 60 C - Sec. 27(1)
SANDBOX DAY CARE,2024-05-30,C - Crucial,43.76521,-79.20545,Maintain potentially hazardous foods at internal temperature between 4 C and 60 C -  Sec. 27(1)
SANQIN RESTAURANT,2023-10-18,C - Crucial,43.76048,-79.41103,Fail to ensure food handler in food premise washes hands as necessary to prevent contamination of food - Sec. 33(1)(e) 
SARKER FOODS,2022-10-04,C - Crucial,43.69077,-79.29135,Fail to protect food from contamination or adulteration - Sec. 26(1) 
SARKER FOODS,2022-10-04,C - Crucial,43.69077,-79.29135,Store potentially hazardous foods at internal temperature between 4 C and 60 C - Sec. 27(1)
SARKER FOODS,2023-06-29,C - Crucial,43.69077,-79.29135,Food premise maintained in manner permitting adverse effect on food - Sec. 7(1)(a)(iii) 
SATAY ON THE ROAD,2024-01-25,C - Crucial,43.7055,-79.37539,Offer for sale potentially hazardous foods at internal temperature between 4 C and 60 C - Sec. 27(1)
SATAY ON THE ROAD,2024-01-25,C - Crucial,43.7055,-79.37539,Fail to ensure food handler in food premise refrains from conduct that could result in contamination of food - Sec. 33(1)(h) 
SAVOURS FRESH MARKET,2022-07-05,C - Crucial,43.71784,-79.4291,Store potentially hazardous foods at internal temperature between 4 C and 60 C - Sec. 27(1)
SAVOURS FRESH MARKET,2024-03-27,C - Crucial,43.71784,-79.4291,Maintain potentially hazardous foods at internal temperature between 4 C and 60 C -  Sec. 27(1)
SCADDABUSH ITALIAN KITCHEN & BAR,2024-05-16,C - Crucial,43.73644,-79.34423,Store potentially hazardous foods at internal temperature between 4 C and 60 C - Sec. 27(1)
SCARBOROUGH RETIREMENT RESIDENCE,2023-01-10,C - Crucial,43.74091,-79.21868,Fail to protect food from contamination or adulteration - Sec. 26(1) 
SCARBOROUGH RETIREMENT RESIDENCE,2023-05-01,C - Crucial,43.74091,-79.21868,Fail to protect food from contamination or adulteration - Sec. 26(1) 
SCARBOROUGH RETIREMENT RESIDENCE,2023-05-01,C - Crucial,43.74091,-79.21868,Store potentially hazardous foods at internal temperature between 4 C and 60 C - Sec. 27(1)
SCARBOROUGH RETIREMENT RESIDENCE,2024-05-28,C - Crucial,43.74091,-79.21868,Food premise maintained in manner permitting adverse effect on food - Sec. 7(1)(a)(iii) 
SCHOOL,2023-11-23,C - Crucial,43.63788,-79.42436,Fail to ensure storage racks designed to protect against contamination - Sec. 31
SCHOOL,2023-11-23,C - Crucial,43.63788,-79.42436,Fail to ensure food handler in food premise refrains from conduct that could result in contamination of food - Sec. 33(1)(h) 
SEARA BAKERY,2023-06-15,C - Crucial,43.70278,-79.47647,Store ice in unsanitary manner - Sec.  26(5) 
SEASPRAY,2023-02-02,C - Crucial,43.67864,-79.29822,Fail to protect food from contamination or adulteration - Sec. 26(1) 
SECOND CUP,2022-12-20,C - Crucial,43.71972,-79.43146,Fail to protect food from contamination or adulteration - Sec. 26(1) 
SECOND CUP,2023-10-04,C - Crucial,43.66541,-79.38791,Fail to protect food from contamination or adulteration - Sec. 26(1) 
SECOND CUP,2023-10-11,C - Crucial,43.66541,-79.38791,Food premise maintained in manner to permit contamination of single-service containers - Sec. 7(1)(h)  
SECOND CUP COFFEE,2023-08-31,C - Crucial,43.68883,-79.41244,Maintain potentially hazardous foods at internal temperature between 4 C and 60 C -  Sec. 27(1)
SECOND CUP COFFEE,2023-08-31,C - Crucial,43.68883,-79.41244,Store ice in unsanitary manner - Sec.  26(5) 
SEOUL HOUSE,2023-04-20,C - Crucial,43.71838,-79.45584,Fail to ensure food handler in food premise washes hands as necessary to prevent contamination of food - Sec. 33(1)(e) 
SEOUL HOUSE,2023-04-20,C - Crucial,43.71838,-79.45584,Store ice in unsanitary manner - Sec.  26(5) 
SEOUL HOUSE,2023-04-20,C - Crucial,43.71838,-79.45584,Fail to protect food from contamination or adulteration - Sec. 26(1) 
SERANO BAKERY,2023-07-10,C - Crucial,43.68282,-79.34677,Fail to protect food from contamination or adulteration - Sec. 26(1) 
SHAHEEN TIKKA KABAB HOUSE,2023-05-02,C - Crucial,43.71355,-79.3356,Fail to protect food from contamination or adulteration - Sec. 26(1) 
SHAHEEN TIKKA KABAB HOUSE,2024-04-10,C - Crucial,43.71355,-79.3356,Fail to protect food from contamination or adulteration - Sec. 26(1) 
SHAHI RASOI,2023-03-22,C - Crucial,43.70555,-79.34626,Fail to ensure food handler in food premise washes hands as necessary to prevent contamination of food - Sec. 33(1)(e) 
SHAHI RASOI,2023-03-22,C - Crucial,43.70555,-79.34626,Maintain potentially hazardous foods at internal temperature between 4 C and 60 C -  Sec. 27(1)
SHAHI RASOI,2023-03-22,C - Crucial,43.70555,-79.34626,Fail to protect food from contamination or adulteration - Sec. 26(1) 
SHAHI RASOI,2023-05-10,C - Crucial,43.7571,-79.31241,Fail to protect food from contamination or adulteration - Sec. 26(1) 
SHALOM ETHIOPIAN RESTAURANT,2022-08-02,C - Crucial,43.66745,-79.36925,Store potentially hazardous foods at internal temperature between 4 C and 60 C - Sec. 27(1)
SHALOM ETHIOPIAN RESTAURANT,2022-08-02,C - Crucial,43.66745,-79.36925,Store ice in unsanitary manner - Sec.  26(5) 
SHAMBHALA KITCHEN,2023-07-21,C - Crucial,43.64106,-79.4343,Fail to protect food from contamination or adulteration - Sec. 26(1) 
SHANGHAI 360,2024-06-17,C - Crucial,43.77775,-79.3445,Maintain potentially hazardous foods at internal temperature between 4 C and 60 C -  Sec. 27(1)
SHAWARBITE,2024-02-07,C - Crucial,43.74773,-79.34875,Maintain potentially hazardous foods at internal temperature between 4 C and 60 C -  Sec. 27(1)
SHAWARMA CLUB,2023-08-18,C - Crucial,43.64887,-79.54956,Store potentially hazardous foods at internal temperature between 4 C and 60 C - Sec. 27(1)
SHAWARMA CLUB,2023-08-18,C - Crucial,43.64887,-79.54956,Fail to protect food from contamination or adulteration - Sec. 26(1) 
SHAWARMA CLUB,2023-08-18,C - Crucial,43.64887,-79.54956,Fail to maintain records of food purchased  - Sec. 29(2)  
SHAWARMA DADDY,2022-08-11,C - Crucial,43.78543,-79.2796,Fail to protect food from contamination or adulteration - Sec. 26(1) 
SHAWARMA MAX,2023-09-11,C - Crucial,43.76994,-79.41278,Store potentially hazardous foods at internal temperature between 4 C and 60 C - Sec. 27(1)
SHAWARMA MAX,2024-03-20,C - Crucial,43.76994,-79.41278,Fail to protect food from contamination or adulteration - Sec. 26(1) 
SHAWARMA MOOSE,2023-07-28,C - Crucial,43.65378,-79.4255,Fail to protect food from contamination or adulteration - Sec. 26(1) 
SHAWARMA Q,2023-05-02,C - Crucial,43.6652,-79.38708,Fail to protect food from contamination or adulteration - Sec. 26(1) 
SHAWL CAFE,2024-02-23,C - Crucial,43.66167,-79.4262,Store potentially hazardous foods at internal temperature between 4 C and 60 C - Sec. 27(1)
SHINYI HANDMADE DUMPLINGS,2022-11-18,C - Crucial,43.66783,-79.38549,Fail to protect food from contamination or adulteration - Sec. 26(1) 
SHIRIN KEBAB,2024-04-16,C - Crucial,43.72553,-79.29949,Fail to protect food from contamination or adulteration - Sec. 26(1) 
SHISH,2023-03-30,C - Crucial,43.66299,-79.3305,Fail to protect food from contamination or adulteration - Sec. 26(1) 
SHOELESS JOE'S SPORTS GRILL,2023-07-10,C - Crucial,43.67288,-79.47085,Store ice in unsanitary manner - Sec.  26(5) 
SHOELESS JOE'S SPORTS GRILL,2023-10-23,C - Crucial,43.67288,-79.47085,Fail to protect food from contamination or adulteration - Sec. 26(1) 
SHOELESS JOE'S SPORTS GRILL,2023-04-20,C - Crucial,43.71838,-79.45584,Store potentially hazardous foods at internal temperature between 4 C and 60 C - Sec. 27(1)
SHOELESS JOE'S SPORTS GRILL,2023-08-28,C - Crucial,43.71838,-79.45584,Fail to protect food from contamination or adulteration - Sec. 26(1) 
SHOPPERS DRUG MART,2024-02-14,C - Crucial,43.64602,-79.39235,Fail to protect food from contamination or adulteration - Sec. 26(1) 
SHOPPERS DRUG MART,2024-03-01,C - Crucial,43.64602,-79.39235,Fail to protect food from contamination or adulteration - Sec. 26(1) 
SHOUSHIN,2022-11-16,C - Crucial,43.73133,-79.40421,Fail to protect food from contamination or adulteration - Sec. 26(1) 
SHUN HING NOODLES & FOOD PRODUCTS LTD,2023-04-25,C - Crucial,43.80702,-79.24427,Fail to ensure food handler in food premise washes hands as necessary to prevent contamination of food areas - Sec.  33(1)(e)
SHY COFFEE COMPANY,2024-06-10,C - Crucial,43.64349,-79.40559,Store potentially hazardous foods at internal temperature between 4 C and 60 C - Sec. 27(1)
SHY COFFEE COMPANY,2024-06-10,C - Crucial,43.64349,-79.40559,Food premise maintained in manner permitting adverse effect on food - Sec. 7(1)(a)(iii) 
SI LOM THAI BISTRO,2023-11-13,C - Crucial,43.66504,-79.38086,Fail to protect food from contamination or adulteration - Sec. 26(1) 
SIDEBAR,2023-03-22,C - Crucial,43.67628,-79.35681,Fail to protect food from contamination or adulteration - Sec. 26(1) 
SIEMPRE RESTAURANT,2022-07-15,C - Crucial,43.64341,-79.39231,Store potentially hazardous foods at internal temperature between 4 C and 60 C - Sec. 27(1)
SIGNATURE FINE DINING RESTAURANT,2024-03-15,C - Crucial,43.64743,-79.38677,Fail to protect food from contamination or adulteration - Sec. 26(1) 
SIGNATURE FINE DINING RESTAURANT,2024-03-15,C - Crucial,43.64743,-79.38677,Store potentially hazardous foods at internal temperature between 4 C and 60 C - Sec. 27(1)
SILVA GROCERIES LTD.,2023-12-07,C - Crucial,43.67018,-79.45554,Have on food premise meat not labelled - Sec. 38(1)
SILVA GROCERIES LTD.,2023-12-07,C - Crucial,43.67018,-79.45554,Fail to protect food from contamination or adulteration - Sec. 26(1) 
SILVER POT RESTAURANT VEG& NON VEG,2024-04-17,C - Crucial,43.7517,-79.26149,Store potentially hazardous foods at internal temperature between 4 C and 60 C - Sec. 27(1)
SIMBA'S HOT CHICKEN,2022-07-05,C - Crucial,43.74773,-79.34875,Fail to ensure food handler in food premise washes hands as necessary to prevent contamination of food - Sec. 33(1)(e) 
SIMBA'S HOT CHICKEN,2023-06-21,C - Crucial,43.74773,-79.34875,Fail to ensure food handler in food premise washes hands as necessary to prevent contamination of food areas - Sec.  33(1)(e)
SIMPLE BURGER,2023-02-06,C - Crucial,43.66342,-79.41871,Fail to protect food from contamination or adulteration - Sec. 26(1) 
SINALOA FACTORY,2024-02-21,C - Crucial,43.67825,-79.34753,Store ice in unsanitary manner - Sec.  26(5) 
SINALOA FACTORY,2024-02-21,C - Crucial,43.67825,-79.34753,Fail to protect food from contamination or adulteration - Sec. 26(1) 
SKARDARLIJA BAR,2022-09-07,C - Crucial,43.6396,-79.44177,Fail to protect food from contamination or adulteration - Sec. 26(1) 
SKCOOKKS,2022-06-23,C - Crucial,43.63961,-79.42213,Fail to protect food from contamination or adulteration - Sec. 26(1) 
SKY DRAGON CHINESE RESTAURANT,2022-11-28,C - Crucial,43.65261,-79.39803,Fail to protect food from contamination or adulteration - Sec. 26(1) 
SKYLAND FOOD MART INC.,2022-10-27,C - Crucial,43.76092,-79.21922,Fail to ensure room kept free from live birds or animals - Sec. 14(1)
SKYLAND FOOD MART INC.,2022-10-27,C - Crucial,43.76092,-79.21922,Fail to protect food from contamination or adulteration - Sec. 26(1) 
SKYLAND FOOD MART,2023-03-02,C - Crucial,43.76092,-79.21922,Fail to ensure room kept free from live birds or animals - Sec. 14(1)
SKYLAND FOOD MART,2023-03-02,C - Crucial,43.76092,-79.21922,Fail to protect food from contamination or adulteration - Sec. 26(1) 
SKYLINE PIZZA INC,2022-08-22,C - Crucial,43.78347,-79.29895,Refrigerate potentially hazardous foods at internal temperature above 4 C - Sec. 30(a)
SLAB BURGERS,2022-10-21,C - Crucial,43.66819,-79.38834,Fail to protect food from contamination or adulteration - Sec. 26(1) 
SLICE & BITES,2023-03-13,C - Crucial,43.71795,-79.42977,Fail to ensure food handler in food premise washes hands as necessary to prevent contamination of food - Sec. 33(1)(e) 
SLICE & BITES,2023-03-13,C - Crucial,43.71795,-79.42977,Fail to protect food from contamination or adulteration - Sec. 26(1) 
SMALL POT RESTAURANT,2024-03-27,C - Crucial,43.77322,-79.33271,Store potentially hazardous foods at internal temperature between 4 C and 60 C - Sec. 27(1)
SMALL POT RESTAURANT,2024-03-27,C - Crucial,43.77322,-79.33271,Fail to ensure room kept free from live birds or animals - Sec. 14(1)
SMALL POT RESTAURANT,2024-03-27,C - Crucial,43.77322,-79.33271,Fail to ensure storage shelves designed to protect against contamination - Sec. 31
SMOKESHOW BBQ & BREW,2023-10-16,C - Crucial,43.70717,-79.39001,Fail to ensure food handler in food premise washes hands as necessary to prevent contamination of food - Sec. 33(1)(e) 
SMOKESHOW BBQ & BREW,2023-10-16,C - Crucial,43.70717,-79.39001,Food premise maintained in manner permitting adverse effect on food - Sec. 7(1)(a)(iii) 
SO FAMOUS,2024-03-11,C - Crucial,43.66635,-79.40588,Store potentially hazardous foods at internal temperature between 4 C and 60 C - Sec. 27(1)
SO FAMOUS,2024-03-11,C - Crucial,43.66635,-79.40588,Fail to protect food from contamination or adulteration - Sec. 26(1) 
SO'S FAST KITCHEN,2023-10-03,C - Crucial,43.79855,-79.31837,Fail to protect food from contamination or adulteration - Sec. 26(1) 
SOUK TABULE,2023-10-05,C - Crucial,43.64189,-79.39783,Fail to protect food from contamination or adulteration - Sec. 26(1) 
SOUTH ST. BURGER,2024-01-25,C - Crucial,43.7343,-79.3437,Store potentially hazardous foods at internal temperature between 4 C and 60 C - Sec. 27(1)
SOUTH ST. BURGER,2024-01-25,C - Crucial,43.7343,-79.3437,Fail to protect food from contamination or adulteration - Sec. 26(1) 
SOUTH ST. BURGER CO.,2023-01-16,C - Crucial,43.7103,-79.36287,Refrigerate potentially hazardous foods at internal temperature above 4 C - Sec. 30(a)
SOUV LIKE,2023-04-12,C - Crucial,43.67949,-79.34536,Store potentially hazardous foods at internal temperature between 4 C and 60 C - Sec. 27(1)
SOUVLAKI HUT,2023-10-17,C - Crucial,43.67116,-79.29598,Maintain potentially hazardous foods at internal temperature between 4 C and 60 C -  Sec. 27(1)
SP Importers Supermarket,2024-05-23,C - Crucial,43.75378,-79.25401,Fail to protect food from contamination or adulteration - Sec. 26(1) 
SPENCE'S BAKERY,2023-08-01,C - Crucial,43.69746,-79.44098,Store potentially hazardous foods at internal temperature between 4 C and 60 C - Sec. 27(1)
SPENCE'S BAKERY,2023-10-23,C - Crucial,43.69746,-79.44098,Store potentially hazardous foods at internal temperature between 4 C and 60 C - Sec. 27(1)
SPENCE'S BAKERY,2024-03-07,C - Crucial,43.69746,-79.44098,Fail to process food in manner safe to eat - Sec. 26(2)
SPICE CLUB INDIAN RESTAURANT,2023-08-14,C - Crucial,43.77213,-79.18622,Fail to protect food from contamination or adulteration - Sec. 26(1) 
SPICY WORLD,2023-02-27,C - Crucial,43.78659,-79.27669,Fail to protect food from contamination or adulteration - Sec. 26(1) 
ST CLAIR BAR & GRILL,2022-11-23,C - Crucial,43.70739,-79.29566,Fail to protect food from contamination or adulteration - Sec. 26(1) 
ST CLAIR BAR & GRILL,2022-11-23,C - Crucial,43.70739,-79.29566,Store potentially hazardous foods at internal temperature between 4 C and 60 C - Sec. 27(1)
ST. ANDREWS FISH & CHIP RESTAURANT,2022-09-21,C - Crucial,43.77149,-79.25278,Maintain potentially hazardous foods at internal temperature between 4 C and 60 C -  Sec. 27(1)
ST. CLAIR O'CONNOR COMMUNITY INC.,2023-07-05,C - Crucial,43.70545,-79.31186,Maintain potentially hazardous foods at internal temperature between 4 C and 60 C -  Sec. 27(1)
ST. GEORGE CARE COMMUNITY,2023-09-18,C - Crucial,43.67254,-79.40146,Store potentially hazardous foods at internal temperature between 4 C and 60 C - Sec. 27(1)
ST. GEORGE CARE COMMUNITY,2023-09-18,C - Crucial,43.67254,-79.40146,Fail to protect food from contamination or adulteration - Sec. 26(1) 
"ST. JOSEPH'S COLLEGE SCHOOL, MAIN KITCHEN",2022-09-06,C - Crucial,43.66445,-79.38887,Fail to protect food from contamination or adulteration - Sec. 26(1) 
ST. LOUIS BAR AND GRILL,2024-06-06,C - Crucial,43.75364,-79.35785,Fail to ensure food handler in food premise washes hands as necessary to prevent contamination of food - Sec. 33(1)(e) 
ST. LOUIS BAR AND GRILL,2024-06-06,C - Crucial,43.75364,-79.35785,Fail to ensure food handler in food premise refrains from conduct that could result in contamination of food - Sec. 33(1)(h) 
ST. MICHAEL'S HOUSE,2022-10-26,C - Crucial,43.65826,-79.42983,Refrigerate potentially hazardous foods at internal temperature above 4 C - Sec. 30(a)
ST. OSCAR ROMERO CATHOLIC SECONDARY SCHOOL,2022-09-14,C - Crucial,43.68034,-79.4808,Fail to protect food from contamination or adulteration - Sec. 26(1) 
ST. PETER AND PAUL RESIDENCE,2023-06-07,C - Crucial,43.78835,-79.24013,Fail to protect food from contamination or adulteration - Sec. 26(1) 
STACKED PANCAKE & BREAKFAST HOUSE,2023-04-27,C - Crucial,43.67755,-79.35095,Hot-holding potentially hazardous foods at internal temperature below 60 C - Sec. 30(a)
STACKED PANCAKE & BREAKFAST HOUSE,2023-04-27,C - Crucial,43.67755,-79.35095,Refrigerate potentially hazardous foods at internal temperature above 4 C - Sec. 30(a)
STACY'S ISLAND FLAVOR RESTAURANT,2024-04-10,C - Crucial,43.77605,-79.31813,Display potentially hazardous foods at internal temperature between 4 C and 60 C - Sec. 27(1)
STARBUCKS,2024-02-21,C - Crucial,43.74181,-79.31311,Fail to ensure food handler in food premise washes hands as necessary to prevent contamination of food - Sec. 33(1)(e) 
STARBUCKS COFFEE CO (East Side),2023-09-19,C - Crucial,43.72608,-79.45147,Fail to ensure food handler in food premise washes hands as necessary to prevent contamination of food - Sec. 33(1)(e) 
STARBUCKS COFFEE CO (East Side),2023-09-19,C - Crucial,43.72608,-79.45147,Fail to protect food from contamination or adulteration - Sec. 26(1) 
STARBUCKS COFFEE CO (East Side),2023-09-19,C - Crucial,43.72608,-79.45147,Store ice in unsanitary manner - Sec.  26(5) 
STARFISH MARKET,2023-01-27,C - Crucial,43.6839,-79.56485,Fail to process food in manner safe to eat - Sec. 26(2)
STEVAG RESTAURANT & BAR,2024-04-02,C - Crucial,43.74875,-79.5185,Fail to process food in manner safe to eat - Sec. 26(2)
STONE WELL PUB,2022-08-05,C - Crucial,43.68706,-79.27143,Food premise maintained in manner permitting adverse effect on food - Sec. 7(1)(a)(iii) 
STREET GRILL,2023-08-29,C - Crucial,43.79439,-79.35396,Store potentially hazardous foods at internal temperature between 4 C and 60 C - Sec. 27(1)
STREET GRILL,2024-05-17,C - Crucial,43.79439,-79.35396,Food premise maintained in manner permitting adverse effect on food - Sec. 7(1)(a)(iii) 
SUBWAY,2024-04-15,C - Crucial,43.67705,-79.35561,Fail to process food in manner safe to eat - Sec. 26(2)
SUBWAY,2024-04-15,C - Crucial,43.67705,-79.35561,Fail to ensure food handler in food premise washes hands as necessary to prevent contamination of food - Sec. 33(1)(e) 
SUBWAY,2023-06-12,C - Crucial,43.67073,-79.38555,Refrigerate potentially hazardous foods at internal temperature above 4 C - Sec. 30(a)
SUBWAY,2024-04-26,C - Crucial,43.65494,-79.37868,Food premise maintained in manner permitting health hazard - Sec. 7(1)(a)(i)    
SUBWAY,2024-02-08,C - Crucial,43.73016,-79.40323,Store potentially hazardous foods at internal temperature between 4 C and 60 C - Sec. 27(1)
SUBWAY,2023-06-19,C - Crucial,43.77377,-79.34053,Store potentially hazardous foods at internal temperature between 4 C and 60 C - Sec. 27(1)
SUBWAY,2022-07-27,C - Crucial,43.66662,-79.3763,Store potentially hazardous foods at internal temperature between 4 C and 60 C - Sec. 27(1)
SUMAQ,2024-06-03,C - Crucial,43.7442,-79.29778,Fail to ensure food handler in food premise washes hands as necessary to prevent contamination of food - Sec. 33(1)(e) 
SUN ON FOOD COMPANY,2023-02-24,C - Crucial,43.82569,-79.25217,Fail to ensure food handler in food premise refrains from conduct that could result in contamination of food - Sec. 33(1)(h) 
SUN SUN FRUIT MARKET,2024-03-18,C - Crucial,43.67823,-79.44284,Fail to protect food from contamination or adulteration - Sec. 26(1) 
SUN SUN FRUIT MARKET,2024-03-19,C - Crucial,43.67823,-79.44284,Fail to protect food from contamination or adulteration - Sec. 26(1) 
SUN-UP BARBECUE CO,2023-07-05,C - Crucial,43.72697,-79.43127,Fail to protect food from contamination or adulteration - Sec. 26(1) 
SUN-UP BARBECUE CO,2023-11-30,C - Crucial,43.72697,-79.43127,Store potentially hazardous foods at internal temperature between 4 C and 60 C - Sec. 27(1)
SUN-UP BARBECUE CO,2023-11-30,C - Crucial,43.72697,-79.43127,Fail to protect food from contamination or adulteration - Sec. 26(1) 
SUNNY MORNING,2022-08-15,C - Crucial,43.6865,-79.39365,Maintain potentially hazardous foods at internal temperature between 4 C and 60 C -  Sec. 27(1)
SUNNY'S,2023-07-12,C - Crucial,43.72194,-79.37788,Refrigerate potentially hazardous foods at internal temperature above 4 C - Sec. 30(a)
SUNRISE CARIBBEAN RESTAURANT,2023-01-12,C - Crucial,43.75616,-79.51797,Hot-holding potentially hazardous foods at internal temperature below 60 C - Sec. 30(a)
SUNRISE CARIBBEAN RESTAURANT,2024-01-22,C - Crucial,43.75616,-79.51797,Fail to ensure food handler in food premise washes hands as necessary to prevent contamination of food - Sec. 33(1)(e) 
SUNRISE CARIBBEAN RESTAURANT,2024-01-29,C - Crucial,43.67429,-79.47061,Display potentially hazardous foods at internal temperature between 4 C and 60 C - Sec. 27(1)
SUNRISE CARIBBEAN RESTAURANT,2024-01-29,C - Crucial,43.67429,-79.47061,Fail to protect food from contamination or adulteration - Sec. 26(1) 
SUNRISE CARIBBEAN RESTAURANT,2022-11-21,C - Crucial,43.76122,-79.3251,Fail to ensure food handler in food premise refrains from conduct that could result in contamination of food - Sec. 33(1)(h) 
SUNSET GRILL,2023-02-10,C - Crucial,43.7103,-79.36287,Fail to protect food from contamination or adulteration - Sec. 26(1) 
SUNSET GRILL,2023-02-10,C - Crucial,43.7103,-79.36287,Refrigerate potentially hazardous foods at internal temperature above 4 C - Sec. 30(a)
SUNSHINE WHOLESOME MARKET,2024-01-17,C - Crucial,43.65366,-79.42665,Store potentially hazardous foods at internal temperature between 4 C and 60 C - Sec. 27(1)
SURATI BROTHERS INDIAN GROCERY STORE,2023-02-22,C - Crucial,43.76345,-79.30132,Fail to protect food from contamination or adulteration - Sec. 26(1) 
SURREAL FOOD CO,2023-08-01,C - Crucial,43.69989,-79.4295,Fail to ensure storage shelves designed to protect against contamination - Sec. 31
SUSHI & SUSHI,2024-03-14,C - Crucial,43.71031,-79.38185,Store potentially hazardous foods at internal temperature between 4 C and 60 C - Sec. 27(1)
SUSHI INN,2024-04-12,C - Crucial,43.67033,-79.39195,Fail to protect food from contamination or adulteration - Sec. 26(1) 
SUSHI MUGEN,2022-09-26,C - Crucial,43.66191,-79.33559,Food premise maintained in manner permitting adverse effect on food - Sec. 7(1)(a)(iii) 
SUSHI MUGEN,2023-06-05,C - Crucial,43.66191,-79.33559,Fail to ensure storage shelves designed to protect against contamination - Sec. 31
SUSHI STYLE,2022-09-26,C - Crucial,43.65652,-79.37815,Store ice in unsanitary manner - Sec.  26(5) 
SUSHI SUPREME,2022-12-05,C - Crucial,43.70191,-79.38731,Fail to protect food from contamination or adulteration - Sec. 26(1) 
SUSHI ZONE,2023-07-27,C - Crucial,43.70017,-79.3974,Fail to protect food from contamination or adulteration - Sec. 26(1) 
SUSHI ZONE,2023-07-27,C - Crucial,43.70017,-79.3974,Refrigerate potentially hazardous foods at internal temperature above 4 C - Sec. 30(a)
SUSHIMOTO RESTAURANT & BAR,2023-05-31,C - Crucial,43.76402,-79.41128,Display potentially hazardous foods at internal temperature between 4 C and 60 C - Sec. 27(1)
SUVAIYAKAM RESTAURANT,2022-06-22,C - Crucial,43.79956,-79.30685,Fail to protect food from contamination or adulteration - Sec. 26(1) 
SUVAIYAKAM RESTAURANT,2023-01-31,C - Crucial,43.79956,-79.30685,Fail to protect food from contamination or adulteration - Sec. 26(1) 
SWEET MAHAL,2023-06-12,C - Crucial,43.72064,-79.61409,Fail to protect food from contamination or adulteration - Sec. 26(1) 
SWEETWAY CAFE EATERY,2024-04-19,C - Crucial,43.73539,-79.34805,Store potentially hazardous foods at internal temperature between 4 C and 60 C - Sec. 27(1)
SWISS BAKERY & FAST FOOD,2023-09-14,C - Crucial,43.69071,-79.29183,Food premise maintained in manner permitting adverse effect on food - Sec. 7(1)(a)(iii) 
SWISS CHALET,2023-10-04,C - Crucial,43.71717,-79.4556,Fail to protect food from contamination or adulteration - Sec. 26(1) 
SWISS CHALET,2023-10-04,C - Crucial,43.71717,-79.4556,Food premise maintained in manner to permit contamination of single-service containers - Sec. 7(1)(h)  
SWISS CHALET,2023-10-04,C - Crucial,43.71717,-79.4556,Food premise maintained in manner permitting health hazard (Insects) - Sec. 7(1)(a)(i)    
SWISS CHALET EXPRESS,2022-06-28,C - Crucial,43.67176,-79.29295,Food premise maintained in manner permitting health hazard (Insects) - Sec. 7(1)(a)(i)    
SWISS CHALET EXPRESS,2022-06-28,C - Crucial,43.67176,-79.29295,Fail to protect food from contamination or adulteration - Sec. 26(1) 
Scarborough Pizza & Kabob,2022-06-29,C - Crucial,43.74719,-79.28433,Fail to ensure food handler in food premise washes hands as necessary to prevent contamination of food - Sec. 33(1)(e) 
Scarborough Pizza & Kabob,2022-06-29,C - Crucial,43.74719,-79.28433,Fail to protect food from contamination or adulteration - Sec. 26(1) 
Shahi Karahi Restaurant,2023-02-16,C - Crucial,43.76095,-79.22396,Refrigerate potentially hazardous foods at internal temperature above 4 C - Sec. 30(a)
Shahi Karahi Restaurant,2023-05-30,C - Crucial,43.76095,-79.22396,Fail to protect food from contamination or adulteration - Sec. 26(1) 
Shahi Karahi Restaurant,2023-05-30,C - Crucial,43.76095,-79.22396,Maintain potentially hazardous foods at internal temperature between 4 C and 60 C -  Sec. 27(1)
Shahi Karahi Restaurant,2023-12-11,C - Crucial,43.76095,-79.22396,Maintain potentially hazardous foods at internal temperature between 4 C and 60 C -  Sec. 27(1)
Shahi Karahi Restaurant,2023-12-11,C - Crucial,43.76095,-79.22396,Food premise maintained in manner to permit contamination of single-service containers - Sec. 7(1)(h)  
Shahi Karahi Restaurant,2024-03-25,C - Crucial,43.76095,-79.22396,Fail to protect food from contamination or adulteration - Sec. 26(1) 
Shahi Karahi Restaurant,2024-03-25,C - Crucial,43.76095,-79.22396,Food premise maintained in manner to permit contamination of single-service containers - Sec. 7(1)(h)  
Shepherd Village,2022-10-31,C - Crucial,43.78206,-79.29466,Fail to protect food from contamination or adulteration - Sec. 26(1) 
Shola Mini-Market,2024-01-10,C - Crucial,43.68946,-79.29713,Fail to protect food from contamination or adulteration - Sec. 26(1) 
Spring Sushi,2023-10-18,C - Crucial,43.65669,-79.38069,Fail to protect food from contamination or adulteration - Sec. 26(1) 
Spring Sushi,2023-10-18,C - Crucial,43.65669,-79.38069,Maintain potentially hazardous foods at internal temperature between 4 C and 60 C -  Sec. 27(1)
Sun Brand/Instant Foods,2022-10-11,C - Crucial,43.82321,-79.25304,Fail to ensure food handler in food premise washes hands as necessary to prevent contamination of food - Sec. 33(1)(e) 
Sun Brand/Instant Foods,2023-07-25,C - Crucial,43.82321,-79.25304,Fail to ensure food handler in food premise washes hands as necessary to prevent contamination of food - Sec. 33(1)(e) 
Sun Brand/Instant Foods,2023-09-07,C - Crucial,43.82321,-79.25304,Fail to protect food from contamination or adulteration - Sec. 26(1) 
T & T SUSHI BAR,2022-06-24,C - Crucial,43.67183,-79.42141,Store potentially hazardous foods at internal temperature between 4 C and 60 C - Sec. 27(1)
T-BONES,2022-07-20,C - Crucial,43.73541,-79.25617,Store potentially hazardous foods at internal temperature between 4 C and 60 C - Sec. 27(1)
T-BONES,2023-02-06,C - Crucial,43.73541,-79.25617,Fail to ensure storage shelves designed to protect against contamination - Sec. 31
T-BONES,2023-02-06,C - Crucial,43.73541,-79.25617,Fail to protect food from contamination or adulteration - Sec. 26(1) 
T-BONES,2024-01-25,C - Crucial,43.73541,-79.25617,Maintain potentially hazardous foods at internal temperature between 4 C and 60 C -  Sec. 27(1)
T-BONES,2024-05-14,C - Crucial,43.73541,-79.25617,Maintain potentially hazardous foods at internal temperature between 4 C and 60 C -  Sec. 27(1)
TACO BAR,2024-04-09,C - Crucial,43.68683,-79.44636,Maintain potentially hazardous foods at internal temperature between 4 C and 60 C -  Sec. 27(1)
TACONTENTO II,2023-03-18,C - Crucial,43.74838,-79.47911,Fail to ensure food handler in food premise washes hands as necessary to prevent contamination of food - Sec. 33(1)(e) 
TACONTENTO II,2023-07-22,C - Crucial,43.74838,-79.47911,Fail to ensure food handler in food premise washes hands as necessary to prevent contamination of food - Sec. 33(1)(e) 
TACONTENTO MEXICAN FOOD,2023-07-22,C - Crucial,43.74838,-79.47911,Fail to protect food from contamination or adulteration - Sec. 26(1) 
TACONTENTO MEXICAN FOOD,2023-07-22,C - Crucial,43.74838,-79.47911,Fail to ensure food handler in food premise washes hands as necessary to prevent contamination of food - Sec. 33(1)(e) 
TACONTENTO MEXICAN FOOD,2023-07-22,C - Crucial,43.74838,-79.47911,Store potentially hazardous foods at internal temperature between 4 C and 60 C - Sec. 27(1)
TACORRITO AND HURRY CURRY,2024-02-05,C - Crucial,43.75802,-79.4654,Maintain potentially hazardous foods at internal temperature between 4 C and 60 C -  Sec. 27(1)
TACOS MORAS,2022-10-25,C - Crucial,43.68243,-79.42061,Refrigerate potentially hazardous foods at internal temperature above 4 C - Sec. 30(a)
TACOS MORAS,2022-10-25,C - Crucial,43.68243,-79.42061,Fail to protect food from contamination or adulteration - Sec. 26(1) 
TAFTAN TRADITIONAL PERSIAN CUISINE,2022-06-27,C - Crucial,43.75431,-79.34959,Handle ice in unsanitary manner - Sec.  26(5) 
TAGPUAN,2023-04-03,C - Crucial,43.73608,-79.30771,Store potentially hazardous foods at internal temperature between 4 C and 60 C - Sec. 27(1)
TAHANAN FILIPINO CUISINE,2024-02-12,C - Crucial,43.74679,-79.43669,Maintain potentially hazardous foods at internal temperature between 4 C and 60 C -  Sec. 27(1)
TAHINI'S RESTAURANT,2023-10-16,C - Crucial,43.65812,-79.39779,Maintain potentially hazardous foods at internal temperature between 4 C and 60 C -  Sec. 27(1)
TAMASHA,2023-04-24,C - Crucial,43.69674,-79.39573,Fail to protect food from contamination or adulteration - Sec. 26(1) 
TAMASHA,2023-04-24,C - Crucial,43.69674,-79.39573,Store ice in unsanitary manner - Sec.  26(5) 
TAMASHA,2023-09-28,C - Crucial,43.69674,-79.39573,Fail to protect food from contamination or adulteration - Sec. 26(1) 
TAMASHA,2023-09-28,C - Crucial,43.69674,-79.39573,Store potentially hazardous foods at internal temperature between 4 C and 60 C - Sec. 27(1)
TANDOORI TIME,2022-08-22,C - Crucial,43.74321,-79.60291,Fail to protect food from contamination or adulteration - Sec. 26(1) 
TAPPS RESTAURANT & BAR,2023-03-21,C - Crucial,43.67827,-79.34706,Fail to protect food from contamination or adulteration - Sec. 26(1) 
TARA INN RESTAURANT & PUB,2022-11-01,C - Crucial,43.7077,-79.25005,Food premise maintained in manner permitting adverse effect on food - Sec. 7(1)(a)(iii) 
TARO'S FISH,2023-06-21,C - Crucial,43.76964,-79.37453,Store potentially hazardous foods at internal temperature between 4 C and 60 C - Sec. 27(1)
TASTE OF MANDURAI,2023-10-06,C - Crucial,43.82346,-79.25123,Sell potentially hazardous foods at internal temperature between 4 C and 60 C - Sec. 27(1)
TASTE OF MANDURAI,2023-10-06,C - Crucial,43.82346,-79.25123,Food premise maintained in manner to permit contamination of single-service articles - Sec. 7(1)(h)  
TASTE OF MANDURAI,2023-10-06,C - Crucial,43.82346,-79.25123,Fail to protect food from contamination or adulteration - Sec. 26(1) 
TASTE OF SHAWARMA,2023-07-26,C - Crucial,43.70106,-79.45211,Store potentially hazardous foods at internal temperature between 4 C and 60 C - Sec. 27(1)
TASTE OF TAMIL NADU,2023-11-23,C - Crucial,43.73046,-79.46657,Fail to protect food from contamination or adulteration - Sec. 26(1) 
TASTE OF THAILAND CUISINE,2022-12-20,C - Crucial,43.63593,-79.54069,Fail to protect food from contamination or adulteration - Sec. 26(1) 
TASTE OF VIETNAM RESTAURANT AND BAR,2023-09-25,C - Crucial,43.7552,-79.46877,Fail to ensure food handler in food premise washes hands as necessary to prevent contamination of food - Sec. 33(1)(e) 
TASTE OF VIETNAM RESTAURANT AND BAR,2023-09-25,C - Crucial,43.7552,-79.46877,Maintain potentially hazardous foods at internal temperature between 4 C and 60 C -  Sec. 27(1)
TASTECO SUPERMARKET,2023-04-03,C - Crucial,43.70729,-79.2696,Fail to protect food from contamination or adulteration - Sec. 26(1) 
TASTECO SUPERMARKET,2023-07-20,C - Crucial,43.70729,-79.2696,Fail to protect food from contamination or adulteration - Sec. 26(1) 
TASTY HOUSE,2024-06-06,C - Crucial,43.82625,-79.27736,Fail to ensure storage pallets designed to protect against contamination - Sec. 31
TAZZA,2022-12-08,C - Crucial,43.79616,-79.41916,Handle ice in unsanitary manner - Sec.  26(5) 
TAZZA,2022-12-08,C - Crucial,43.79616,-79.41916,Fail to ensure room kept free from live birds or animals - Sec. 14(1)
TCSCC - Main Kitchen,2024-01-26,C - Crucial,43.73975,-79.41906,Food premise maintained in manner permitting health hazard (Rodents) - Sec. 7(1)(a)(i)    
TEA-N-BANNOCK,2023-07-20,C - Crucial,43.67126,-79.32735,Maintain potentially hazardous foods at internal temperature between 4 C and 60 C -  Sec. 27(1)
TEA-N-BANNOCK,2023-07-20,C - Crucial,43.67126,-79.32735,Fail to protect food from contamination or adulteration - Sec. 26(1) 
TEN REN'S TEA,2023-10-20,C - Crucial,43.76829,-79.41228,Fail to protect food from contamination or adulteration - Sec. 26(1) 
TEN REN'S TEA TIME,2023-07-04,C - Crucial,43.72608,-79.45147,Fail to protect food from contamination or adulteration - Sec. 26(1) 
TENON VEGAN SUSHI,2023-08-30,C - Crucial,43.66572,-79.40772,Fail to protect food from contamination or adulteration - Sec. 26(1) 
TERMINAL 3 COFFEE ROASTERS,2022-07-04,C - Crucial,43.5961,-79.52541,Fail to obtain food from source subject to inspection - Sec. 29(1)  
TERRA NOVA BAKERY AND PASTRY,2022-07-06,C - Crucial,43.70796,-79.45374,Fail to protect food from contamination or adulteration - Sec. 26(1) 
TERRA NOVA BAKERY AND PASTRY,2023-02-03,C - Crucial,43.70796,-79.45374,Display potentially hazardous foods at internal temperature between 4 C and 60 C - Sec. 27(1)
TERRA NOVA BAKERY AND PASTRY,2023-02-03,C - Crucial,43.70796,-79.45374,Fail to ensure food handler in food premise washes hands as necessary to prevent contamination of food - Sec. 33(1)(e) 
TERRA NOVA BAKERY AND PASTRY,2023-02-03,C - Crucial,43.70796,-79.45374,Fail to protect food from contamination or adulteration - Sec. 26(1) 
TERRA NOVA BAKERY AND PASTRY,2023-05-26,C - Crucial,43.70796,-79.45374,Sell potentially hazardous foods at internal temperature between 4 C and 60 C - Sec. 27(1)
TERRA NOVA BAKERY AND PASTRY,2023-05-26,C - Crucial,43.70796,-79.45374,Fail to protect food from contamination or adulteration - Sec. 26(1) 
TERRA NOVA BAKERY AND PASTRY,2023-05-26,C - Crucial,43.70796,-79.45374,Fail to ensure food handler in food premise washes hands as necessary to prevent contamination of food - Sec. 33(1)(e) 
TERRA NOVA BAKERY AND PASTRY,2023-05-26,C - Crucial,43.70796,-79.45374,Store ice in unsanitary manner - Sec.  26(5) 
TERRA NOVA BAKERY AND PASTRY,2023-11-17,C - Crucial,43.70796,-79.45374,Fail to protect food from contamination or adulteration - Sec. 26(1) 
TERRA NOVA BAKERY AND PASTRY,2023-11-17,C - Crucial,43.70796,-79.45374,Store potentially hazardous foods at internal temperature between 4 C and 60 C - Sec. 27(1)
TERRA NOVA BAKERY AND PASTRY,2023-11-17,C - Crucial,43.70796,-79.45374,Fail to ensure food handler in food premise washes hands as necessary to prevent contamination of food - Sec. 33(1)(e) 
TERRA NOVA BAKERY AND PASTRY,2023-11-17,C - Crucial,43.70796,-79.45374,Food premise maintained in manner to permit contamination of single-service containers - Sec. 7(1)(h)  
THAI ELEPHANT,2024-03-14,C - Crucial,43.64605,-79.4091,Food premise maintained in manner permitting adverse effect on food - Sec. 7(1)(a)(iii) 
THAI EXPRESS,2022-07-14,C - Crucial,43.78632,-79.47304,Store ice in unsanitary manner - Sec.  26(5) 
THAI ISLAND,2023-05-08,C - Crucial,43.64676,-79.38248,Fail to protect food from contamination or adulteration - Sec. 26(1) 
THAI ROOM,2023-01-16,C - Crucial,43.64229,-79.41132,Fail to protect food from contamination or adulteration - Sec. 26(1) 
THAI ROOM,2024-03-25,C - Crucial,43.64229,-79.41132,Maintain potentially hazardous foods at internal temperature between 4 C and 60 C -  Sec. 27(1)
THAI ROOM,2024-03-25,C - Crucial,43.64229,-79.41132,Fail to protect food from contamination or adulteration - Sec. 26(1) 
THAI ROOM,2024-03-01,C - Crucial,43.78545,-79.25463,Store ice in unsanitary manner - Sec.  26(5) 
THAI ROOM,2024-03-01,C - Crucial,43.78545,-79.25463,Fail to protect food from contamination or adulteration - Sec. 26(1) 
THAIROOMGRAND,2022-10-19,C - Crucial,43.75431,-79.35123,Fail to ensure food handler in food premise refrains from conduct that could result in contamination of food - Sec. 33(1)(h) 
THAIROOMGRAND,2024-06-11,C - Crucial,43.75431,-79.35123,Fail to ensure food handler in food premise refrains from conduct that could result in contamination of food - Sec. 33(1)(h) 
THAIROOMGRAND,2023-06-22,C - Crucial,43.70498,-79.40775,Use ice not made from potable water - Sec.  26(5) 
THALASSERY DUM BIRYANI,2023-06-13,C - Crucial,43.73941,-79.23811,Fail to protect food from contamination or adulteration - Sec. 26(1) 
THAM MA DA THAI CUISINE,2024-02-26,C - Crucial,43.60137,-79.50379,Fail to protect food from contamination or adulteration - Sec. 26(1) 
THARAVADU HOME OF KERALA CUISINE,2023-08-23,C - Crucial,43.74566,-79.22035,Fail to protect food from contamination or adulteration - Sec. 26(1) 
THARAVADU HOME OF KERALA CUISINE,2024-03-01,C - Crucial,43.74566,-79.22035,Fail to protect food from contamination or adulteration - Sec. 26(1) 
THARAVADU HOME OF KERALA CUISINE,2024-03-01,C - Crucial,43.74566,-79.22035,Food premise maintained in manner to permit contamination of single-service containers - Sec. 7(1)(h)  
THE ABBOT ON EGLINTON,2023-03-28,C - Crucial,43.70383,-79.4135,Use ice not made from potable water - Sec.  26(5) 
THE ABBOT ON EGLINTON,2023-03-28,C - Crucial,43.70383,-79.4135,Fail to protect food from contamination or adulteration - Sec. 26(1) 
THE ALLEY,2023-01-17,C - Crucial,43.77638,-79.41435,Fail to ensure food handler in food premise washes hands as necessary to prevent contamination of food - Sec. 33(1)(e) 
THE ANNEX RETIREMENT BY REVERA,2022-12-13,C - Crucial,43.67175,-79.4055,Fail to protect food from contamination or adulteration - Sec. 26(1) 
THE APPLE CAFE,2024-04-12,C - Crucial,43.69016,-79.32676,Offer for sale potentially hazardous foods at internal temperature between 4 C and 60 C - Sec. 27(1)
THE ART OF PHO,2022-08-26,C - Crucial,43.79555,-79.42008,Store potentially hazardous foods at internal temperature between 4 C and 60 C - Sec. 27(1)
THE ART OF PHO,2023-03-20,C - Crucial,43.79555,-79.42008,Fail to ensure storage racks designed to protect against contamination - Sec. 31
THE ART OF PHO,2023-06-07,C - Crucial,43.79555,-79.42008,Maintain potentially hazardous foods at internal temperature between 4 C and 60 C -  Sec. 27(1)
THE ART OF PHO,2023-06-07,C - Crucial,43.79555,-79.42008,Fail to protect food from contamination or adulteration - Sec. 26(1) 
THE ART OF PHO,2023-06-07,C - Crucial,43.79555,-79.42008,Refrigerate potentially hazardous foods at internal temperature above 4 C - Sec. 30(a)
THE AULD SPOT PUB,2023-03-10,C - Crucial,43.6771,-79.35309,Fail to protect food from contamination or adulteration - Sec. 26(1) 
THE BAGEL HOUSE,2023-09-06,C - Crucial,43.70483,-79.375,Store potentially hazardous foods at internal temperature between 4 C and 60 C - Sec. 27(1)
THE BAGEL HOUSE,2023-09-06,C - Crucial,43.70483,-79.375,Fail to protect food from contamination or adulteration - Sec. 26(1) 
THE BAGEL HOUSE,2023-04-17,C - Crucial,43.6873,-79.39402,Fail to protect food from contamination or adulteration - Sec. 26(1) 
THE BAGEL HOUSE,2023-04-17,C - Crucial,43.6873,-79.39402,Food premise maintained in manner to permit contamination of single-service articles - Sec. 7(1)(h)  
THE BAGEL HOUSE,2023-04-17,C - Crucial,43.6873,-79.39402,Store potentially hazardous foods at internal temperature between 4 C and 60 C - Sec. 27(1)
THE BELSIZE PUBLIC HOUSE,2022-08-22,C - Crucial,43.70269,-79.38755,Store ice in unsanitary manner - Sec.  26(5) 
THE BELSIZE PUBLIC HOUSE,2022-08-22,C - Crucial,43.70269,-79.38755,Fail to protect food from contamination or adulteration - Sec. 26(1) 
THE BELSIZE PUBLIC HOUSE,2024-04-03,C - Crucial,43.70269,-79.38755,Maintain potentially hazardous foods at internal temperature between 4 C and 60 C -  Sec. 27(1)
THE BELSIZE PUBLIC HOUSE,2024-04-03,C - Crucial,43.70269,-79.38755,Fail to protect food from contamination or adulteration - Sec. 26(1) 
THE BENUE,2022-08-04,C - Crucial,43.67543,-79.42325,Maintain potentially hazardous foods at internal temperature between 4 C and 60 C -  Sec. 27(1)
THE BENUE,2022-08-04,C - Crucial,43.67543,-79.42325,Fail to protect food from contamination or adulteration - Sec. 26(1) 
THE BENUE,2023-04-20,C - Crucial,43.67543,-79.42325,Store potentially hazardous foods at internal temperature between 4 C and 60 C - Sec. 27(1)
THE BENUE,2023-04-20,C - Crucial,43.67543,-79.42325,Operate food premise --- refrigeration equipment for potentially hazardous food not of sufficient size - Sec. 30(a)
THE BENUE,2024-02-13,C - Crucial,43.67543,-79.42325,Food premise maintained in manner permitting adverse effect on food - Sec. 7(1)(a)(iii) 
THE BEST ORIGINAL BOY LITSON,2024-01-05,C - Crucial,43.75318,-79.24406,Fail to protect food from contamination or adulteration - Sec. 26(1) 
THE BHAIS SHAWARMA & GRILL,2023-10-16,C - Crucial,43.64944,-79.36544,Fail to process food in manner safe to eat - Sec. 26(2)
THE BIRYANI WALLA,2023-03-02,C - Crucial,43.72892,-79.40286,Store potentially hazardous foods at internal temperature between 4 C and 60 C - Sec. 27(1)
THE BIRYANI WALLA,2023-03-02,C - Crucial,43.72892,-79.40286,Fail to protect food from contamination or adulteration - Sec. 26(1) 
THE BIRYANI WALLA,2023-03-02,C - Crucial,43.72892,-79.40286,Refrigerate potentially hazardous foods at internal temperature above 4 C - Sec. 30(a)
THE BIRYANI WALLA,2023-12-19,C - Crucial,43.72892,-79.40286,Fail to ensure food handler in food premise washes hands as necessary to prevent contamination of food - Sec. 33(1)(e) 
THE BIRYANI WALLA,2024-02-05,C - Crucial,43.72892,-79.40286,Fail to protect food from contamination or adulteration - Sec. 26(1) 
THE BIRYANI WALLA,2024-02-05,C - Crucial,43.72892,-79.40286,Fail to ensure food handler in food premise washes hands as necessary to prevent contamination of food - Sec. 33(1)(e) 
THE BIRYANI WALLA,2024-02-05,C - Crucial,43.72892,-79.40286,Store potentially hazardous foods at internal temperature between 4 C and 60 C - Sec. 27(1)
THE BIRYANI WALLA/CHICHA'S,2023-03-17,C - Crucial,43.75062,-79.27698,Store potentially hazardous foods at internal temperature between 4 C and 60 C - Sec. 27(1)
THE BIRYANI WALLA/CHICHA'S,2023-07-24,C - Crucial,43.75062,-79.27698,Maintain potentially hazardous foods at internal temperature between 4 C and 60 C -  Sec. 27(1)
THE BOMBAY,2022-07-18,C - Crucial,43.65009,-79.38901,Fail to protect food from contamination or adulteration - Sec. 26(1) 
THE BOMBAY,2023-05-31,C - Crucial,43.65009,-79.38901,Fail to protect food from contamination or adulteration - Sec. 26(1) 
THE BRADGATE ARMS,2023-02-02,C - Crucial,43.68575,-79.40059,Fail to protect food from contamination or adulteration - Sec. 26(1) 
THE BRIDGE RIBS,2024-03-22,C - Crucial,43.77522,-79.41335,Fail to protect food from contamination or adulteration - Sec. 26(1) 
THE BULLGER,2023-11-02,C - Crucial,43.678,-79.35108,Fail to protect food from contamination or adulteration - Sec. 26(1) 
THE BURGER BROS,2024-05-16,C - Crucial,43.6584,-79.44305,Store potentially hazardous foods at internal temperature between 4 C and 60 C - Sec. 27(1)
THE CELEBRATIONS BANQUET HALL,2023-04-17,C - Crucial,43.72182,-79.31225,Fail to protect food from contamination or adulteration - Sec. 26(1) 
THE CHINESE BLOCK,2024-02-23,C - Crucial,43.77704,-79.41449,Fail to protect food from contamination or adulteration - Sec. 26(1) 
THE CHINESE BLOCK,2024-02-23,C - Crucial,43.77704,-79.41449,Store potentially hazardous foods at internal temperature between 4 C and 60 C - Sec. 27(1)
THE COPPER CHIMNEY AUTHENTIC INDIAN ROOM,2022-07-12,C - Crucial,43.73623,-79.42046,Food premise maintained in manner adversely affecting sanitary operation - Sec. 7(1)(a)(ii)
THE COPPER CHIMNEY AUTHENTIC INDIAN ROOM,2023-02-14,C - Crucial,43.73623,-79.42046,Fail to protect food from contamination or adulteration - Sec. 26(1) 
THE COPPER CHIMNEY AUTHENTIC INDIAN ROOM,2023-02-14,C - Crucial,43.73623,-79.42046,Maintain potentially hazardous foods at internal temperature between 4 C and 60 C -  Sec. 27(1)
THE COPPER CHIMNEY AUTHENTIC INDIAN ROOM,2023-05-03,C - Crucial,43.73623,-79.42046,Refrigerate potentially hazardous foods at internal temperature above 4 C - Sec. 30(a)
THE COPPER CHIMNEY AUTHENTIC INDIAN ROOM,2023-05-03,C - Crucial,43.73623,-79.42046,Fail to protect food from contamination or adulteration - Sec. 26(1) 
THE EMPIRE 1,2023-08-31,C - Crucial,43.66091,-79.43105,Store potentially hazardous foods at internal temperature between 4 C and 60 C - Sec. 27(1)
THE EXCHANGE,2022-09-20,C - Crucial,43.66526,-79.39862,Display potentially hazardous foods at internal temperature between 4 C and 60 C - Sec. 27(1)
THE FAMOUS OWL OF MINERVA,2023-10-03,C - Crucial,43.65261,-79.39803,Store potentially hazardous foods at internal temperature between 4 C and 60 C - Sec. 27(1)
THE FAMOUS OWL OF MINERVA,2023-10-03,C - Crucial,43.65261,-79.39803,Fail to protect food from contamination or adulteration - Sec. 26(1) 
THE FORTUNATE FOX,2023-09-21,C - Crucial,43.66752,-79.40086,Fail to protect food from contamination or adulteration - Sec. 26(1) 
THE FOX,2022-08-03,C - Crucial,43.70697,-79.39639,Store ice in unsanitary manner - Sec.  26(5) 
THE FOX AND THE FIDDLE (FOX ON JOHN),2023-10-06,C - Crucial,43.6476,-79.39076,Store ice in unsanitary manner - Sec.  26(5) 
THE FRIENDLY BUTCHER,2023-10-31,C - Crucial,43.72938,-79.40304,Fail to protect food from contamination or adulteration - Sec. 26(1) 
THE FRIENDLY BUTCHER-GOOD'N READY,2023-06-28,C - Crucial,43.6876,-79.42414,Refrigerate potentially hazardous foods at internal temperature above 4 C - Sec. 30(a)
THE FRIENDLY BUTCHER-GOOD'N READY,2023-06-28,C - Crucial,43.6876,-79.42414,Fail to protect food from contamination or adulteration - Sec. 26(1) 
THE FRIENDLY GREEK,2024-04-25,C - Crucial,43.67836,-79.34908,Fail to protect food from contamination or adulteration - Sec. 26(1) 
THE FRIENDLY GREEK,2024-04-25,C - Crucial,43.67836,-79.34908,Handle ice in unsanitary manner - Sec.  26(5) 
THE FRIENDLY THAI,2023-02-01,C - Crucial,43.64588,-79.44875,Fail to protect food from contamination or adulteration - Sec. 26(1) 
THE FRIENDLY THAI,2023-02-01,C - Crucial,43.64588,-79.44875,Fail to ensure storage shelves designed to protect against contamination - Sec. 31
THE FRIENDLY THAI,2023-10-03,C - Crucial,43.66567,-79.47049,Fail to protect food from contamination or adulteration - Sec. 26(1) 
THE GREAT CANADIAN BAGEL,2023-10-16,C - Crucial,43.70604,-79.39855,Store potentially hazardous foods at internal temperature between 4 C and 60 C - Sec. 27(1)
THE GREAT CANADIAN BAGEL,2023-10-16,C - Crucial,43.70604,-79.39855,Fail to protect food from contamination or adulteration - Sec. 26(1) 
THE GREAT MARATHA,2023-11-09,C - Crucial,43.69995,-79.42925,Food premise maintained in manner permitting adverse effect on food - Sec. 7(1)(a)(iii) 
THE GREAT MARATHA,2023-11-09,C - Crucial,43.69995,-79.42925,Store potentially hazardous foods at internal temperature between 4 C and 60 C - Sec. 27(1)
THE GRENADIER CAFE,2023-12-19,C - Crucial,43.65358,-79.46409,Fail to protect food from contamination or adulteration - Sec. 26(1) 
THE GRILL COTTAGE,2022-06-27,C - Crucial,43.64059,-79.43665,Fail to ensure food handler in food premise washes hands as necessary to prevent contamination of food - Sec. 33(1)(e) 
THE GRILL COTTAGE,2022-06-27,C - Crucial,43.64059,-79.43665,Fail to protect food from contamination or adulteration - Sec. 26(1) 
THE GRILL COTTAGE,2022-06-27,C - Crucial,43.64059,-79.43665,Store potentially hazardous foods at internal temperature between 4 C and 60 C - Sec. 27(1)
THE GRILL COTTAGE,2023-07-24,C - Crucial,43.64059,-79.43665,Store potentially hazardous foods at internal temperature between 4 C and 60 C - Sec. 27(1)
THE ISLAND CARIBBEAN COOKSHOP,2023-08-17,C - Crucial,43.76226,-79.41083,Store potentially hazardous foods at internal temperature between 4 C and 60 C - Sec. 27(1)
THE KEG,2023-04-25,C - Crucial,43.70584,-79.39784,Store potentially hazardous foods at internal temperature between 4 C and 60 C - Sec. 27(1)
THE MOMO HOUSE,2022-10-12,C - Crucial,43.67034,-79.39014,Maintain potentially hazardous foods at internal temperature between 4 C and 60 C -  Sec. 27(1)
THE MOMO HOUSE,2024-04-26,C - Crucial,43.67892,-79.34411,Fail to protect food from contamination or adulteration - Sec. 26(1) 
THE MONKEY BAR & GRILL,2023-07-05,C - Crucial,43.7315,-79.4035,Fail to protect food from contamination or adulteration - Sec. 26(1) 
THE MORNING AFTER,2023-08-09,C - Crucial,43.6401,-79.397,Food premise maintained in manner permitting adverse effect on food - Sec. 7(1)(a)(iii) 
THE NUTRITION BAR,2023-07-05,C - Crucial,43.66753,-79.38519,Fail to protect food from contamination or adulteration - Sec. 26(1) 
THE OLD HOUSE,2023-05-17,C - Crucial,43.78682,-79.27609,Fail to protect food from contamination or adulteration - Sec. 26(1) 
THE PORTUGUESE CHICKEN GUYS,2024-01-22,C - Crucial,43.62652,-79.54068,Fail to protect food from contamination or adulteration - Sec. 26(1) 
THE REAL JERK,2024-01-18,C - Crucial,43.66782,-79.34331,Food premise maintained in manner to permit contamination of single-service containers - Sec. 7(1)(h)  
THE RIVIERA,2023-09-29,C - Crucial,43.62737,-79.35649,Fail to protect food from contamination or adulteration - Sec. 26(1) 
THE RIVIERA,2024-04-25,C - Crucial,43.62737,-79.35649,Fail to protect food from contamination or adulteration - Sec. 26(1) 
THE RIVIERA,2024-04-25,C - Crucial,43.62737,-79.35649,Store ice in unsanitary manner - Sec.  26(5) 
THE ROSE AND CROWN,2022-07-26,C - Crucial,43.70864,-79.39832,Store ice in unsanitary manner - Sec.  26(5) 
THE ROY PUBLIC HOUSE,2023-11-23,C - Crucial,43.66056,-79.34313,Fail to ensure food handler in food premise washes hands as necessary to prevent contamination of food areas - Sec.  33(1)(e)
THE ROY PUBLIC HOUSE,2023-11-23,C - Crucial,43.66056,-79.34313,Fail to ensure food handler in food premise refrains from conduct that could result in contamination of food areas - Sec. 33(1)(h) 
THE SHAMEFUL TIKI ROOM,2023-10-23,C - Crucial,43.64146,-79.43332,Fail to protect food from contamination or adulteration - Sec. 26(1) 
THE SHORE CLUB,2023-09-18,C - Crucial,43.64579,-79.38577,Store ice in unsanitary manner - Sec.  26(5) 
THE SIX CONVENIENCE,2023-04-17,C - Crucial,43.60341,-79.50494,Fail to ensure room kept free from live birds or animals - Sec. 14(1)
THE SKYLINE RESTAURANT,2023-11-27,C - Crucial,43.64099,-79.43517,Fail to protect food from contamination or adulteration - Sec. 26(1) 
THE SKYLINE RESTAURANT,2023-11-27,C - Crucial,43.64099,-79.43517,Store potentially hazardous foods at internal temperature between 4 C and 60 C - Sec. 27(1)
THE SPICY GRILL,2023-06-07,C - Crucial,43.69266,-79.28311,Maintain potentially hazardous foods at internal temperature between 4 C and 60 C -  Sec. 27(1)
THE SPICY GRILL,2023-06-07,C - Crucial,43.69266,-79.28311,Food premise maintained in manner permitting adverse effect on food - Sec. 7(1)(a)(iii) 
THE SPICY GRILL,2023-08-09,C - Crucial,43.69266,-79.28311,Maintain potentially hazardous foods at internal temperature between 4 C and 60 C -  Sec. 27(1)
THE SPICY GRILL,2023-08-09,C - Crucial,43.69266,-79.28311,Fail to ensure food handler in food premise washes hands as necessary to prevent contamination of food - Sec. 33(1)(e) 
THE SWAN A FIRKIN PUB,2024-05-23,C - Crucial,43.65102,-79.47568,Store ice in unsanitary manner - Sec.  26(5) 
THE TUMMY SECTION-BY DELHI BOYZ,2023-12-27,C - Crucial,43.65383,-79.45114,Fail to protect food from contamination or adulteration - Sec. 26(1) 
THIRSTEA BLOOR STREET,2024-06-04,C - Crucial,43.66454,-79.41457,Fail to protect food from contamination or adulteration - Sec. 26(1) 
THREE KINGDOMS PIZZA,2023-05-30,C - Crucial,43.66475,-79.38493,Fail to protect food from contamination or adulteration - Sec. 26(1) 
TIM HORTONS,2022-07-20,C - Crucial,43.70586,-79.25202,Food premise maintained in manner permitting adverse effect on food - Sec. 7(1)(a)(iii) 
TIM HORTONS,2023-08-25,C - Crucial,43.6799,-79.34502,Fail to ensure food handler in food premise washes hands as necessary to prevent contamination of food - Sec. 33(1)(e) 
TIM HORTONS,2024-02-16,C - Crucial,43.71947,-79.46826,Fail to protect food from contamination or adulteration - Sec. 26(1) 
TIM HORTONS,2023-07-12,C - Crucial,43.78664,-79.47045,Store ice in unsanitary manner - Sec.  26(5) 
TIM HORTONS,2023-07-12,C - Crucial,43.78664,-79.47045,Fail to ensure food handler in food premise washes hands as necessary to prevent contamination of food - Sec. 33(1)(e) 
TIM HORTONS,2023-04-28,C - Crucial,43.72632,-79.23155,Maintain potentially hazardous foods at internal temperature between 4 C and 60 C -  Sec. 27(1)
TIM HORTONS,2022-10-05,C - Crucial,43.68074,-79.28302,Food premise maintained in manner permitting adverse effect on food - Sec. 7(1)(a)(iii) 
TIM HORTONS,2022-10-05,C - Crucial,43.68074,-79.28302,Fail to protect food from contamination or adulteration - Sec. 26(1) 
TIM HORTONS,2023-06-20,C - Crucial,43.73205,-79.41897,Fail to ensure food handler in food premise washes hands as necessary to prevent contamination of food - Sec. 33(1)(e) 
TIM HORTONS,2024-02-26,C - Crucial,43.6721,-79.37712,Food premise maintained in manner to permit contamination of single-service containers - Sec. 7(1)(h)  
TIM HORTONS,2023-08-24,C - Crucial,43.68963,-79.39443,Fail to protect food from contamination or adulteration - Sec. 26(1) 
TIN SHING HONG,2024-03-18,C - Crucial,43.80432,-79.29516,Fail to protect food from contamination or adulteration - Sec. 26(1) 
TIN SHING HONG,2024-03-18,C - Crucial,43.80432,-79.29516,Fail to ensure food handler in food premise washes hands as necessary to prevent contamination of food - Sec. 33(1)(e) 
TIN TIN CONGEE CHINESE RESTAURANT,2024-05-29,C - Crucial,43.77362,-79.49214,Fail to protect food from contamination or adulteration - Sec. 26(1) 
TINUNO,2023-11-06,C - Crucial,43.67111,-79.37485,Maintain potentially hazardous foods at internal temperature between 4 C and 60 C -  Sec. 27(1)
TINUNO,2023-03-06,C - Crucial,43.72911,-79.43242,Store potentially hazardous foods at internal temperature between 4 C and 60 C - Sec. 27(1)
TINUNO,2023-03-06,C - Crucial,43.72911,-79.43242,Store ice in unsanitary manner - Sec.  26(5) 
TINUNO,2023-03-06,C - Crucial,43.72911,-79.43242,Fail to protect food from contamination or adulteration - Sec. 26(1) 
TINUNO,2023-03-06,C - Crucial,43.72911,-79.43242,Fail to ensure food handler in food premise washes hands as necessary to prevent contamination of food - Sec. 33(1)(e) 
TIPSY MOOSE PUB,2024-04-19,C - Crucial,43.68492,-79.31732,Store ice in unsanitary manner - Sec.  26(5) 
TITA'S MEXICAN FOOD,2023-11-07,C - Crucial,43.66913,-79.48162,Food premise maintained in manner to permit contamination of single-service containers - Sec. 7(1)(h)  
TITA'S MEXICAN FOOD,2023-11-07,C - Crucial,43.66913,-79.48162,Fail to protect food from contamination or adulteration - Sec. 26(1) 
TLM CATERING,2023-08-15,C - Crucial,43.71233,-79.35007,Refrigerate potentially hazardous foods at internal temperature above 4 C - Sec. 30(a)
TOBY'S FOOD MART,2023-03-23,C - Crucial,43.66963,-79.31169,Fail to ensure storage pallets designed to protect against contamination - Sec. 31
TOBY'S FOOD MART,2023-03-23,C - Crucial,43.66963,-79.31169,Fail to protect food from contamination or adulteration - Sec. 26(1) 
TOKYO GRILL 2,2023-10-23,C - Crucial,43.77002,-79.41275,Maintain potentially hazardous foods at internal temperature between 4 C and 60 C -  Sec. 27(1)
TOKYO GRILL 2,2023-10-23,C - Crucial,43.77002,-79.41275,Fail to protect food from contamination or adulteration - Sec. 26(1) 
TOMATONO KOREAN MEAL KIT,2024-04-25,C - Crucial,43.76394,-79.476,Fail to protect food from contamination or adulteration - Sec. 26(1) 
TOP FOOD ASIAN CUISINE,2023-01-20,C - Crucial,43.75851,-79.51944,Fail to protect food from contamination or adulteration - Sec. 26(1) 
TOP FOOD SUPERMARKET,2023-08-28,C - Crucial,43.75196,-79.26029,Fail to protect food from contamination or adulteration - Sec. 26(1) 
TOP FOOD SUPERMARKET,2023-08-28,C - Crucial,43.75196,-79.26029,Store potentially hazardous foods at internal temperature between 4 C and 60 C - Sec. 27(1)
TORA RESTAURANTS,2023-10-25,C - Crucial,43.72608,-79.45147,Fail to protect food from contamination or adulteration - Sec. 26(1) 
TORA RESTAURANTS,2023-10-25,C - Crucial,43.72608,-79.45147,Fail to ensure food handler in food premise washes hands as necessary to prevent contamination of food - Sec. 33(1)(e) 
TORA RESTAURANTS,2023-10-25,C - Crucial,43.72608,-79.45147,Store potentially hazardous foods at internal temperature between 4 C and 60 C - Sec. 27(1)
TORONTO DON VALLEY HOTEL & SUITES,2023-03-09,C - Crucial,43.72498,-79.32752,Fail to ensure food handler in food premise refrains from conduct that could result in contamination of food areas - Sec. 33(1)(h) 
TORONTO DON VALLEY HOTEL & SUITES,2023-03-09,C - Crucial,43.72498,-79.32752,Fail to ensure food handler in food premise washes hands as necessary to prevent contamination of food areas - Sec.  33(1)(e)
TORONTO PHO,2024-02-20,C - Crucial,43.70096,-79.45147,Store ice in unsanitary manner - Sec.  26(5) 
TORONTO PHO,2024-02-20,C - Crucial,43.70096,-79.45147,Maintain potentially hazardous foods at internal temperature between 4 C and 60 C -  Sec. 27(1)
TORONTO SHAWARMA,2024-04-30,C - Crucial,43.63894,-79.42786,Maintain potentially hazardous foods at internal temperature between 4 C and 60 C -  Sec. 27(1)
TOUHENBOKU,2023-01-19,C - Crucial,43.65013,-79.38919,Fail to protect food from contamination or adulteration - Sec. 26(1) 
TOUHENBOKU,2023-01-19,C - Crucial,43.65013,-79.38919,Store ice in unsanitary manner - Sec.  26(5) 
TRADITIONAL KOREAN BAKERY,2022-06-23,C - Crucial,43.64687,-79.53084,Fail to protect food from contamination or adulteration - Sec. 26(1) 
TRIPLE-TRIPLE PIZZA & CHICKEN,2023-08-30,C - Crucial,43.68987,-79.47569,Food premise maintained in manner to permit contamination of single-service containers - Sec. 7(1)(h)  
TULIPA - CROISSANTERIA SALAO DE CHA,2022-11-10,C - Crucial,43.64936,-79.42606,Food premise maintained in manner permitting health hazard - Sec. 7(1)(a)(i)    
TULIPA - CROISSANTERIA SALAO DE CHA,2022-11-10,C - Crucial,43.64936,-79.42606,Fail to protect food from contamination or adulteration - Sec. 26(1) 
TUNG HING BAKERY,2024-04-25,C - Crucial,43.72097,-79.51253,Store ice in unsanitary manner - Sec.  26(5) 
TUNG HING BAKERY,2024-04-25,C - Crucial,43.72097,-79.51253,Fail to ensure food handler in food premise washes hands as necessary to prevent contamination of food - Sec. 33(1)(e) 
TUNG HING BAKERY,2024-04-25,C - Crucial,43.72097,-79.51253,Offer for sale potentially hazardous foods at internal temperature between 4 C and 60 C - Sec. 27(1)
TUTTO PRONTO,2022-07-21,C - Crucial,43.72822,-79.41832,Refrigerate potentially hazardous foods at internal temperature above 4 C - Sec. 30(a)
TWO BROTHERS SHAWARMA,2022-07-15,C - Crucial,43.6894,-79.29536,Food premise maintained in manner permitting adverse effect on food - Sec. 7(1)(a)(iii) 
TWO BROTHERS SHAWARMA,2022-07-15,C - Crucial,43.6894,-79.29536,Maintain potentially hazardous foods at internal temperature between 4 C and 60 C -  Sec. 27(1)
TYNDALE UNIVERSITY & COLLEGE SEMINARY,2023-04-21,C - Crucial,43.79715,-79.39208,Hot-holding potentially hazardous foods at internal temperature below 60 C - Sec. 30(a)
TZATZIKI,2024-03-11,C - Crucial,43.70734,-79.39026,Maintain potentially hazardous foods at internal temperature between 4 C and 60 C -  Sec. 27(1)
TZATZIKI,2024-03-11,C - Crucial,43.70734,-79.39026,Food premise maintained in manner permitting adverse effect on food - Sec. 7(1)(a)(iii) 
TZATZIKI,2024-03-11,C - Crucial,43.70734,-79.39026,Fail to process food in manner safe to eat - Sec. 26(2)
Tajmahal Foods,2022-06-30,C - Crucial,43.74379,-79.2176,Fail to ensure food handler in food premise washes hands as necessary to prevent contamination of food areas - Sec.  33(1)(e)
Tajmahal Foods,2022-06-30,C - Crucial,43.74379,-79.2176,Fail to protect food from contamination or adulteration - Sec. 26(1) 
Tajmahal Foods,2022-06-30,C - Crucial,43.74379,-79.2176,Store potentially hazardous foods at internal temperature between 4 C and 60 C - Sec. 27(1)
Tashi Delek Cafe,2022-07-21,C - Crucial,43.64023,-79.43708,Store potentially hazardous foods at internal temperature between 4 C and 60 C - Sec. 27(1)
Tashi Delek Cafe,2022-07-21,C - Crucial,43.64023,-79.43708,Fail to protect food from contamination or adulteration - Sec. 26(1) 
Tashi Delek Cafe,2022-07-21,C - Crucial,43.64023,-79.43708,Food premise maintained in manner permitting health hazard (Rodents) - Sec. 7(1)(a)(i)    
Tashi Delek Cafe,2023-10-31,C - Crucial,43.64023,-79.43708,Store potentially hazardous foods at internal temperature between 4 C and 60 C - Sec. 27(1)
Tashi Delek Cafe,2023-10-31,C - Crucial,43.64023,-79.43708,Fail to ensure food handler in food premise washes hands as necessary to prevent contamination of food - Sec. 33(1)(e) 
Thai Restaurant,2022-09-29,C - Crucial,43.73495,-79.25962,Fail to protect food from contamination or adulteration - Sec. 26(1) 
Thai Restaurant,2023-08-23,C - Crucial,43.73495,-79.25962,Maintain potentially hazardous foods at internal temperature between 4 C and 60 C -  Sec. 27(1)
Thai Restaurant,2023-08-23,C - Crucial,43.73495,-79.25962,Fail to protect food from contamination or adulteration - Sec. 26(1) 
Tong Ha Supreme BBQ,2022-08-31,C - Crucial,43.82188,-79.29921,Fail to protect food from contamination or adulteration - Sec. 26(1) 
Tong Ha Supreme BBQ,2022-10-13,C - Crucial,43.82188,-79.29921,Food premise maintained in manner to permit contamination of single-service articles - Sec. 7(1)(h)  
Tong Ha Supreme BBQ,2022-10-13,C - Crucial,43.82188,-79.29921,Fail to protect food from contamination or adulteration - Sec. 26(1) 
Tong Ha Supreme BBQ,2022-10-13,C - Crucial,43.82188,-79.29921,Maintain potentially hazardous foods at internal temperature between 4 C and 60 C -  Sec. 27(1)
Tong Ha Supreme BBQ,2022-10-28,C - Crucial,43.82188,-79.29921,Fail to protect food from contamination or adulteration - Sec. 26(1) 
Tong Ha Supreme BBQ,2024-02-23,C - Crucial,43.82188,-79.29921,Store potentially hazardous foods at internal temperature between 4 C and 60 C - Sec. 27(1)
Tropical Nights Restaurant,2023-12-21,C - Crucial,43.80111,-79.19979,Fail to protect food from contamination or adulteration - Sec. 26(1) 
Tropical Nights Restaurant,2023-12-21,C - Crucial,43.80111,-79.19979,Refrigerate potentially hazardous foods at internal temperature above 4 C - Sec. 30(a)
UMAMI POKE,2023-03-31,C - Crucial,43.68304,-79.39234,Food premise maintained in manner to permit contamination of single-service containers - Sec. 7(1)(h)  
UMAMI POKE,2023-03-31,C - Crucial,43.68304,-79.39234,Fail to protect food from contamination or adulteration - Sec. 26(1) 
UMAMI POKE,2023-10-04,C - Crucial,43.68304,-79.39234,Maintain potentially hazardous foods at internal temperature between 4 C and 60 C -  Sec. 27(1)
UNION SOCIAL EATERY,2023-03-23,C - Crucial,43.68809,-79.39281,Store ice in unsanitary manner - Sec.  26(5) 
UNION SOCIAL EATERY,2023-03-23,C - Crucial,43.68809,-79.39281,Fail to protect food from contamination or adulteration - Sec. 26(1) 
UNION SOCIAL EATERY,2023-03-23,C - Crucial,43.68809,-79.39281,Store potentially hazardous foods at internal temperature between 4 C and 60 C - Sec. 27(1)
UNION SOCIAL EATERY,2023-07-05,C - Crucial,43.68809,-79.39281,Store potentially hazardous foods at internal temperature between 4 C and 60 C - Sec. 27(1)
UNION SOCIAL EATERY,2023-09-13,C - Crucial,43.76392,-79.41126,Display potentially hazardous foods at internal temperature between 4 C and 60 C - Sec. 27(1)
UPTOWN BRIE,2022-08-04,C - Crucial,43.71165,-79.39988,Store potentially hazardous foods at internal temperature between 4 C and 60 C - Sec. 27(1)
UPTOWN CHURRASQUEIRA,2024-03-12,C - Crucial,43.75362,-79.54227,Hot-holding potentially hazardous foods at internal temperature below 60 C - Sec. 30(a)
URBAN HAKKA,2023-12-18,C - Crucial,43.73024,-79.40323,Fail to protect food from contamination or adulteration - Sec. 26(1) 
URBAN HAKKA,2023-12-18,C - Crucial,43.73024,-79.40323,Fail to ensure food handler in food premise washes hands as necessary to prevent contamination of food - Sec. 33(1)(e) 
URBAN HAKKA,2023-12-18,C - Crucial,43.73024,-79.40323,Store potentially hazardous foods at internal temperature between 4 C and 60 C - Sec. 27(1)
URBAN HAKKA,2024-02-08,C - Crucial,43.73024,-79.40323,Fail to protect food from contamination or adulteration - Sec. 26(1) 
URBAN HAKKA,2024-02-08,C - Crucial,43.73024,-79.40323,Store potentially hazardous foods at internal temperature between 4 C and 60 C - Sec. 27(1)
VAGABONDO RESTO BAR,2023-10-24,C - Crucial,43.64367,-79.39002,Fail to protect food from contamination or adulteration - Sec. 26(1) 
VALLEYFIELD JR. SCHOOL SNACK PROGRAM,2022-09-21,C - Crucial,43.69422,-79.53822,Store potentially hazardous foods at internal temperature between 4 C and 60 C - Sec. 27(1)
VEERAR TAKEOUT & CATERING,2023-01-19,C - Crucial,43.79565,-79.23141,Fail to protect food from contamination or adulteration - Sec. 26(1) 
VESTA LUNCH,2023-09-19,C - Crucial,43.67315,-79.41429,Fail to protect food from contamination or adulteration - Sec. 26(1) 
VESTA LUNCH,2023-09-19,C - Crucial,43.67315,-79.41429,Store potentially hazardous foods at internal temperature between 4 C and 60 C - Sec. 27(1)
VICTORY CAFE,2022-07-04,C - Crucial,43.66581,-79.4085,Store potentially hazardous foods at internal temperature between 4 C and 60 C - Sec. 27(1)
VICTORY CAFE,2024-04-02,C - Crucial,43.66581,-79.4085,Fail to protect food from contamination or adulteration - Sec. 26(1) 
VICTORY CAFE,2024-06-03,C - Crucial,43.66581,-79.4085,Fail to protect food from contamination or adulteration - Sec. 26(1) 
VIETNAM LOVELY NOODLE,2023-10-24,C - Crucial,43.66622,-79.40627,Fail to protect food from contamination or adulteration - Sec. 26(1) 
VILA VERDE BAR & GRILL,2022-12-14,C - Crucial,43.67703,-79.47196,Fail to protect food from contamination or adulteration - Sec. 26(1) 
VILA VERDE BAR & GRILL,2024-04-10,C - Crucial,43.67703,-79.47196,Fail to ensure storage shelves designed to protect against contamination - Sec. 31
VILLA COLOMBO HOMES FOR THE AGED,2022-06-23,C - Crucial,43.71051,-79.45614,Store potentially hazardous foods at internal temperature between 4 C and 60 C - Sec. 27(1)
VINDALOO INDIAN CUISINE,2022-06-24,C - Crucial,43.72239,-79.23531,Fail to protect food from contamination or adulteration - Sec. 26(1) 
VINDALOO INDIAN CUISINE,2022-06-24,C - Crucial,43.72239,-79.23531,Maintain potentially hazardous foods at internal temperature between 4 C and 60 C -  Sec. 27(1)
VIPEI BISTRO,2023-09-18,C - Crucial,43.72715,-79.2297,Store potentially hazardous foods at internal temperature between 4 C and 60 C - Sec. 27(1)
WAI YU LAU RESTAURANT,2022-10-17,C - Crucial,43.80602,-79.28837,Fail to protect food from contamination or adulteration - Sec. 26(1) 
WANAS SHAWARMA,2024-03-20,C - Crucial,43.6776,-79.35044,Fail to protect food from contamination or adulteration - Sec. 26(1) 
WEI'S TAIWANESE FOOD INC.,2023-01-26,C - Crucial,43.78983,-79.30203,Fail to protect food from contamination or adulteration - Sec. 26(1) 
WELL & BETTER COFFEE,2023-09-29,C - Crucial,43.70406,-79.38876,Refrigerate potentially hazardous foods at internal temperature above 4 C - Sec. 30(a)
WELLESLEY CENTRAL PLACE,2023-10-05,C - Crucial,43.66701,-79.37548,Store potentially hazardous foods at internal temperature between 4 C and 60 C - Sec. 27(1)
WENDY'S,2022-09-02,C - Crucial,43.70513,-79.35057,Fail to protect food from contamination or adulteration - Sec. 26(1) 
WENDY'S,2023-07-25,C - Crucial,43.71273,-79.46086,Sell potentially hazardous foods at internal temperature between 4 C and 60 C - Sec. 27(1)
WENDY'S,2023-07-25,C - Crucial,43.71273,-79.46086,Fail to protect food from contamination or adulteration - Sec. 26(1) 
WENDY'S,2022-09-12,C - Crucial,43.78581,-79.47532,Fail to ensure food handler in food premise washes hands as necessary to prevent contamination of food - Sec. 33(1)(e) 
WENDY'S,2022-09-12,C - Crucial,43.78581,-79.47532,Store potentially hazardous foods at internal temperature between 4 C and 60 C - Sec. 27(1)
WESTON STATION,2023-02-21,C - Crucial,43.70078,-79.51738,Fail to protect food from contamination or adulteration - Sec. 26(1) 
WESTWOOD GRILL,2023-12-05,C - Crucial,43.65996,-79.47964,Fail to protect food from contamination or adulteration - Sec. 26(1) 
WHITE EAGLE NURSING HOME,2022-09-26,C - Crucial,43.63718,-79.43922,Fail to ensure storage shelves designed to protect against contamination - Sec. 31
WIKKI HUT,2024-01-16,C - Crucial,43.76226,-79.41083,Fail to protect food from contamination or adulteration - Sec. 26(1) 
WIKKI HUT,2024-05-15,C - Crucial,43.76226,-79.41083,Fail to protect food from contamination or adulteration - Sec. 26(1) 
WIKKI HUT,2023-06-14,C - Crucial,43.71693,-79.44743,Display potentially hazardous foods at internal temperature between 4 C and 60 C - Sec. 27(1)
WIKKI HUT,2023-06-14,C - Crucial,43.71693,-79.44743,Fail to protect food from contamination or adulteration - Sec. 26(1) 
WIKKI HUT,2023-06-14,C - Crucial,43.71693,-79.44743,Store ice in unsanitary manner - Sec.  26(5) 
WIKKI HUT,2023-06-14,C - Crucial,43.71693,-79.44743,Fail to ensure food handler in food premise washes hands as necessary to prevent contamination of food - Sec. 33(1)(e) 
WILD WING,2022-08-22,C - Crucial,43.64379,-79.40319,Store potentially hazardous foods at internal temperature between 4 C and 60 C - Sec. 27(1)
WILD WING,2023-01-06,C - Crucial,43.64379,-79.40319,Fail to maintain records of food purchased  - Sec. 29(2)  
WILD WING,2023-01-06,C - Crucial,43.64379,-79.40319,Food premise maintained in manner permitting adverse effect on food - Sec. 7(1)(a)(iii) 
WILD WING,2023-01-06,C - Crucial,43.64379,-79.40319,Operate food premise --- refrigeration equipment for potentially hazardous food not of sufficient size - Sec. 30(a)
WILD WING,2022-11-25,C - Crucial,43.71996,-79.51214,Fail to protect food from contamination or adulteration - Sec. 26(1) 
WILD WING,2023-05-29,C - Crucial,43.66629,-79.40579,Store potentially hazardous foods at internal temperature between 4 C and 60 C - Sec. 27(1)
WILD WING,2022-11-02,C - Crucial,43.70434,-79.37483,Fail to ensure food handler in food premise washes hands as necessary to prevent contamination of food - Sec. 33(1)(e) 
WILD WING,2022-11-02,C - Crucial,43.70434,-79.37483,Refrigerate potentially hazardous foods at internal temperature above 4 C - Sec. 30(a)
WILSON'S HAUS OF LECHON,2023-01-24,C - Crucial,43.73658,-79.43683,Fail to ensure food handler in food premise washes hands as necessary to prevent contamination of food - Sec. 33(1)(e) 
WILSON'S HAUS OF LECHON,2023-01-24,C - Crucial,43.73658,-79.43683,Store ice in unsanitary manner - Sec.  26(5) 
WILSON'S HAUS OF LECHON,2023-01-24,C - Crucial,43.73658,-79.43683,Display potentially hazardous foods at internal temperature between 4 C and 60 C - Sec. 27(1)
WILSON'S HAUS OF LECHON,2023-11-09,C - Crucial,43.73658,-79.43683,Sell potentially hazardous foods at internal temperature between 4 C and 60 C - Sec. 27(1)
WILSON'S HAUS OF LECHON,2023-11-09,C - Crucial,43.73658,-79.43683,Fail to ensure food handler in food premise washes hands as necessary to prevent contamination of food - Sec. 33(1)(e) 
WILSON'S HAUS OF LECHON,2023-11-09,C - Crucial,43.73658,-79.43683,Fail to protect food from contamination or adulteration - Sec. 26(1) 
WINDFIELD'S FAMILY RESTAURANT,2023-11-07,C - Crucial,43.75285,-79.35842,Fail to ensure food handler in food premise refrains from conduct that could result in contamination of food - Sec. 33(1)(h) 
WINDFIELD'S FAMILY RESTAURANT,2023-11-07,C - Crucial,43.75285,-79.35842,Fail to protect food from contamination or adulteration - Sec. 26(1) 
WINDIES RESTAURANT & SPORTS BAR,2023-11-03,C - Crucial,43.75848,-79.23415,Maintain potentially hazardous foods at internal temperature between 4 C and 60 C -  Sec. 27(1)
WING HING FOOD PRODUCTS INC,2023-06-15,C - Crucial,43.82674,-79.25276,Fail to protect food from contamination or adulteration - Sec. 26(1) 
WING HING FOOD PRODUCTS INC,2023-10-05,C - Crucial,43.82674,-79.25276,Fail to protect food from contamination or adulteration - Sec. 26(1) 
WING MACHINE,2023-11-06,C - Crucial,43.68151,-79.33327,Fail to protect food from contamination or adulteration - Sec. 26(1) 
WING MACHINE,2024-06-10,C - Crucial,43.68151,-79.33327,Food premise maintained in manner permitting adverse effect on food - Sec. 7(1)(a)(iii) 
WING WING RESTAURANT,2022-09-01,C - Crucial,43.69104,-79.2901,Food premise maintained in manner permitting adverse effect on food - Sec. 7(1)(a)(iii) 
WING WING RESTAURANT,2023-08-29,C - Crucial,43.69104,-79.2901,Food premise maintained in manner permitting adverse effect on food - Sec. 7(1)(a)(iii) 
WINGS 'N' BITES,2023-11-15,C - Crucial,43.63987,-79.38142,Fail to protect food from contamination or adulteration - Sec. 26(1) 
WINGS N BITES,2023-02-22,C - Crucial,43.83565,-79.25045,Refrigerate potentially hazardous foods at internal temperature above 4 C - Sec. 30(a)
WOK AND BOWL,2023-05-08,C - Crucial,43.71814,-79.42916,Fail to protect food from contamination or adulteration - Sec. 26(1) 
WOKKING ON WHEELS,2023-07-12,C - Crucial,43.66475,-79.39872,Store potentially hazardous foods at internal temperature between 4 C and 60 C - Sec. 27(1)
WON KEE BBQ & BAR,2024-04-19,C - Crucial,43.77512,-79.41383,Maintain potentially hazardous foods at internal temperature between 4 C and 60 C -  Sec. 27(1)
WOOD HOUSE BARBECUE,2023-08-22,C - Crucial,43.75794,-79.41054,Store potentially hazardous foods at internal temperature between 4 C and 60 C - Sec. 27(1)
WOOJOO BUNSIK,2024-02-12,C - Crucial,43.78946,-79.41823,Store potentially hazardous foods at internal temperature between 4 C and 60 C - Sec. 27(1)
WOONDALL,2024-04-16,C - Crucial,43.69085,-79.29113,Fail to protect food from contamination or adulteration - Sec. 26(1) 
WORLD FAMOUS PIZZA,2022-11-22,C - Crucial,43.80125,-79.19918,Maintain potentially hazardous foods at internal temperature between 4 C and 60 C -  Sec. 27(1)
WORLD FAMOUS PIZZA,2022-11-22,C - Crucial,43.80125,-79.19918,Fail to protect food from contamination or adulteration - Sec. 26(1) 
WORLDLY FOOD,2022-10-19,C - Crucial,43.72964,-79.43181,Fail to protect food from contamination or adulteration - Sec. 26(1) 
WORLDLY FOOD,2022-10-19,C - Crucial,43.72964,-79.43181,Store potentially hazardous foods at internal temperature between 4 C and 60 C - Sec. 27(1)
WORLDLY FOOD,2023-06-21,C - Crucial,43.72964,-79.43181,Fail to protect food from contamination or adulteration - Sec. 26(1) 
WORLDLY FOOD,2023-06-21,C - Crucial,43.72964,-79.43181,Refrigerate potentially hazardous foods at internal temperature above 4 C - Sec. 30(a)
WYCHWOOD PUB,2024-02-12,C - Crucial,43.68279,-79.41887,Fail to protect food from contamination or adulteration - Sec. 26(1) 
XE KEM,2024-02-23,C - Crucial,43.7513,-79.54359,Maintain potentially hazardous foods at internal temperature between 4 C and 60 C -  Sec. 27(1)
XE KEM,2024-02-23,C - Crucial,43.7513,-79.54359,Food premise maintained in manner to permit contamination of single-service containers - Sec. 7(1)(h)  
XE KEM,2024-02-23,C - Crucial,43.7513,-79.54359,Fail to ensure storage shelves designed to protect against contamination - Sec. 31
XIAO FANG YANG BBQ,2023-08-29,C - Crucial,43.81517,-79.29676,Fail to protect food from contamination or adulteration - Sec. 26(1) 
XIAO FANG YANG BBQ,2024-04-14,C - Crucial,43.81517,-79.29676,Store potentially hazardous foods at internal temperature between 4 C and 60 C - Sec. 27(1)
XIAO FANG YANG BBQ,2024-04-14,C - Crucial,43.81517,-79.29676,Fail to protect food from contamination or adulteration - Sec. 26(1) 
YANAGI SUSHI,2022-12-06,C - Crucial,43.68337,-79.32496,Fail to protect food from contamination or adulteration - Sec. 26(1) 
YANAGI SUSHI,2023-08-22,C - Crucial,43.68337,-79.32496,Food premise maintained in manner to permit contamination of single-service containers - Sec. 7(1)(h)  
YANAGI SUSHI,2023-08-22,C - Crucial,43.68337,-79.32496,Fail to protect food from contamination or adulteration - Sec. 26(1) 
YANAGI SUSHI,2024-03-05,C - Crucial,43.68337,-79.32496,Food premise maintained in manner to permit contamination of single-service containers - Sec. 7(1)(h)  
YANAGI SUSHI,2024-03-05,C - Crucial,43.68337,-79.32496,Store potentially hazardous foods at internal temperature between 4 C and 60 C - Sec. 27(1)
YANG'S BBQ RESTAURANT,2022-09-14,C - Crucial,43.8037,-79.28695,Fail to protect food from contamination or adulteration - Sec. 26(1) 
YANG'S BBQ RESTAURANT,2023-08-30,C - Crucial,43.8037,-79.28695,Fail to protect food from contamination or adulteration - Sec. 26(1) 
YARL CREAM HOUSE,2023-11-06,C - Crucial,43.82539,-79.24779,Fail to protect food from contamination or adulteration - Sec. 26(1) 
YARL CREAM HOUSE,2024-06-05,C - Crucial,43.82539,-79.24779,Maintain potentially hazardous foods at internal temperature between 4 C and 60 C -  Sec. 27(1)
YATAI JAPANESE STREET FOOD - FB 204 - CNE 2023,2023-08-31,C - Crucial,43.6372,-79.41004,Maintain potentially hazardous foods at internal temperature between 4 C and 60 C -  Sec. 27(1)
YAYA GREEK BISTRO,2023-07-11,C - Crucial,43.66314,-79.33177,Distribute potentially hazardous foods at internal temperature between 4 C and 60 C - Sec. 27(1)
YAYA GREEK BISTRO,2024-05-24,C - Crucial,43.66314,-79.33177,Handle ice in unsanitary manner - Sec.  26(5) 
YAYA GREEK BISTRO,2024-05-24,C - Crucial,43.66314,-79.33177,Store potentially hazardous foods at internal temperature between 4 C and 60 C - Sec. 27(1)
YI FANG TAIWAN FRUIT TEA,2022-10-18,C - Crucial,43.80493,-79.29029,Fail to protect food from contamination or adulteration - Sec. 26(1) 
YI FANG TAIWAN FRUIT TEA,2022-10-18,C - Crucial,43.80493,-79.29029,Store potentially hazardous foods at internal temperature between 4 C and 60 C - Sec. 27(1)
YIFANG TAIWAN FRUIT TEA/MR FISH,2023-05-15,C - Crucial,43.66725,-79.38582,Fail to protect food from contamination or adulteration - Sec. 26(1) 
YIN JI CHANG FEN,2022-11-17,C - Crucial,43.6558,-79.39896,Fail to protect food from contamination or adulteration - Sec. 26(1) 
YIN JI CHANG FEN,2023-12-12,C - Crucial,43.75845,-79.40983,Fail to ensure food handler in food premise washes hands as necessary to prevent contamination of food - Sec. 33(1)(e) 
YOGEN FRUZ,2023-06-22,C - Crucial,43.72608,-79.45147,Store ice in unsanitary manner - Sec.  26(5) 
YOGO YOGURT,2023-09-28,C - Crucial,43.65639,-79.399,Display potentially hazardous foods at internal temperature between 4 C and 60 C - Sec. 27(1)
YOGO YOGURT,2023-09-28,C - Crucial,43.65639,-79.399,Fail to protect food from contamination or adulteration - Sec. 26(1) 
YOI RAMEN EATERY,2023-10-25,C - Crucial,43.77775,-79.3445,Store potentially hazardous foods at internal temperature between 4 C and 60 C - Sec. 27(1)
YOI RAMEN EATERY,2023-10-25,C - Crucial,43.77775,-79.3445,Food premise maintained in manner to permit contamination of single-service articles - Sec. 7(1)(h)  
YOI RAMEN EATERY,2024-01-31,C - Crucial,43.77775,-79.3445,Fail to ensure food handler in food premise washes hands as necessary to prevent contamination of food areas - Sec.  33(1)(e)
YOI RAMEN EATERY,2024-01-31,C - Crucial,43.77775,-79.3445,Fail to protect food from contamination or adulteration - Sec. 26(1) 
YONGE FRESH MARKET,2022-09-15,C - Crucial,43.70826,-79.38955,Fail to protect food from contamination or adulteration - Sec. 26(1) 
YONGE FRESH MARKET,2022-09-15,C - Crucial,43.70826,-79.38955,Food premise maintained in manner to permit contamination of single-service articles - Sec. 7(1)(h)  
YONGE FRESH MARKET,2023-04-28,C - Crucial,43.70826,-79.38955,Food premise maintained in manner to permit contamination of single-service articles - Sec. 7(1)(h)  
YONGE FRESH MARKET,2023-04-28,C - Crucial,43.70826,-79.38955,Fail to protect food from contamination or adulteration - Sec. 26(1) 
YONGE FRESH MARKET,2023-04-28,C - Crucial,43.70826,-79.38955,Store potentially hazardous foods at internal temperature between 4 C and 60 C - Sec. 27(1)
YONGE FRESH MARKET,2023-08-18,C - Crucial,43.70826,-79.38955,Fail to protect food from contamination or adulteration - Sec. 26(1) 
YONGE FRESH MARKET,2023-08-18,C - Crucial,43.70826,-79.38955,Store potentially hazardous foods at internal temperature between 4 C and 60 C - Sec. 27(1)
YONGE ST WAREHOUSE,2022-10-06,C - Crucial,43.65749,-79.38175,Store potentially hazardous foods at internal temperature between 4 C and 60 C - Sec. 27(1)
YONGE ST WAREHOUSE,2022-10-06,C - Crucial,43.65749,-79.38175,Fail to protect food from contamination or adulteration - Sec. 26(1) 
YORKDOWNS  CONVENIENCE,2024-02-15,C - Crucial,43.74679,-79.43669,Store potentially hazardous foods at internal temperature between 4 C and 60 C - Sec. 27(1)
YOURS FOOD MART,2022-06-24,C - Crucial,43.79855,-79.31837,Fail to protect food from contamination or adulteration - Sec. 26(1) 
YUKI JAPANESE RESTAURANT,2023-05-31,C - Crucial,43.72064,-79.45581,Fail to ensure food handler in food premise washes hands as necessary to prevent contamination of food - Sec. 33(1)(e) 
YUKI JAPANESE RESTAURANT,2023-05-31,C - Crucial,43.72064,-79.45581,Fail to protect food from contamination or adulteration - Sec. 26(1) 
YU SEAFOOD,2023-10-06,C - Crucial,43.72608,-79.45147,Store potentially hazardous foods at internal temperature between 4 C and 60 C - Sec. 27(1)
YU SEAFOOD,2023-10-06,C - Crucial,43.72608,-79.45147,Fail to protect food from contamination or adulteration - Sec. 26(1) 
YU SEAFOOD,2023-10-06,C - Crucial,43.72608,-79.45147,Fail to ensure storage racks designed to protect against contamination - Sec. 31
YU SEAFOOD,2023-10-06,C - Crucial,43.72608,-79.45147,Store ice in unsanitary manner - Sec.  26(5) 
YU SEAFOOD,2023-10-06,C - Crucial,43.72608,-79.45147,Fail to ensure food handler in food premise washes hands as necessary to prevent contamination of food - Sec. 33(1)(e) 
YUAN CHINESE CUISINE,2023-08-21,C - Crucial,43.77688,-79.41442,Fail to maintain records of food purchased  - Sec. 29(2)  
YUAN CHINESE CUISINE,2023-12-11,C - Crucial,43.77688,-79.41442,Fail to protect food from contamination or adulteration - Sec. 26(1) 
YUAN CHINESE CUISINE,2023-12-11,C - Crucial,43.77688,-79.41442,Fail to ensure food handler in food premise washes hands as necessary to prevent contamination of food - Sec. 33(1)(e) 
YUMMY BBQ KOREAN FOOD,2024-04-25,C - Crucial,43.74773,-79.34875,Fail to ensure food handler in food premise washes hands as necessary to prevent contamination of food areas - Sec.  33(1)(e)
YUMMY CHICKEN & BURGER,2022-07-19,C - Crucial,43.76716,-79.51594,Food premise maintained in manner permitting adverse effect on food - Sec. 7(1)(a)(iii) 
YUMMY KITCHEN,2022-06-24,C - Crucial,43.71355,-79.3356,Fail to protect food from contamination or adulteration - Sec. 26(1) 
YUMMY KITCHEN,2023-06-12,C - Crucial,43.71355,-79.3356,Fail to protect food from contamination or adulteration - Sec. 26(1) 
YUMMY KITCHEN,2023-06-12,C - Crucial,43.71355,-79.3356,Hot-holding potentially hazardous foods at internal temperature below 60 C - Sec. 30(a)
YUMMY KITCHEN,2023-06-12,C - Crucial,43.71355,-79.3356,Fail to ensure food handler in food premise washes hands as necessary to prevent contamination of food - Sec. 33(1)(e) 
YUMMY KOREAN FOOD RESTAURANT,2023-08-22,C - Crucial,43.66375,-79.41779,Fail to protect food from contamination or adulteration - Sec. 26(1) 
YUMMY KOREAN FOOD RESTAURANT,2023-12-19,C - Crucial,43.66375,-79.41779,Fail to protect food from contamination or adulteration - Sec. 26(1) 
YUMMY TUMMY,2023-02-09,C - Crucial,43.69506,-79.45415,Store potentially hazardous foods at internal temperature between 4 C and 60 C - Sec. 27(1)
YUMMY TUMMY BAR & GRILL,2024-01-22,C - Crucial,43.71523,-79.4472,Store potentially hazardous foods at internal temperature between 4 C and 60 C - Sec. 27(1)
YUMMY TUMMY BAR & GRILL,2024-01-22,C - Crucial,43.71523,-79.4472,Fail to ensure room kept free from live birds or animals - Sec. 14(1)
YUMMY TUMMY BAR & GRILL,2024-01-22,C - Crucial,43.71523,-79.4472,Fail to ensure food handler in food premise washes hands as necessary to prevent contamination of food - Sec. 33(1)(e) 
YUPDDUK BLOOR,2023-11-08,C - Crucial,43.66459,-79.41369,Fail to protect food from contamination or adulteration - Sec. 26(1) 
YUPDDUK BLOOR,2024-05-06,C - Crucial,43.66459,-79.41369,Fail to protect food from contamination or adulteration - Sec. 26(1) 
ZAAD,2023-08-02,C - Crucial,43.66653,-79.40448,Fail to protect food from contamination or adulteration - Sec. 26(1) 
ZAAD,2023-08-02,C - Crucial,43.66653,-79.40448,Maintain potentially hazardous foods at internal temperature between 4 C and 60 C -  Sec. 27(1)
ZAAD RESTAURANT,2023-10-25,C - Crucial,43.67658,-79.3581,Display potentially hazardous foods at internal temperature between 4 C and 60 C - Sec. 27(1)
ZAAD RESTAURANT,2023-10-25,C - Crucial,43.67658,-79.3581,Refrigerate potentially hazardous foods at internal temperature above 4 C - Sec. 30(a)
ZAAD RESTAURANT,2024-05-17,C - Crucial,43.67658,-79.3581,Food premise maintained in manner to permit contamination of single-service containers - Sec. 7(1)(h)  
ZAAD RESTAURANT,2024-05-17,C - Crucial,43.67658,-79.3581,Fail to ensure food handler in food premise washes hands as necessary to prevent contamination of food - Sec. 33(1)(e) 
ZAAD RESTAURANT,2024-05-17,C - Crucial,43.67658,-79.3581,Fail to protect food from contamination or adulteration - Sec. 26(1) 
ZAAD RESTAURANT,2024-05-17,C - Crucial,43.67658,-79.3581,Display potentially hazardous foods at internal temperature between 4 C and 60 C - Sec. 27(1)
ZHENG'S JUICY FRIED BUNS,2022-08-24,C - Crucial,43.76048,-79.41103,Store potentially hazardous foods at internal temperature between 4 C and 60 C - Sec. 27(1)
ZHENG'S JUICY FRIED BUNS,2023-02-01,C - Crucial,43.76048,-79.41103,Store potentially hazardous foods at internal temperature between 4 C and 60 C - Sec. 27(1)
ZHENG'S JUICY FRIED BUNS,2023-02-01,C - Crucial,43.76048,-79.41103,Fail to ensure food handler in food premise washes hands as necessary to prevent contamination of food - Sec. 33(1)(e) 
ZHI XIAN BARBECUE & SEAFOOD,2023-03-09,C - Crucial,43.80725,-79.28918,Maintain potentially hazardous foods at internal temperature between 4 C and 60 C -  Sec. 27(1)
ZUNYAN FINE DINING AND BANQUET,2024-01-02,C - Crucial,43.82276,-79.30027,Fail to protect food from contamination or adulteration - Sec. 26(1) 
BIG BROTHERS GOURMET PIZZA,2024-06-18,C - Crucial,43.69311,-79.26256,Store potentially hazardous foods at internal temperature between 4 C and 60 C - Sec. 27(1)
BIG BROTHERS GOURMET PIZZA,2024-06-18,C - Crucial,43.69311,-79.26256,Fail to ensure storage racks designed to protect against contamination - Sec. 31
ROYAL CANADIAN LEGION #22,2024-06-19,C - Crucial,43.69303,-79.31629,Store ice in unsanitary manner - Sec.  26(5) 
Miss Fu in ChengDu,2024-06-20,C - Crucial,43.77704,-79.41449,Store potentially hazardous foods at internal temperature between 4 C and 60 C - Sec. 27(1)
NOODLEBOX,2024-06-20,C - Crucial,43.73463,-79.53294,Store potentially hazardous foods at internal temperature between 4 C and 60 C - Sec. 27(1)
St. Gabriel Lalement Early Learning Centre,2024-06-20,C - Crucial,43.81271,-79.22673,Store potentially hazardous foods at internal temperature between 4 C and 60 C - Sec. 27(1)
WESTIN HARBOUR CASTLE BANQUET KITCHEN,2024-06-20,C - Crucial,43.64086,-79.37708,Fail to protect food from contamination or adulteration - Sec. 26(1) 
LUCKY MOOSE FOOD MART,2024-06-21,C - Crucial,43.6536,-79.39436,Fail to ensure food handler in food premise washes hands as necessary to prevent contamination of food - Sec. 33(1)(e) 
QUE LING RESTAURANT,2024-06-20,C - Crucial,43.66583,-79.34946,Fail to protect food from contamination or adulteration - Sec. 26(1) 
ZABARDAST HYDERABADI BIRYANI,2024-06-21,C - Crucial,43.76048,-79.41103,Store potentially hazardous foods at internal temperature between 4 C and 60 C - Sec. 27(1)
BLOOMING ORCHID,2024-06-24,C - Crucial,43.7034,-79.41394,Food premise maintained in manner permitting adverse effect on food - Sec. 7(1)(a)(iii) 
BOBACHA CAFE,2024-06-24,C - Crucial,43.63926,-79.44355,Fail to protect food from contamination or adulteration - Sec. 26(1) 
915 DUPONT CAFE,2024-06-25,C - Crucial,43.66999,-79.42985,Fail to protect food from contamination or adulteration - Sec. 26(1) 
CAPTAIN'S CATCH,2024-06-25,C - Crucial,43.77524,-79.33405,Store potentially hazardous foods at internal temperature between 4 C and 60 C - Sec. 27(1)
CAPTAIN'S CATCH,2024-06-25,C - Crucial,43.77524,-79.33405,Fail to protect food from contamination or adulteration - Sec. 26(1) 
CARIBBEAN QUEEN,2024-06-25,C - Crucial,43.72039,-79.60006,Refrigerate potentially hazardous foods at internal temperature above 4 C - Sec. 30(a)
CARIBBEAN QUEEN,2024-06-25,C - Crucial,43.72039,-79.60006,Store potentially hazardous foods at internal temperature between 4 C and 60 C - Sec. 27(1)
THE NOSH - BAYCREST,2024-06-26,C - Crucial,43.73006,-79.43415,Store potentially hazardous foods at internal temperature between 4 C and 60 C - Sec. 27(1)
THE NOSH - BAYCREST,2024-06-26,C - Crucial,43.73006,-79.43415,Fail to ensure food handler in food premise washes hands as necessary to prevent contamination of food - Sec. 33(1)(e) 
East Court & Mike's BBQ,2024-06-27,C - Crucial,43.78789,-79.26988,Maintain potentially hazardous foods at internal temperature between 4 C and 60 C -  Sec. 27(1)
LA VECCHIA RESTAURANT,2024-06-27,C - Crucial,43.71007,-79.3988,Fail to protect food from contamination or adulteration - Sec. 26(1) 
LA VECCHIA RESTAURANT,2024-06-27,C - Crucial,43.71007,-79.3988,Refrigerate potentially hazardous foods at internal temperature above 4 C - Sec. 30(a)
DYNASTY HOUSE SEAFOOD RESTAURANT,2024-06-27,C - Crucial,43.70463,-79.49224,Fail to protect food from contamination or adulteration - Sec. 26(1) 
DYNASTY HOUSE SEAFOOD RESTAURANT,2024-06-27,C - Crucial,43.70463,-79.49224,Food premise maintained in manner permitting health hazard (Insects) - Sec. 7(1)(a)(i)    
DYNASTY HOUSE SEAFOOD RESTAURANT,2024-06-27,C - Crucial,43.70463,-79.49224,Food premise maintained in manner permitting health hazard (Rodents) - Sec. 7(1)(a)(i)    
LAWRENCE HEIGHTS COMMUNITY DAY CARE CENTRE,2024-06-28,C - Crucial,43.72013,-79.44425,Fail to protect food from contamination or adulteration - Sec. 26(1) 
MONKEY SUSHI,2024-06-28,C - Crucial,43.70016,-79.4536,Fail to process food in manner safe to eat - Sec. 26(2)
MONKEY SUSHI,2024-06-28,C - Crucial,43.70016,-79.4536,Food premise maintained in manner permitting adverse effect on food - Sec. 7(1)(a)(iii) 
GOVINDA'S VEGETARIAN CUISINE,2024-07-02,C - Crucial,43.677,-79.39709,Display potentially hazardous foods at internal temperature between 4 C and 60 C - Sec. 27(1)
JZ'S PIZZA,2024-06-28,C - Crucial,43.6452,-79.38972,Store ice in unsanitary manner - Sec.  26(5) 
SWAAGAT GRAND,2024-06-28,C - Crucial,43.72308,-79.2893,Fail to protect food from contamination or adulteration - Sec. 26(1) 
CAFE LANDWER,2024-07-03,C - Crucial,43.72608,-79.45147,Fail to protect food from contamination or adulteration - Sec. 26(1) 
CAFE LANDWER,2024-07-03,C - Crucial,43.72608,-79.45147,Store potentially hazardous foods at internal temperature between 4 C and 60 C - Sec. 27(1)
EL INKA,2024-07-03,C - Crucial,43.68809,-79.39281,Fail to ensure food handler in food premise refrains from conduct that could result in contamination of food - Sec. 33(1)(h) 
EL INKA,2024-07-03,C - Crucial,43.68809,-79.39281,Refrigerate potentially hazardous foods at internal temperature above 4 C - Sec. 30(a)
MUNZUR RESTAURANT AND BUTCHER HOUSE,2024-07-02,C - Crucial,43.72287,-79.49769,Fail to protect food from contamination or adulteration - Sec. 26(1) 
SHAWARMA BROS,2024-07-03,C - Crucial,43.74574,-79.29574,Fail to ensure food handler in food premise washes hands as necessary to prevent contamination of food - Sec. 33(1)(e) 
THE BAGEL HOUSE,2024-07-03,C - Crucial,43.7283,-79.41835,Fail to protect food from contamination or adulteration - Sec. 26(1) 
THE FOX AND THE FIDDLE (FOX ON JOHN),2024-07-03,C - Crucial,43.6476,-79.39076,Store potentially hazardous foods at internal temperature between 4 C and 60 C - Sec. 27(1)
TORONTO PHO,2024-07-03,C - Crucial,43.70096,-79.45147,Maintain potentially hazardous foods at internal temperature between 4 C and 60 C -  Sec. 27(1)
TORONTO PHO,2024-07-03,C - Crucial,43.70096,-79.45147,Fail to process food in manner safe to eat - Sec. 26(2)
MAMA'S TOFU,2024-07-04,C - Crucial,43.70463,-79.49224,Food premise maintained in manner permitting health hazard (Insects) - Sec. 7(1)(a)(i)    
MEGUMI MAZESOBA,2024-07-04,C - Crucial,43.68876,-79.39201,Store ice in unsanitary manner - Sec.  26(5) 
MUZDA  BAKERY,2024-07-04,C - Crucial,43.6808,-79.33684,Fail to protect food from contamination or adulteration - Sec. 26(1) 
SOI THAIFOON,2024-07-04,C - Crucial,43.6472,-79.3993,Display potentially hazardous foods at internal temperature between 4 C and 60 C - Sec. 27(1)
ST. THERESA'S DAY CARE CENTRE,2024-07-03,C - Crucial,43.72549,-79.48856,Food premise maintained in manner permitting health hazard (Insects) - Sec. 7(1)(a)(i)    
ST. THERESA'S DAY CARE CENTRE,2024-07-03,C - Crucial,43.72549,-79.48856,Fail to protect food from contamination or adulteration - Sec. 26(1) 
ALL-IN-ONE FARM FRESH FRUITS & GROCERY MART,2024-07-16,C - Crucial,43.71385,-79.39956,Refrigerate potentially hazardous foods at internal temperature above 4 C - Sec. 30(a)
ALL-IN-ONE FARM FRESH FRUITS & GROCERY MART,2024-07-16,C - Crucial,43.71385,-79.39956,Fail to protect food from contamination or adulteration - Sec. 26(1) 
BENEFEASTO BURGERS & DONER,2024-07-11,C - Crucial,43.73133,-79.40352,Store potentially hazardous foods at internal temperature between 4 C and 60 C - Sec. 27(1)
BLOOMING GARDEN DESSERT HOUSE,2024-07-09,C - Crucial,43.80923,-79.26932,Fail to ensure food handler in food premise washes hands as necessary to prevent contamination of food - Sec. 33(1)(e) 
Bawarchi Indian Cuisine,2024-07-05,C - Crucial,43.76859,-79.28163,Fail to protect food from contamination or adulteration - Sec. 26(1) 
CALICO SAINTS CHILD CARE CENTRE NORTH YORK,2024-07-09,C - Crucial,43.73791,-79.5036,Store potentially hazardous foods at internal temperature between 4 C and 60 C - Sec. 27(1)
CAPRI BAKERY,2024-07-11,C - Crucial,43.73924,-79.52589,Fail to protect food from contamination or adulteration - Sec. 26(1) 
CAPRI BAKERY,2024-07-11,C - Crucial,43.73924,-79.52589,Food premise maintained in manner permitting health hazard (Insects) - Sec. 7(1)(a)(i)    
CAPRI BAKERY,2024-07-11,C - Crucial,43.73924,-79.52589,Food premise maintained in manner permitting health hazard (Rodents) - Sec. 7(1)(a)(i)    
CARMEN PERUVIAN CUISINE,2024-07-13,C - Crucial,43.74838,-79.47911,Fail to protect food from contamination or adulteration - Sec. 26(1) 
CHAT ONE,2024-07-10,C - Crucial,43.73644,-79.43729,Offer for sale potentially hazardous foods at internal temperature between 4 C and 60 C - Sec. 27(1)
FOUR SEASONS RESTAURANT,2024-07-05,C - Crucial,43.77057,-79.33465,Fail to protect food from contamination or adulteration - Sec. 26(1) 
GALAXY FRESH FOODS,2024-07-10,C - Crucial,43.66538,-79.35196,Fail to ensure storage pallets designed to protect against contamination - Sec. 31
GALAXY FRESH FOODS,2024-07-10,C - Crucial,43.66538,-79.35196,Food premise maintained in manner permitting adverse effect on food - Sec. 7(1)(a)(iii) 
GALAXY FRESH FOODS,2024-07-10,C - Crucial,43.66538,-79.35196,Fail to protect food from contamination or adulteration - Sec. 26(1) 
GALAXY FRESH FOODS,2024-07-10,C - Crucial,43.66538,-79.35196,Offer for sale potentially hazardous foods at internal temperature between 4 C and 60 C - Sec. 27(1)
GALAXY FRESH FOODS,2024-07-10,C - Crucial,43.66538,-79.35196,Offer for sale ungraded eggs - Sec. 47(1)
GALAXY FRESH FOODS,2024-07-15,C - Crucial,43.66538,-79.35196,Offer for sale ungraded eggs - Sec. 47(1)
GOURMET KITCHEN,2024-07-09,C - Crucial,43.82188,-79.29921,Maintain potentially hazardous foods at internal temperature between 4 C and 60 C -  Sec. 27(1)
Hearty Catering Inc.,2024-07-12,C - Crucial,43.71431,-79.30562,Refrigerate potentially hazardous foods at internal temperature above 4 C - Sec. 30(a)
JEYAM DINING AND CATERING,2024-07-08,C - Crucial,43.76412,-79.3008,Maintain potentially hazardous foods at internal temperature between 4 C and 60 C -  Sec. 27(1)
JEYAM DINING AND CATERING,2024-07-08,C - Crucial,43.76412,-79.3008,Food premise maintained in manner permitting adverse effect on food - Sec. 7(1)(a)(iii) 
KIDS & COMPANY,2024-07-05,C - Crucial,43.64683,-79.38232,Refrigerate potentially hazardous foods at internal temperature above 4 C - Sec. 30(a)
L'OLIVO,2024-07-10,C - Crucial,43.70406,-79.41203,Store potentially hazardous foods at internal temperature between 4 C and 60 C - Sec. 27(1)
L'OLIVO,2024-07-10,C - Crucial,43.70406,-79.41203,Fail to protect food from contamination or adulteration - Sec. 26(1) 
LIBERTY SHAWARMA,2024-07-12,C - Crucial,43.64445,-79.39941,Store potentially hazardous foods at internal temperature between 4 C and 60 C - Sec. 27(1)
LIBERTY SHAWARMA,2024-07-12,C - Crucial,43.64445,-79.39941,Fail to protect food from contamination or adulteration - Sec. 26(1) 
MAINSHA RESTAURANT,2024-07-11,C - Crucial,43.72119,-79.45581,Fail to protect food from contamination or adulteration - Sec. 26(1) 
MAINSHA RESTAURANT,2024-07-11,C - Crucial,43.72119,-79.45581,Store potentially hazardous foods at internal temperature between 4 C and 60 C - Sec. 27(1)
MIZZICA GELATERIA & CAFE,2024-07-05,C - Crucial,43.70943,-79.39888,Operate food premise --- refrigeration equipment for potentially hazardous food not of sufficient size - Sec. 30(a)
MORE FISH,2024-07-10,C - Crucial,43.80514,-79.28761,Fail to protect food from contamination or adulteration - Sec. 26(1) 
MY ROTI PLACE/ MY DOSA PLACE,2024-07-10,C - Crucial,43.73147,-79.40415,Refrigerate potentially hazardous foods at internal temperature above 4 C - Sec. 30(a)
MY ROTI PLACE/ MY DOSA PLACE,2024-07-10,C - Crucial,43.73147,-79.40415,Fail to ensure food handler in food premise washes hands as necessary to prevent contamination of food - Sec. 33(1)(e) 
OBSESSION III,2024-07-12,C - Crucial,43.63912,-79.38289,Fail to provide food premise with adequate potable water supply - Sec.  7(3)(a)  
OSMOWS,2024-07-15,C - Crucial,43.79467,-79.24078,Fail to ensure food handler in food premise washes hands as necessary to prevent contamination of food areas - Sec.  33(1)(e)
PELMO FAMILY RESTAURANT,2024-07-10,C - Crucial,43.70989,-79.50605,Store potentially hazardous foods at internal temperature between 4 C and 60 C - Sec. 27(1)
PELMO FAMILY RESTAURANT,2024-07-10,C - Crucial,43.70989,-79.50605,Food premise maintained in manner permitting health hazard (Insects) - Sec. 7(1)(a)(i)    
BBQ PITSTOP,2024-07-13,C - Crucial,43.74838,-79.47911,Maintain potentially hazardous foods at internal temperature between 4 C and 60 C -  Sec. 27(1)
PHO ANH VU,2024-07-15,C - Crucial,43.71838,-79.45584,Maintain potentially hazardous foods at internal temperature between 4 C and 60 C -  Sec. 27(1)
PHO ANH VU,2024-07-15,C - Crucial,43.71838,-79.45584,Fail to ensure food handler in food premise washes hands as necessary to prevent contamination of food - Sec. 33(1)(e) 
PHO ANH VU,2024-07-15,C - Crucial,43.71838,-79.45584,Fail to protect food from contamination or adulteration - Sec. 26(1) 
ROYAL CAKE HOUSE,2024-07-15,C - Crucial,43.82321,-79.25304,Fail to protect food from contamination or adulteration - Sec. 26(1) 
SANDY'S  RESTAURANT,2024-07-11,C - Crucial,43.68555,-79.31227,Food premise maintained in manner permitting adverse effect on food - Sec. 7(1)(a)(iii) 
SUSHIMOTO RESTAURANT & BAR,2024-07-12,C - Crucial,43.76402,-79.41128,Fail to ensure food handler in food premise refrains from conduct that could result in contamination of food - Sec. 33(1)(h) 
SUSHIMOTO RESTAURANT & BAR,2024-07-12,C - Crucial,43.76402,-79.41128,Fail to ensure food handler in food premise washes hands as necessary to prevent contamination of food - Sec. 33(1)(e) 
THE BRIDGE RIBS,2024-07-11,C - Crucial,43.77522,-79.41335,Re-serve non-low-risk food - Sec.  26(3) 
THE BRIDGE RIBS,2024-07-11,C - Crucial,43.77522,-79.41335,Fail to protect food from contamination or adulteration - Sec. 26(1) 
THE DONLANDS DINER,2024-07-10,C - Crucial,43.6944,-79.34269,Store potentially hazardous foods at internal temperature between 4 C and 60 C - Sec. 27(1)
THE DONLANDS DINER,2024-07-10,C - Crucial,43.6944,-79.34269,Fail to protect food from contamination or adulteration - Sec. 26(1) 
THE EMPIRE 1,2024-07-11,C - Crucial,43.66091,-79.43105,Sell potentially hazardous foods at internal temperature between 4 C and 60 C - Sec. 27(1)
BOOSTER JUICE,2024-07-17,C - Crucial,43.68851,-79.3932,Store ice in unsanitary manner - Sec.  26(5) 
BOOSTER JUICE,2024-07-17,C - Crucial,43.68851,-79.3932,Offer for sale potentially hazardous foods at internal temperature between 4 C and 60 C - Sec. 27(1)
YAO HUA SUPERMARKET,2024-07-16,C - Crucial,43.6658,-79.3503,Store ice in unsanitary manner - Sec.  26(5) 
YAO HUA SUPERMARKET,2024-07-16,C - Crucial,43.6658,-79.3503,Maintain potentially hazardous foods at internal temperature between 4 C and 60 C -  Sec. 27(1)
YAO HUA SUPERMARKET,2024-07-16,C - Crucial,43.6658,-79.3503,Fail to protect food from contamination or adulteration - Sec. 26(1) 
YAO HUA SUPERMARKET,2024-07-16,C - Crucial,43.6658,-79.3503,Offer for sale ungraded eggs - Sec. 47(1)
YIN JI CHANG FEN,2024-07-17,C - Crucial,43.75845,-79.40983,Fail to ensure food handler in food premise washes hands as necessary to prevent contamination of food - Sec. 33(1)(e) 
MARMARIS TURKISH RESTAURANT,2024-07-18,C - Crucial,43.73358,-79.40423,Store potentially hazardous foods at internal temperature between 4 C and 60 C - Sec. 27(1)
CIRCLE K,2024-07-19,C - Crucial,43.67335,-79.41459,Food premise maintained in manner to permit contamination of single-service containers - Sec. 7(1)(h)  
CONGEE QUEEN,2024-07-19,C - Crucial,43.79555,-79.42008,Fail to protect food from contamination or adulteration - Sec. 26(1) 
ANATOLIAN FINE FOODS MARKET,2024-07-19,C - Crucial,43.74969,-79.54987,Fail to ensure room kept free from live birds or animals - Sec. 14(1)
BLOOMING GARDEN,2024-07-22,C - Crucial,43.80923,-79.26932,Maintain potentially hazardous foods at internal temperature between 4 C and 60 C -  Sec. 27(1)
PIZZA PIZZA,2024-07-22,C - Crucial,43.6502,-79.39003,Store potentially hazardous foods at internal temperature between 4 C and 60 C - Sec. 27(1)
POUTINE & BIRIYANI,2024-07-20,C - Crucial,43.74838,-79.47911,Fail to ensure food handler in food premise washes hands as necessary to prevent contamination of food - Sec. 33(1)(e) 
POUTINE & BIRIYANI,2024-07-20,C - Crucial,43.74838,-79.47911,Store potentially hazardous foods at internal temperature between 4 C and 60 C - Sec. 27(1)
POUTINE & BIRIYANI,2024-07-20,C - Crucial,43.74838,-79.47911,Fail to protect food from contamination or adulteration - Sec. 26(1) 
SHAKEY'S,2024-07-22,C - Crucial,43.65066,-79.47763,Fail to ensure food handler in food premise refrains from conduct that could result in contamination of food areas - Sec. 33(1)(h) 
SHAKEY'S,2024-07-22,C - Crucial,43.65066,-79.47763,Food premise maintained in manner to permit contamination of single-service containers - Sec. 7(1)(h)  
Salu Salo,2024-07-22,C - Crucial,43.73762,-79.43462,Maintain potentially hazardous foods at internal temperature between 4 C and 60 C -  Sec. 27(1)
CAPITAL SWEET SAMOSA,2024-07-23,C - Crucial,43.70779,-79.34348,Fail to protect food from contamination or adulteration - Sec. 26(1) 
CAPITAL SWEET SAMOSA,2024-07-23,C - Crucial,43.70779,-79.34348,Store potentially hazardous foods at internal temperature between 4 C and 60 C - Sec. 27(1)
GUSTO GELATO,2024-07-23,C - Crucial,43.70883,-79.45327,Fail to protect food from contamination or adulteration - Sec. 26(1) 
GUSTO GELATO,2024-07-23,C - Crucial,43.70883,-79.45327,Fail to ensure food handler in food premise washes hands as necessary to prevent contamination of food - Sec. 33(1)(e) 
IQBAL FOODS PARKWAY,2024-07-23,C - Crucial,43.77396,-79.34017,Fail to ensure food handler in food premise washes hands as necessary to prevent contamination of food - Sec. 33(1)(e) 
MORTREE ONLINE GROCERIES DELIVERY INC,2024-07-23,C - Crucial,43.8113,-79.25744,Store potentially hazardous foods at internal temperature between 4 C and 60 C - Sec. 27(1)
PATNA KABAB HOUSE,2024-07-22,C - Crucial,43.74367,-79.30162,Food premise maintained in manner adversely affecting sanitary operation - Sec. 7(1)(a)(ii)
PATNA KABAB HOUSE,2024-07-22,C - Crucial,43.74367,-79.30162,Fail to protect food from contamination or adulteration - Sec. 26(1) 
SUSHI ROCK,2024-07-23,C - Crucial,43.71064,-79.39885,Fail to protect food from contamination or adulteration - Sec. 26(1) 
SUSHI ROCK,2024-07-23,C - Crucial,43.71064,-79.39885,Store potentially hazardous foods at internal temperature between 4 C and 60 C - Sec. 27(1)
SUSHI ROCK,2024-07-23,C - Crucial,43.71064,-79.39885,Store ice in unsanitary manner - Sec.  26(5) 
SUSHI ROCK,2024-07-23,C - Crucial,43.71064,-79.39885,Fail to ensure food handler in food premise washes hands as necessary to prevent contamination of food - Sec. 33(1)(e) 
SUSHI ROCK,2024-07-23,C - Crucial,43.71064,-79.39885,Refrigerate potentially hazardous foods at internal temperature above 4 C - Sec. 30(a)
Taste Good B.B.Q.,2024-07-23,C - Crucial,43.7866,-79.27599,Maintain potentially hazardous foods at internal temperature between 4 C and 60 C -  Sec. 27(1)
244 PIZZA & WINGS,2024-07-24,C - Crucial,43.6872,-79.49055,Fail to protect food from contamination or adulteration - Sec. 26(1) 
ANR CONVENIENCE,2024-07-24,C - Crucial,43.71849,-79.32559,Fail to obtain food from source subject to inspection - Sec. 29(1)  
CANTON KITCHEN,2024-07-24,C - Crucial,43.79796,-79.27118,Maintain potentially hazardous foods at internal temperature between 4 C and 60 C -  Sec. 27(1)
CANTON KITCHEN,2024-07-24,C - Crucial,43.79796,-79.27118,Fail to protect food from contamination or adulteration - Sec. 26(1) 
SHISH,2024-07-23,C - Crucial,43.66299,-79.3305,Store potentially hazardous foods at internal temperature between 4 C and 60 C - Sec. 27(1)
STARBUCKS,2024-07-24,C - Crucial,43.69998,-79.36016,Store ice in unsanitary manner - Sec.  26(5) 
THAI HOUSE CUISINE,2024-07-24,C - Crucial,43.67075,-79.2961,Maintain potentially hazardous foods at internal temperature between 4 C and 60 C -  Sec. 27(1)
THAI HOUSE CUISINE,2024-07-24,C - Crucial,43.67075,-79.2961,Fail to protect food from contamination or adulteration - Sec. 26(1) 
CHRISTINA'S,2024-07-25,C - Crucial,43.67837,-79.34917,Fail to protect food from contamination or adulteration - Sec. 26(1) 
GHOST KITCHENS,2024-07-25,C - Crucial,43.74486,-79.29615,Maintain potentially hazardous foods at internal temperature between 4 C and 60 C -  Sec. 27(1)
LUKUMUM,2024-07-25,C - Crucial,43.6783,-79.34931,Store potentially hazardous foods at internal temperature between 4 C and 60 C - Sec. 27(1)
LUKUMUM,2024-07-25,C - Crucial,43.6783,-79.34931,Store ice in unsanitary manner - Sec.  26(5) 
SOUTH ST. BURGER,2024-07-25,C - Crucial,43.72307,-79.41627,Refrigerate potentially hazardous foods at internal temperature above 4 C - Sec. 30(a)
244 PIZZA & WINGS,2024-07-25,C - Crucial,43.6872,-79.49055,Fail to protect food from contamination or adulteration - Sec. 26(1) 
MANNA KITCHEN CATERING INC,2024-07-26,C - Crucial,43.74388,-79.21687,Fail to protect food from contamination or adulteration - Sec. 26(1) 
MEDA LOUNGE,2024-07-26,C - Crucial,43.68231,-79.32751,Store ice in unsanitary manner - Sec.  26(5) 
TASTE OF ALLEY,2024-07-26,C - Crucial,43.6535,-79.39532,Fail to protect food from contamination or adulteration - Sec. 26(1) 
AGORA,2024-07-29,C - Crucial,43.64523,-79.41263,Fail to protect food from contamination or adulteration - Sec. 26(1) 
AGORA,2024-07-29,C - Crucial,43.64523,-79.41263,Store ice in unsanitary manner - Sec.  26(5) 
CARIBBEAN HEAT,2024-07-29,C - Crucial,43.76485,-79.48988,Store ice in unsanitary manner - Sec.  26(5) 
ROUGE BAKERY PLUS,2024-07-30,C - Crucial,43.80125,-79.19918,Store potentially hazardous foods at internal temperature between 4 C and 60 C - Sec. 27(1)
ROUGE BAKERY PLUS,2024-07-30,C - Crucial,43.80125,-79.19918,Fail to protect food from contamination or adulteration - Sec. 26(1) 
DR. LAFFA ON THE GO,2024-07-29,C - Crucial,43.7293,-79.43174,Refrigerate potentially hazardous foods at internal temperature above 4 C - Sec. 30(a)
KATSU SUSHI,2024-07-29,C - Crucial,43.67873,-79.34705,Store potentially hazardous foods at internal temperature between 4 C and 60 C - Sec. 27(1)
KATSU SUSHI,2024-07-29,C - Crucial,43.67873,-79.34705,Store ice in unsanitary manner - Sec.  26(5) 
GLOUCESTER HOUSE,2024-07-30,C - Crucial,43.6675,-79.38004,Fail to protect food from contamination or adulteration - Sec. 26(1) 
LIBERTY SHAWARMA,2024-07-30,C - Crucial,43.64096,-79.39385,Food premise maintained in manner to permit contamination of single-service containers - Sec. 7(1)(h)  
OSMOW'S,2024-07-31,C - Crucial,43.71082,-79.39893,Maintain potentially hazardous foods at internal temperature between 4 C and 60 C -  Sec. 27(1)
FOREST HILL FARMHOUSE,2024-07-31,C - Crucial,43.7019,-79.39767,Maintain potentially hazardous foods at internal temperature between 4 C and 60 C -  Sec. 27(1)
FOREST HILL FARMHOUSE,2024-07-31,C - Crucial,43.7019,-79.39767,Food premise maintained in manner permitting adverse effect on food - Sec. 7(1)(a)(iii) 
Naan and Kabob,2024-08-01,C - Crucial,43.77629,-79.25802,Refrigerate potentially hazardous foods at internal temperature above 4 C - Sec. 30(a)
NAIJA JOLLOF,2024-08-01,C - Crucial,43.76485,-79.48988,Store potentially hazardous foods at internal temperature between 4 C and 60 C - Sec. 27(1)
NAIJA JOLLOF,2024-08-01,C - Crucial,43.76485,-79.48988,Fail to protect food from contamination or adulteration - Sec. 26(1) 
TINUNO,2024-08-01,C - Crucial,43.72911,-79.43242,Store potentially hazardous foods at internal temperature between 4 C and 60 C - Sec. 27(1)
TINUNO,2024-08-01,C - Crucial,43.72911,-79.43242,Fail to protect food from contamination or adulteration - Sec. 26(1) 
TINUNO,2024-08-01,C - Crucial,43.72911,-79.43242,Fail to ensure food handler in food premise washes hands as necessary to prevent contamination of food - Sec. 33(1)(e) 
AROMA FINE INDIAN CUISINE,2024-08-01,C - Crucial,43.64647,-79.38995,Store potentially hazardous foods at internal temperature between 4 C and 60 C - Sec. 27(1)
6THIRTY COFFEE AND CO.,2024-08-02,C - Crucial,43.67902,-79.34562,Store ice in unsanitary manner - Sec.  26(5) 
FOUR BROTHERS PIZZA,2024-08-02,C - Crucial,43.64505,-79.39801,Store potentially hazardous foods at internal temperature between 4 C and 60 C - Sec. 27(1)
LA CARNITA,2024-08-01,C - Crucial,43.70803,-79.39458,Maintain potentially hazardous foods at internal temperature between 4 C and 60 C -  Sec. 27(1)
LA CARNITA,2024-08-01,C - Crucial,43.70803,-79.39458,Fail to ensure food handler in food premise refrains from conduct that could result in contamination of food - Sec. 33(1)(h) 
LA CARNITA,2024-08-01,C - Crucial,43.70803,-79.39458,Store ice in unsanitary manner - Sec.  26(5) 
C & C FOOD COURT,2024-08-06,C - Crucial,43.72567,-79.34162,Maintain potentially hazardous foods at internal temperature between 4 C and 60 C -  Sec. 27(1)
CANTEEN FRESH BY TIFFIN,2024-08-06,C - Crucial,43.76485,-79.48988,Fail to protect food from contamination or adulteration - Sec. 26(1) 
FIT FOR LIFE,2024-08-02,C - Crucial,43.70747,-79.39679,Food premise maintained in manner permitting adverse effect on food - Sec. 7(1)(a)(iii) 
FIT FOR LIFE,2024-08-02,C - Crucial,43.70747,-79.39679,Offer for sale potentially hazardous foods at internal temperature between 4 C and 60 C - Sec. 27(1)
GRILLIES,2024-08-02,C - Crucial,43.68881,-79.30015,Store potentially hazardous foods at internal temperature between 4 C and 60 C - Sec. 27(1)
INSIDE LAGOS KITCHEN,2024-08-06,C - Crucial,43.76485,-79.48988,Maintain potentially hazardous foods at internal temperature between 4 C and 60 C -  Sec. 27(1)
SUNKRIS DESSERT PALACE,2024-08-06,C - Crucial,43.79956,-79.30685,Maintain potentially hazardous foods at internal temperature between 4 C and 60 C -  Sec. 27(1)
THE SPICY GRILL,2024-08-02,C - Crucial,43.69266,-79.28311,Maintain potentially hazardous foods at internal temperature between 4 C and 60 C -  Sec. 27(1)
THE SPICY GRILL,2024-08-02,C - Crucial,43.69266,-79.28311,Food premise maintained in manner permitting adverse effect on food - Sec. 7(1)(a)(iii) 
MARCELINA'S FILIPINO CUISINE,2024-08-07,C - Crucial,43.73658,-79.43683,Fail to protect food from contamination or adulteration - Sec. 26(1) 
MARCELINA'S FILIPINO CUISINE,2024-08-07,C - Crucial,43.73658,-79.43683,Food premise maintained in manner permitting health hazard (Insects) - Sec. 7(1)(a)(i)    
BUTTER CHICKEN ROTI,2024-08-08,C - Crucial,43.65084,-79.36982,Fail to protect food from contamination or adulteration - Sec. 26(1) 
JOUMAK,2024-08-08,C - Crucial,43.66844,-79.38684,Maintain potentially hazardous foods at internal temperature between 4 C and 60 C -  Sec. 27(1)
KHAO SAN ROAD,2024-08-08,C - Crucial,43.64635,-79.39363,Store potentially hazardous foods at internal temperature between 4 C and 60 C - Sec. 27(1)
KIBO SUSHI,2024-08-08,C - Crucial,43.66255,-79.33269,Fail to protect food from contamination or adulteration - Sec. 26(1) 
KIBO SUSHI,2024-08-08,C - Crucial,43.73392,-79.44845,Fail to ensure food handler in food premise washes hands as necessary to prevent contamination of food - Sec. 33(1)(e) 
KIBO SUSHI,2024-08-08,C - Crucial,43.73392,-79.44845,Maintain potentially hazardous foods at internal temperature between 4 C and 60 C -  Sec. 27(1)
New Quality Bakery,2024-08-07,C - Crucial,43.76486,-79.28014,Food premise maintained in manner permitting health hazard (Insects) - Sec. 7(1)(a)(i)    
New Quality Bakery,2024-08-07,C - Crucial,43.76486,-79.28014,Maintain potentially hazardous foods at internal temperature between 4 C and 60 C -  Sec. 27(1)
New Quality Bakery,2024-08-07,C - Crucial,43.76486,-79.28014,Fail to protect food from contamination or adulteration - Sec. 26(1) 
PARAMOUNT FINE FOODS,2024-08-08,C - Crucial,43.7749,-79.32625,Store potentially hazardous foods at internal temperature between 4 C and 60 C - Sec. 27(1)
PHO MI VIET HOA RESTAURANT,2024-08-09,C - Crucial,43.75174,-79.51594,Fail to protect food from contamination or adulteration - Sec. 26(1) 
SMOQUE N'BONES,2024-08-09,C - Crucial,43.64574,-79.41077,Store potentially hazardous foods at internal temperature between 4 C and 60 C - Sec. 27(1)
SMOQUE N'BONES,2024-08-09,C - Crucial,43.64574,-79.41077,Food premise maintained in manner permitting adverse effect on food - Sec. 7(1)(a)(iii) 
BOSPHORUS TURKISH CUISINE,2024-08-12,C - Crucial,43.77362,-79.49214,Fail to protect food from contamination or adulteration - Sec. 26(1) 
KHAU GULLY,2024-08-12,C - Crucial,43.70049,-79.39676,Food premise maintained in manner to permit contamination of single-service containers - Sec. 7(1)(h)  
POORANI VILAAS,2024-08-12,C - Crucial,43.83657,-79.24952,Fail to protect food from contamination or adulteration - Sec. 26(1) 
POORANI VILAAS,2024-08-12,C - Crucial,43.83657,-79.24952,Store potentially hazardous foods at internal temperature between 4 C and 60 C - Sec. 27(1)
SANWEI MALATANG,2024-08-12,C - Crucial,43.66628,-79.38544,Fail to protect food from contamination or adulteration - Sec. 26(1) 
STACK,2024-08-12,C - Crucial,43.7293,-79.403,Store potentially hazardous foods at internal temperature between 4 C and 60 C - Sec. 27(1)
BLUE MOON BREWERY - STACKT MARKET,2024-08-13,C - Crucial,43.64096,-79.40217,Maintain potentially hazardous foods at internal temperature between 4 C and 60 C -  Sec. 27(1)
NEW MIRCHI DHABA,2024-08-13,C - Crucial,43.79172,-79.25058,Fail to protect food from contamination or adulteration - Sec. 26(1) 
PICO DE GALLO RESTAURANT AND BAR,2024-08-13,C - Crucial,43.65478,-79.40212,Fail to ensure food handler in food premise washes hands as necessary to prevent contamination of food - Sec. 33(1)(e) 
WOW KEBABISH,2024-08-13,C - Crucial,43.74773,-79.34875,Maintain potentially hazardous foods at internal temperature between 4 C and 60 C -  Sec. 27(1)
WOW KEBABISH,2024-08-13,C - Crucial,43.74773,-79.34875,Fail to ensure food handler in food premise refrains from conduct that could result in contamination of food - Sec. 33(1)(h) 
CAKE HOUSE BAKERY,2024-08-12,C - Crucial,43.75062,-79.27698,Food premise maintained in manner permitting adverse effect on food - Sec. 7(1)(a)(iii) 
CAKE HOUSE BAKERY,2024-08-12,C - Crucial,43.75062,-79.27698,Fail to protect food from contamination or adulteration - Sec. 26(1) 
MR. MART,2024-08-13,C - Crucial,43.66531,-79.40973,Store potentially hazardous foods at internal temperature between 4 C and 60 C - Sec. 27(1)
RUTH'S CATERING & TAKEOUT,2024-08-13,C - Crucial,43.73234,-79.27001,Fail to protect food from contamination or adulteration - Sec. 26(1) 
RUTH'S CATERING & TAKEOUT,2024-08-13,C - Crucial,43.73234,-79.27001,Food premise maintained in manner permitting adverse effect on food - Sec. 7(1)(a)(iii) 
SUPER HAKKA RESTAURANT,2024-08-12,C - Crucial,43.74252,-79.30522,Fail to protect food from contamination or adulteration - Sec. 26(1) 
SUPER HAKKA RESTAURANT,2024-08-12,C - Crucial,43.74252,-79.30522,Food premise maintained in manner permitting adverse effect on food - Sec. 7(1)(a)(iii) 
CHURRASCO OF ST CLAIR,2024-08-15,C - Crucial,43.68156,-79.42531,Food premise maintained in manner permitting adverse effect on food - Sec. 7(1)(a)(iii) 
JING CHINESE RESTAURANT,2024-08-14,C - Crucial,43.70669,-79.37581,Food premise maintained in manner permitting adverse effect on food - Sec. 7(1)(a)(iii) 
JING CHINESE RESTAURANT,2024-08-14,C - Crucial,43.70669,-79.37581,Store ice in unsanitary manner - Sec.  26(5) 
KIRO SUSHI,2024-08-14,C - Crucial,43.67233,-79.38733,Fail to protect food from contamination or adulteration - Sec. 26(1) 
La Scogliera,2024-08-15,C - Crucial,43.72843,-79.22879,Fail to protect food from contamination or adulteration - Sec. 26(1) 
ROWE FARMS,2024-08-15,C - Crucial,43.6513,-79.47679,Fail to ensure storage shelves designed to protect against contamination - Sec. 31
ROWE FARMS,2024-08-15,C - Crucial,43.6513,-79.47679,Food premise maintained in manner to permit contamination of single-service articles - Sec. 7(1)(h)  
ROWE FARMS,2024-08-15,C - Crucial,43.6513,-79.47679,Fail to protect food from contamination or adulteration - Sec. 26(1) 
ROWE FARMS,2024-08-15,C - Crucial,43.6513,-79.47679,Fail to process food in manner safe to eat - Sec. 26(2)
TAVERNA YIANNIS GREEK GRILL AND PUB,2024-08-14,C - Crucial,43.7275,-79.40256,Fail to ensure food handler in food premise washes hands as necessary to prevent contamination of food areas - Sec.  33(1)(e)
Casa Mezcal,2024-08-15,C - Crucial,43.64653,-79.38993,Store potentially hazardous foods at internal temperature between 4 C and 60 C - Sec. 27(1)
DUFF'S FAMOUS WINGS,2024-08-16,C - Crucial,43.70608,-79.37562,Store ice in unsanitary manner - Sec.  26(5) 
IRIE FLAVOURS,2024-08-16,C - Crucial,43.76333,-79.49967,Fail to ensure food handler in food premise refrains from conduct that could result in contamination of food - Sec. 33(1)(h) 
IRIE FLAVOURS,2024-08-16,C - Crucial,43.76333,-79.49967,Store potentially hazardous foods at internal temperature between 4 C and 60 C - Sec. 27(1)
IRIE FLAVOURS,2024-08-16,C - Crucial,43.76333,-79.49967,Refrigerate potentially hazardous foods at internal temperature above 4 C - Sec. 30(a)
RAMONA'S KITCHEN,2024-08-16,C - Crucial,43.70617,-79.37561,Fail to ensure food handler in food premise refrains from conduct that could result in contamination of food - Sec. 33(1)(h) 
CHAWK BAZAR,2024-08-16,C - Crucial,43.74264,-79.3084,Fail to protect food from contamination or adulteration - Sec. 26(1) 
Pariwar Restaurant,2024-08-16,C - Crucial,43.74267,-79.30865,Food premise maintained in manner permitting adverse effect on food - Sec. 7(1)(a)(iii) 
Pariwar Restaurant,2024-08-16,C - Crucial,43.74267,-79.30865,Maintain potentially hazardous foods at internal temperature between 4 C and 60 C -  Sec. 27(1)
Pariwar Restaurant,2024-08-16,C - Crucial,43.74267,-79.30865,Fail to protect food from contamination or adulteration - Sec. 26(1) 
FOODRAMA,2024-08-19,C - Crucial,43.64715,-79.40423,Store potentially hazardous foods at internal temperature between 4 C and 60 C - Sec. 27(1)
GRILLIES,2024-08-19,C - Crucial,43.70524,-79.37534,Store potentially hazardous foods at internal temperature between 4 C and 60 C - Sec. 27(1)
NOT JUST NOODLES,2024-08-19,C - Crucial,43.66503,-79.38481,Fail to protect food from contamination or adulteration - Sec. 26(1) 
PATISSERIE LA CIGOGNE,2024-08-19,C - Crucial,43.70655,-79.37582,Store ice in unsanitary manner - Sec.  26(5) 
TAHANAN FILIPINO CUISINE,2024-08-19,C - Crucial,43.74679,-79.43669,Store potentially hazardous foods at internal temperature between 4 C and 60 C - Sec. 27(1)
TAHANAN FILIPINO CUISINE,2024-08-19,C - Crucial,43.74679,-79.43669,Fail to protect food from contamination or adulteration - Sec. 26(1) 
Tropical Nights Restaurant,2024-08-19,C - Crucial,43.80111,-79.19979,Handle ice in unsanitary manner - Sec.  26(5) 
BONE SOUP MALATANG,2024-08-20,C - Crucial,43.66452,-79.41451,Fail to protect food from contamination or adulteration - Sec. 26(1) 
NEW KALYANI TAKE OUT & CATERING,2024-08-20,C - Crucial,43.73047,-79.26673,Fail to protect food from contamination or adulteration - Sec. 26(1) 
PADMA RESTAURANT INC,2024-08-20,C - Crucial,43.69097,-79.29059,Hot-holding potentially hazardous foods at internal temperature below 60 C - Sec. 30(a)
PADMA RESTAURANT INC,2024-08-20,C - Crucial,43.69097,-79.29059,Refrigerate potentially hazardous foods at internal temperature above 4 C - Sec. 30(a)
BAIRRADA CHURRASQUEIRA GRILL AND PATIO,2024-08-21,C - Crucial,43.65323,-79.4287,Store ice in unsanitary manner - Sec.  26(5) 
BUONO RISTORANTE,2024-08-20,C - Crucial,43.70545,-79.37537,Store ice in unsanitary manner - Sec.  26(5) 
CHEFS CLAN/MEALBETS,2024-08-21,C - Crucial,43.71355,-79.3356,Maintain potentially hazardous foods at internal temperature between 4 C and 60 C -  Sec. 27(1)
CHEFS CLAN/MEALBETS,2024-08-21,C - Crucial,43.71355,-79.3356,Fail to protect food from contamination or adulteration - Sec. 26(1) 
CHEFS CLAN/MEALBETS,2024-08-21,C - Crucial,43.71355,-79.3356,Fail to ensure food handler in food premise washes hands as necessary to prevent contamination of food - Sec. 33(1)(e) 
PATISSERIE LA CIGOGNE,2024-08-21,C - Crucial,43.70655,-79.37582,Store ice in unsanitary manner - Sec.  26(5) 
ROIS CREAM,2024-08-21,C - Crucial,43.66564,-79.46483,Fail to ensure food handler in food premise washes hands as necessary to prevent contamination of food - Sec. 33(1)(e) 
TANDOORI MASALA,2024-08-21,C - Crucial,43.71493,-79.59394,Fail to protect food from contamination or adulteration - Sec. 26(1) 
FRESH BUY MARKET,2024-08-22,C - Crucial,43.69858,-79.39639,Fail to protect food from contamination or adulteration - Sec. 26(1) 
LAHORE GRILL & FAST FOOD,2024-08-21,C - Crucial,43.67116,-79.32786,Store potentially hazardous foods at internal temperature between 4 C and 60 C - Sec. 27(1)
THE SUPER NOODLE COMPANY - FB  415 - CNE 2024,2024-08-21,C - Crucial,43.6372,-79.41004,Fail to protect food from contamination or adulteration - Sec. 26(1) 
ARABICA,2024-08-23,C - Crucial,43.72608,-79.45147,Fail to ensure food handler in food premise washes hands as necessary to prevent contamination of food - Sec. 33(1)(e) 
ASIAN GOURMET,2024-08-23,C - Crucial,43.71693,-79.44743,Fail to protect food from contamination or adulteration - Sec. 26(1) 
BANCAN KITCHEN,2024-08-23,C - Crucial,43.71346,-79.36667,Fail to protect food from contamination or adulteration - Sec. 26(1) 
BANCAN KITCHEN,2024-08-23,C - Crucial,43.71346,-79.36667,Store potentially hazardous foods at internal temperature between 4 C and 60 C - Sec. 27(1)
BLOOMING GARDEN,2024-08-23,C - Crucial,43.80923,-79.26932,Maintain potentially hazardous foods at internal temperature between 4 C and 60 C -  Sec. 27(1)
CHICKEN PLUS THE BAR,2024-08-22,C - Crucial,43.76422,-79.41091,Fail to protect food from contamination or adulteration - Sec. 26(1) 
GOODFELLAS PIZZA,2024-08-23,C - Crucial,43.64844,-79.48659,Store ice in unsanitary manner - Sec.  26(5) 
KERALA NOOK,2024-08-21,C - Crucial,43.75574,-79.26694,Fail to protect food from contamination or adulteration - Sec. 26(1) 
KERALA NOOK,2024-08-21,C - Crucial,43.75574,-79.26694,Fail to ensure food handler in food premise washes hands as necessary to prevent contamination of food - Sec. 33(1)(e) 
KERALA NOOK,2024-08-21,C - Crucial,43.75574,-79.26694,Food premise maintained in manner permitting adverse effect on food - Sec. 7(1)(a)(iii) 
OLD K FRIED CHICKEN,2024-08-22,C - Crucial,43.76588,-79.40074,Fail to protect food from contamination or adulteration - Sec. 26(1) 
OLD K FRIED CHICKEN,2024-08-22,C - Crucial,43.76588,-79.40074,Fail to ensure food handler in food premise washes hands as necessary to prevent contamination of food - Sec. 33(1)(e) 
PLANET PUNJAB,2024-08-23,C - Crucial,43.76333,-79.49967,Hot-holding potentially hazardous foods at internal temperature below 60 C - Sec. 30(a)
PLANET PUNJAB,2024-08-23,C - Crucial,43.76333,-79.49967,Refrigerate potentially hazardous foods at internal temperature above 4 C - Sec. 30(a)
SHAHEEN TIKKA KABAB HOUSE,2024-08-22,C - Crucial,43.71355,-79.3356,Fail to protect food from contamination or adulteration - Sec. 26(1) 
Family Restaurant Wok & Fortune,2024-08-26,C - Crucial,43.73941,-79.23811,Food premise maintained in manner permitting adverse effect on food - Sec. 7(1)(a)(iii) 
ICE CREAM WAFFLES - CNE 2024 - KW,2024-08-26,C - Crucial,43.63501,-79.41119,Food premise maintained in manner permitting adverse effect on food - Sec. 7(1)(a)(iii) 
ICHIBAN SUSHI,2024-08-26,C - Crucial,43.64354,-79.40501,Maintain potentially hazardous foods at internal temperature between 4 C and 60 C -  Sec. 27(1)
KANGA RESTAURANT,2024-08-26,C - Crucial,43.71026,-79.29624,Hot-holding potentially hazardous foods at internal temperature below 60 C - Sec. 30(a)
KANGA RESTAURANT,2024-08-26,C - Crucial,43.71026,-79.29624,Refrigerate potentially hazardous foods at internal temperature above 4 C - Sec. 30(a)
MOMO COFFEE,2024-08-26,C - Crucial,43.75938,-79.41072,Handle ice in unsanitary manner - Sec.  26(5) 
RODEO BRAZILIAN CHURRASCARIA,2024-08-23,C - Crucial,43.67615,-79.35824,Food premise maintained in manner permitting health hazard (Insects) - Sec. 7(1)(a)(i)    
RODEO BRAZILIAN CHURRASCARIA,2024-08-23,C - Crucial,43.67615,-79.35824,Food premise maintained in manner permitting adverse effect on food - Sec. 7(1)(a)(iii) 
SCOTTHILL CARIBBEAN CUISINE,2024-08-26,C - Crucial,43.73406,-79.41935,Store potentially hazardous foods at internal temperature between 4 C and 60 C - Sec. 27(1)
SCOTTHILL CARIBBEAN CUISINE,2024-08-26,C - Crucial,43.73406,-79.41935,Fail to protect food from contamination or adulteration - Sec. 26(1) 
SEOUL HOUSE,2024-08-26,C - Crucial,43.71838,-79.45584,Fail to protect food from contamination or adulteration - Sec. 26(1) 
SEOUL HOUSE,2024-08-26,C - Crucial,43.71838,-79.45584,Store potentially hazardous foods at internal temperature between 4 C and 60 C - Sec. 27(1)
FOODIEEZ INDIAN AND HAKKA CUISINE,2024-08-27,C - Crucial,43.70016,-79.43077,Fail to ensure storage pallets designed to protect against contamination - Sec. 31
FOODIEEZ INDIAN AND HAKKA CUISINE,2024-08-27,C - Crucial,43.70016,-79.43077,Food premise maintained in manner permitting adverse effect on food - Sec. 7(1)(a)(iii) 
OSAKA SUSHI,2024-08-27,C - Crucial,43.71355,-79.3356,Fail to protect food from contamination or adulteration - Sec. 26(1) 
OSAKA SUSHI,2024-08-27,C - Crucial,43.71355,-79.3356,Store ice in unsanitary manner - Sec.  26(5) 
OSAKA SUSHI,2024-08-27,C - Crucial,43.71355,-79.3356,Store potentially hazardous foods at internal temperature between 4 C and 60 C - Sec. 27(1)
SHAWARMA  ROYALE,2024-08-27,C - Crucial,43.70857,-79.39067,Fail to process food in manner safe to eat - Sec. 26(2)
SHAWARMA  ROYALE,2024-08-27,C - Crucial,43.70857,-79.39067,Food premise maintained in manner permitting adverse effect on food - Sec. 7(1)(a)(iii) 
SLICE & BITES,2024-08-27,C - Crucial,43.71795,-79.42977,Fail to ensure food handler in food premise washes hands as necessary to prevent contamination of food - Sec. 33(1)(e) 
SLICE & BITES,2024-08-27,C - Crucial,43.71795,-79.42977,Refrigerate potentially hazardous foods at internal temperature above 4 C - Sec. 30(a)
SLICE & BITES,2024-08-27,C - Crucial,43.71795,-79.42977,Fail to protect food from contamination or adulteration - Sec. 26(1) 
Silly Goose Pub,2024-08-26,C - Crucial,43.73593,-79.3068,Fail to protect food from contamination or adulteration - Sec. 26(1) 
5 ELEMENTS ESPRESSO BAR,2024-08-28,C - Crucial,43.6738,-79.39587,Fail to protect food from contamination or adulteration - Sec. 26(1) 
CHINA FOOD,2024-08-28,C - Crucial,43.70462,-79.3664,Store potentially hazardous foods at internal temperature between 4 C and 60 C - Sec. 27(1)
CHINA FOOD,2024-08-28,C - Crucial,43.70462,-79.3664,Fail to protect food from contamination or adulteration - Sec. 26(1) 
CHINA FOOD,2024-08-28,C - Crucial,43.70462,-79.3664,Fail to ensure food handler in food premise washes hands as necessary to prevent contamination of food areas - Sec.  33(1)(e)
LUCKY DRAGON RESTAURANT,2024-08-29,C - Crucial,43.71858,-79.45534,Fail to protect food from contamination or adulteration - Sec. 26(1) 
OPERA BOB'S PUBLIC HOUSE,2024-08-28,C - Crucial,43.64942,-79.42027,Store ice in unsanitary manner - Sec.  26(5) 
99 SUSHI,2024-08-30,C - Crucial,43.70804,-79.39322,Fail to protect food from contamination or adulteration - Sec. 26(1) 
Kunafa's,2024-08-30,C - Crucial,43.74252,-79.30522,Food premise maintained in manner permitting adverse effect on food - Sec. 7(1)(a)(iii) 
Kunafa's,2024-08-30,C - Crucial,43.74252,-79.30522,Maintain potentially hazardous foods at internal temperature between 4 C and 60 C -  Sec. 27(1)
VIA MERCANTI,2024-08-30,C - Crucial,43.73415,-79.42001,Fail to protect food from contamination or adulteration - Sec. 26(1) 
VIA MERCANTI,2024-08-30,C - Crucial,43.73415,-79.42001,Store ice in unsanitary manner - Sec.  26(5) 
MONKEY SUSHI,2024-08-30,C - Crucial,43.70698,-79.39569,Food premise maintained in manner permitting adverse effect on food - Sec. 7(1)(a)(iii) 
MONKEY SUSHI,2024-08-30,C - Crucial,43.70698,-79.39569,Fail to ensure food handler in food premise washes hands as necessary to prevent contamination of food - Sec. 33(1)(e) 
MONKEY SUSHI,2024-08-30,C - Crucial,43.70698,-79.39569,Store potentially hazardous foods at internal temperature between 4 C and 60 C - Sec. 27(1)
PIZZA RUSTICA,2024-09-03,C - Crucial,43.64488,-79.3917,Store potentially hazardous foods at internal temperature between 4 C and 60 C - Sec. 27(1)
AG RESTAURANT,2024-09-04,C - Crucial,43.75174,-79.51594,Fail to protect food from contamination or adulteration - Sec. 26(1) 
AG RESTAURANT,2024-09-04,C - Crucial,43.75174,-79.51594,Refrigerate potentially hazardous foods at internal temperature above 4 C - Sec. 30(a)
BENTO KING,2024-09-04,C - Crucial,43.77288,-79.41412,Hot-holding potentially hazardous foods at internal temperature below 60 C - Sec. 30(a)
BENTO KING,2024-09-04,C - Crucial,43.77288,-79.41412,Fail to protect food from contamination or adulteration - Sec. 26(1) 
BENTO KING,2024-09-04,C - Crucial,43.77288,-79.41412,Store potentially hazardous foods at internal temperature between 4 C and 60 C - Sec. 27(1)
KUYA DON LOMI BATANGAS,2024-09-03,C - Crucial,43.7337,-79.4328,Fail to protect food from contamination or adulteration - Sec. 26(1) 
KUYA DON LOMI BATANGAS,2024-09-03,C - Crucial,43.7337,-79.4328,Store potentially hazardous foods at internal temperature between 4 C and 60 C - Sec. 27(1)
KUYA DON LOMI BATANGAS,2024-09-03,C - Crucial,43.7337,-79.4328,Refrigerate potentially hazardous foods at internal temperature above 4 C - Sec. 30(a)
PLANET PUNJAB,2024-09-04,C - Crucial,43.76333,-79.49967,Hot-holding potentially hazardous foods at internal temperature below 60 C - Sec. 30(a)
PLANET PUNJAB,2024-09-04,C - Crucial,43.76333,-79.49967,Refrigerate potentially hazardous foods at internal temperature above 4 C - Sec. 30(a)
SUPERKING SUPERMARKET,2024-09-04,C - Crucial,43.70463,-79.49224,Fail to protect food from contamination or adulteration - Sec. 26(1) 
BAYVIEW SHAWARMA,2024-09-05,C - Crucial,43.70539,-79.37468,Refrigerate potentially hazardous foods at internal temperature above 4 C - Sec. 30(a)
KIBO MARKET UNION,2024-09-06,C - Crucial,43.64528,-79.38049,Fail to process food in manner safe to eat - Sec. 26(2)
KIBO MARKET UNION,2024-09-06,C - Crucial,43.64528,-79.38049,Store potentially hazardous foods at internal temperature between 4 C and 60 C - Sec. 27(1)
RUCHI #1,2024-09-06,C - Crucial,43.80337,-79.19912,Display potentially hazardous foods at internal temperature between 4 C and 60 C - Sec. 27(1)
NORTH OF BROOKLYN PIZZERIA,2024-09-06,C - Crucial,43.68183,-79.33234,Fail to protect food from contamination or adulteration - Sec. 26(1) 
DELICACY KITCHEN,2024-09-10,C - Crucial,43.70837,-79.45316,Fail to protect food from contamination or adulteration - Sec. 26(1) 
DELICACY KITCHEN,2024-09-10,C - Crucial,43.70837,-79.45316,Store potentially hazardous foods at internal temperature between 4 C and 60 C - Sec. 27(1)
DELICACY KITCHEN,2024-09-10,C - Crucial,43.70837,-79.45316,Fail to ensure food handler in food premise washes hands as necessary to prevent contamination of food - Sec. 33(1)(e) 
MR. SMOKE AND VARIETY,2024-09-10,C - Crucial,43.72653,-79.48359,Hot-holding potentially hazardous foods at internal temperature below 60 C - Sec. 30(a)
DALDONGHAE,2024-09-10,C - Crucial,43.66435,-79.4157,Fail to protect food from contamination or adulteration - Sec. 26(1) 
33 BEEFSTEAK TANTUNI GRILL LOUNGE,2024-09-12,C - Crucial,43.67808,-79.49647,Fail to protect food from contamination or adulteration - Sec. 26(1) 
POONDY BREAD BAKERY,2024-09-13,C - Crucial,43.72997,-79.26701,Fail to protect food from contamination or adulteration - Sec. 26(1) 
SIBEL,2024-09-13,C - Crucial,43.73498,-79.41951,Hot-holding potentially hazardous foods at internal temperature below 60 C - Sec. 30(a)
SIBEL,2024-09-13,C - Crucial,43.73498,-79.41951,Store ice in unsanitary manner - Sec.  26(5) 
SIBEL,2024-09-13,C - Crucial,43.73498,-79.41951,Store potentially hazardous foods at internal temperature between 4 C and 60 C - Sec. 27(1)
NATIONS FRESH FOODS,2024-09-17,C - Crucial,43.67288,-79.47085,Fail to protect food from contamination or adulteration - Sec. 26(1) 
URBAN HAKKA,2024-09-16,C - Crucial,43.73024,-79.40323,Fail to protect food from contamination or adulteration - Sec. 26(1) 
EARL'S RESTAURANT,2024-09-18,C - Crucial,43.72608,-79.45147,Maintain potentially hazardous foods at internal temperature between 4 C and 60 C -  Sec. 27(1)
HARBOURFRONT CAFE,2024-09-18,C - Crucial,43.64237,-79.37459,Store potentially hazardous foods at internal temperature between 4 C and 60 C - Sec. 27(1)
PLAYHOUSE CHILDCARE CENTRE,2024-09-18,C - Crucial,43.73362,-79.33854,Maintain potentially hazardous foods at internal temperature between 4 C and 60 C -  Sec. 27(1)
SANUKI UDON,2024-09-18,C - Crucial,43.66163,-79.38158,Store potentially hazardous foods at internal temperature between 4 C and 60 C - Sec. 27(1)
FEED SCARBOROUGH,2024-09-19,C - Crucial,43.71655,-79.25681,Fail to protect food from contamination or adulteration - Sec. 26(1) 
HAWTHORNE PLACE CARE CENTRE,2024-09-19,C - Crucial,43.75608,-79.52142,Store potentially hazardous foods at internal temperature between 4 C and 60 C - Sec. 27(1)
PHO VIETNAM,2024-09-19,C - Crucial,43.75774,-79.2786,Fail to ensure food handler in food premise washes hands as necessary to prevent contamination of food - Sec. 33(1)(e) 
THE O'NEILL CENTRE NURSING HOME,2024-09-18,C - Crucial,43.66479,-79.4186,Store potentially hazardous foods at internal temperature between 4 C and 60 C - Sec. 27(1)
AROMA ESPRESSO BAR,2024-09-20,C - Crucial,43.63865,-79.41711,Maintain potentially hazardous foods at internal temperature between 4 C and 60 C -  Sec. 27(1)
JIANGNAN HANDMADE DIM SUM,2024-09-20,C - Crucial,43.76048,-79.41103,Fail to process food in manner safe to eat - Sec. 26(2)
POORANI VILAAS,2024-09-20,C - Crucial,43.83657,-79.24952,Maintain potentially hazardous foods at internal temperature between 4 C and 60 C -  Sec. 27(1)
PUMPERNICKEL'S,2024-09-20,C - Crucial,43.6598,-79.38879,Store potentially hazardous foods at internal temperature between 4 C and 60 C - Sec. 27(1)
PUMPERNICKEL'S,2024-09-20,C - Crucial,43.6598,-79.38879,Fail to ensure food handler in food premise refrains from conduct that could result in contamination of food - Sec. 33(1)(h) 
AMAYA REAL INDIAN FOOD,2024-09-23,C - Crucial,43.61265,-79.55597,Hot-holding potentially hazardous foods at internal temperature below 60 C - Sec. 30(a)
CHINA TOWN TAKE OUT,2024-09-23,C - Crucial,43.70633,-79.50515,Fail to ensure storage shelves designed to protect against contamination - Sec. 31
CHITOS PIZZA,2024-09-23,C - Crucial,43.73161,-79.45908,Hot-holding potentially hazardous foods at internal temperature below 60 C - Sec. 30(a)
KATSUYA,2024-09-23,C - Crucial,43.73146,-79.45905,Refrigerate potentially hazardous foods at internal temperature above 4 C - Sec. 30(a)
GLENDON COLLEGE CAFETERIA,2024-09-24,C - Crucial,43.72718,-79.37806,Maintain potentially hazardous foods at internal temperature between 4 C and 60 C -  Sec. 27(1)
GLENDON COLLEGE CAFETERIA,2024-09-24,C - Crucial,43.72718,-79.37806,Fail to protect food from contamination or adulteration - Sec. 26(1) 
GOA INDIAN FARM KITCHEN,2024-09-23,C - Crucial,43.76923,-79.38837,Maintain potentially hazardous foods at internal temperature between 4 C and 60 C -  Sec. 27(1)
GOA INDIAN FARM KITCHEN,2024-09-23,C - Crucial,43.76923,-79.38837,Fail to protect food from contamination or adulteration - Sec. 26(1) 
GOA INDIAN FARM KITCHEN,2024-09-23,C - Crucial,43.76923,-79.38837,Fail to ensure food handler in food premise washes hands as necessary to prevent contamination of food - Sec. 33(1)(e) 
KING'S BELLY,2024-09-23,C - Crucial,43.69472,-79.34275,Food premise maintained in manner to permit contamination of single-service containers - Sec. 7(1)(h)  
LADY YORK FOODS,2024-09-24,C - Crucial,43.70958,-79.45303,Fail to ensure food handler in food premise washes hands as necessary to prevent contamination of food - Sec. 33(1)(e) 
LADY YORK FOODS,2024-09-24,C - Crucial,43.70958,-79.45303,Offer for sale potentially hazardous foods at internal temperature between 4 C and 60 C - Sec. 27(1)
LADY YORK FOODS,2024-09-24,C - Crucial,43.70958,-79.45303,Fail to protect food from contamination or adulteration - Sec. 26(1) 
MAKKAH RESTAURANT,2024-09-24,C - Crucial,43.69071,-79.29183,Refrigerate potentially hazardous foods at internal temperature above 4 C - Sec. 30(a)
TAGPUAN,2024-09-24,C - Crucial,43.73608,-79.30771,Fail to ensure food handler in food premise refrains from conduct that could result in contamination of food - Sec. 33(1)(h) 
TAGPUAN,2024-09-24,C - Crucial,43.73608,-79.30771,Display potentially hazardous foods at internal temperature between 4 C and 60 C - Sec. 27(1)
CHURCH'S TEXAS CHICKEN,2024-09-25,C - Crucial,43.74383,-79.48656,Hot-holding potentially hazardous foods at internal temperature below 60 C - Sec. 30(a)
RAL INC,2024-09-25,C - Crucial,43.75945,-79.57097,Fail to ensure storage shelves designed to protect against contamination - Sec. 31
RAL INC,2024-09-25,C - Crucial,43.75945,-79.57097,Fail to ensure food handler in food premise washes hands as necessary to prevent contamination of food - Sec. 33(1)(e) 
RAL INC,2024-09-25,C - Crucial,43.75945,-79.57097,Store ice in unsanitary manner - Sec.  26(5) 
SUNSHINE VILLAGE GRILL,2024-09-25,C - Crucial,43.65155,-79.47558,Fail to ensure food handler in food premise refrains from conduct that could result in contamination of food areas - Sec. 33(1)(h) 
SUNSHINE VILLAGE GRILL,2024-09-25,C - Crucial,43.65155,-79.47558,Fail to protect food from contamination or adulteration - Sec. 26(1) 
AK TIME OUT DINE IN & TAKEOUT,2024-09-26,C - Crucial,43.72538,-79.29923,Hot-holding potentially hazardous foods at internal temperature below 60 C - Sec. 30(a)
MONOPOL CAFE,2024-09-25,C - Crucial,43.67947,-79.34532,Store ice in unsanitary manner - Sec.  26(5) 
BB.Q CHICKEN,2024-09-27,C - Crucial,43.77251,-79.34486,Fail to ensure food handler in food premise refrains from conduct that could result in contamination of food - Sec. 33(1)(h) 
BB.Q CHICKEN,2024-09-27,C - Crucial,43.77251,-79.34486,Fail to ensure food handler in food premise washes hands as necessary to prevent contamination of food areas - Sec.  33(1)(e)
BRIONI SUPERMARKET LTD.,2024-09-27,C - Crucial,43.71131,-79.51691,Store potentially hazardous foods at internal temperature between 4 C and 60 C - Sec. 27(1)
ELLE'S CAFE,2024-09-27,C - Crucial,43.75574,-79.52329,Sell potentially hazardous foods at internal temperature between 4 C and 60 C - Sec. 27(1)
HASTY MARKET,2024-09-30,C - Crucial,43.65517,-79.35838,Fail to protect food from contamination or adulteration - Sec. 26(1) 
VENTURE PARK LABS,2024-09-30,C - Crucial,43.70536,-79.47121,Fail to protect food from contamination or adulteration - Sec. 26(1) 
AMMI'S,2024-09-30,C - Crucial,43.74288,-79.30769,Fail to protect food from contamination or adulteration - Sec. 26(1) 
AMMI'S,2024-09-30,C - Crucial,43.74288,-79.30769,Food premise maintained in manner permitting health hazard (Insects) - Sec. 7(1)(a)(i)    
Pariwar Restaurant,2024-09-30,C - Crucial,43.74267,-79.30865,Fail to protect food from contamination or adulteration - Sec. 26(1) 
Pariwar Restaurant,2024-09-30,C - Crucial,43.74267,-79.30865,Maintain potentially hazardous foods at internal temperature between 4 C and 60 C -  Sec. 27(1)
Pariwar Restaurant,2024-09-30,C - Crucial,43.74267,-79.30865,Fail to ensure food handler in food premise washes hands as necessary to prevent contamination of food - Sec. 33(1)(e) 
ZUNYAN FINE DINING AND BANQUET,2024-10-01,C - Crucial,43.82276,-79.30027,Fail to protect food from contamination or adulteration - Sec. 26(1) 
FOREST HILL PLACE,2024-10-02,C - Crucial,43.70625,-79.42524,Fail to ensure food handler in food premise washes hands as necessary to prevent contamination of food - Sec. 33(1)(e) 
FOREST HILL PLACE,2024-10-02,C - Crucial,43.70625,-79.42524,Refrigerate potentially hazardous foods at internal temperature above 4 C - Sec. 30(a)
FOREST HILL PLACE,2024-10-02,C - Crucial,43.70625,-79.42524,Fail to protect food from contamination or adulteration - Sec. 26(1) 
PHAT KAPHRAO,2024-10-02,C - Crucial,43.71783,-79.42958,Fail to protect food from contamination or adulteration - Sec. 26(1) 
PHAT KAPHRAO,2024-10-02,C - Crucial,43.71783,-79.42958,Fail to ensure food handler in food premise washes hands as necessary to prevent contamination of food - Sec. 33(1)(e) 
PHAT KAPHRAO,2024-10-02,C - Crucial,43.71783,-79.42958,Store potentially hazardous foods at internal temperature between 4 C and 60 C - Sec. 27(1)
PIZZA HUT,2024-10-02,C - Crucial,43.65261,-79.471,Maintain potentially hazardous foods at internal temperature between 4 C and 60 C -  Sec. 27(1)
ALMADINA BISTRO,2024-10-02,C - Crucial,43.65707,-79.38174,Maintain potentially hazardous foods at internal temperature between 4 C and 60 C -  Sec. 27(1)
CHURCH'S TEXAS CHICKEN,2024-10-03,C - Crucial,43.64068,-79.377,Fail to protect food from contamination or adulteration - Sec. 26(1) 
FORTUNE SEAFOOD RESTAURANT,2024-10-03,C - Crucial,43.81403,-79.29152,Fail to protect food from contamination or adulteration - Sec. 26(1) 
PHO KIM,2024-10-03,C - Crucial,43.72423,-79.5091,Fail to ensure food handler in food premise washes hands as necessary to prevent contamination of food areas - Sec.  33(1)(e)
PHO KIM,2024-10-03,C - Crucial,43.72423,-79.5091,Fail to protect food from contamination or adulteration - Sec. 26(1) 
YANKEE LADY IV,2024-10-02,C - Crucial,43.63668,-79.39637,Food premise maintained in manner permitting health hazard - Sec. 7(1)(a)(i)    
CAPTAIN'S CATCH,2024-10-04,C - Crucial,43.77524,-79.33405,Fail to maintain records of food purchased  - Sec. 29(2)  
CHERCHER BUTCHER STORE,2024-10-04,C - Crucial,43.68979,-79.29602,Refrigerate potentially hazardous foods at internal temperature above 4 C - Sec. 30(a)
DHAKA KEBAB,2024-10-04,C - Crucial,43.69127,-79.28955,Hot-holding potentially hazardous foods at internal temperature below 60 C - Sec. 30(a)
DHAKA KEBAB,2024-10-04,C - Crucial,43.69127,-79.28955,Refrigerate potentially hazardous foods at internal temperature above 4 C - Sec. 30(a)
SANSA BAKERY & GRILL,2024-10-04,C - Crucial,43.68666,-79.43877,Fail to protect food from contamination or adulteration - Sec. 26(1) 
SANSA BAKERY & GRILL,2024-10-04,C - Crucial,43.68666,-79.43877,Hot-holding potentially hazardous foods at internal temperature below 60 C - Sec. 30(a)
SOUTH ST. BURGER,2024-10-04,C - Crucial,43.7343,-79.3437,Refrigerate potentially hazardous foods at internal temperature above 4 C - Sec. 30(a)
CHICKQUEEN,2024-10-07,C - Crucial,43.77362,-79.49214,Fail to process food in manner safe to eat - Sec. 26(2)
CHICKQUEEN,2024-10-07,C - Crucial,43.77362,-79.49214,Fail to protect food from contamination or adulteration - Sec. 26(1) 
OTTOMAN TURKISH GRILL,2024-10-04,C - Crucial,43.74285,-79.30782,Food premise maintained in manner permitting health hazard (Insects) - Sec. 7(1)(a)(i)    
OTTOMAN TURKISH GRILL,2024-10-04,C - Crucial,43.74285,-79.30782,Food premise maintained in manner permitting adverse effect on food - Sec. 7(1)(a)(iii) 
TIN TIN CONGEE CHINESE RESTAURANT,2024-10-07,C - Crucial,43.77362,-79.49214,Store potentially hazardous foods at internal temperature between 4 C and 60 C - Sec. 27(1)
TIN TIN CONGEE CHINESE RESTAURANT,2024-10-07,C - Crucial,43.77362,-79.49214,Fail to protect food from contamination or adulteration - Sec. 26(1) 
C-BLOCK TAIWANESE BENTO,2024-10-07,C - Crucial,43.66385,-79.41711,Fail to protect food from contamination or adulteration - Sec. 26(1) 
EMPRESS OF CANADA,2024-10-07,C - Crucial,43.63908,-79.38603,Fail to provide food premise with adequate potable water supply - Sec.  7(3)(a)  
EMPRESS OF CANADA,2024-10-07,C - Crucial,43.63908,-79.38603,Food premise maintained in manner permitting health hazard - Sec. 7(1)(a)(i)    
MCEWAN,2024-10-08,C - Crucial,43.73643,-79.34525,Fail to protect food from contamination or adulteration - Sec. 26(1) 
MCEWAN,2024-10-08,C - Crucial,43.73643,-79.34525,Store potentially hazardous foods at internal temperature between 4 C and 60 C - Sec. 27(1)
RADHUNI,2024-10-07,C - Crucial,43.69152,-79.28805,Hot-holding potentially hazardous foods at internal temperature below 60 C - Sec. 30(a)
THE SPICY GRILL,2024-10-08,C - Crucial,43.69266,-79.28311,Maintain potentially hazardous foods at internal temperature between 4 C and 60 C -  Sec. 27(1)
VAIKHA INDIAN RESTAURANT,2024-10-08,C - Crucial,43.74383,-79.48656,Refrigerate potentially hazardous foods at internal temperature above 4 C - Sec. 30(a)
TUMI DUMPLING HOUSE,2024-10-09,C - Crucial,43.66564,-79.46635,Store ice in unsanitary manner - Sec.  26(5) 
TUMI DUMPLING HOUSE,2024-10-09,C - Crucial,43.66564,-79.46635,Fail to protect food from contamination or adulteration - Sec. 26(1) 
CASA PORTUGUESA,2024-10-10,C - Crucial,43.71987,-79.46837,Fail to ensure food handler in food premise washes hands as necessary to prevent contamination of food - Sec. 33(1)(e) 
CASA PORTUGUESA,2024-10-10,C - Crucial,43.71987,-79.46837,Fail to protect food from contamination or adulteration - Sec. 26(1) 
CASA PORTUGUESA,2024-10-10,C - Crucial,43.71987,-79.46837,Sell potentially hazardous foods at internal temperature between 4 C and 60 C - Sec. 27(1)
IRYEWON,2024-10-10,C - Crucial,43.78539,-79.47676,Maintain potentially hazardous foods at internal temperature between 4 C and 60 C -  Sec. 27(1)
IRYEWON,2024-10-10,C - Crucial,43.78539,-79.47676,Fail to protect food from contamination or adulteration - Sec. 26(1) 
SUNNY MORNING,2024-10-10,C - Crucial,43.6865,-79.39365,Food premise maintained in manner permitting adverse effect on food - Sec. 7(1)(a)(iii) 
TAQUERIA EL PASTORCITO,2024-10-09,C - Crucial,43.67814,-79.44358,Store potentially hazardous foods at internal temperature between 4 C and 60 C - Sec. 27(1)
TAQUERIA EL PASTORCITO,2024-10-09,C - Crucial,43.67814,-79.44358,Refrigerate potentially hazardous foods at internal temperature above 4 C - Sec. 30(a)
UNPLUGGED,2024-10-08,C - Crucial,43.63766,-79.39132,Food premise maintained in manner permitting health hazard - Sec. 7(1)(a)(i)    
UNPLUGGED,2024-10-08,C - Crucial,43.63766,-79.39132,Fail to provide food premise with adequate potable water supply - Sec.  7(3)(a)  
WHIRLY GIRL,2024-10-08,C - Crucial,43.63766,-79.39132,Fail to provide food premise with adequate potable water supply - Sec.  7(3)(a)  
WHIRLY GIRL,2024-10-08,C - Crucial,43.63766,-79.39132,Food premise maintained in manner permitting health hazard - Sec. 7(1)(a)(i)    
A BBQ HOUSE,2024-10-11,C - Crucial,43.66709,-79.38569,Store ice in unsanitary manner - Sec.  26(5) 
A BBQ HOUSE,2024-10-11,C - Crucial,43.66709,-79.38569,Fail to protect food from contamination or adulteration - Sec. 26(1) 
AJISEN RAMEN,2024-10-11,C - Crucial,43.70911,-79.39855,Maintain potentially hazardous foods at internal temperature between 4 C and 60 C -  Sec. 27(1)
BANJARA INDIAN CUISINE,2024-10-11,C - Crucial,43.6629,-79.42184,Fail to protect food from contamination or adulteration - Sec. 26(1) 
BARKAT,2024-10-10,C - Crucial,43.64631,-79.40888,Fail to ensure storage racks designed to protect against contamination - Sec. 31
CHEFS CLAN/MEALBETS,2024-10-11,C - Crucial,43.71355,-79.3356,Fail to protect food from contamination or adulteration - Sec. 26(1) 
MADO CAFE,2024-10-11,C - Crucial,43.73453,-79.34511,Fail to protect food from contamination or adulteration - Sec. 26(1) 
MADO CAFE,2024-10-11,C - Crucial,43.73453,-79.34511,Maintain potentially hazardous foods at internal temperature between 4 C and 60 C -  Sec. 27(1)
SIMPLE EATS,2024-10-11,C - Crucial,43.71376,-79.45829,Fail to protect food from contamination or adulteration - Sec. 26(1) 
SIMPLE EATS,2024-10-11,C - Crucial,43.71376,-79.45829,Fail to ensure food handler in food premise washes hands as necessary to prevent contamination of food - Sec. 33(1)(e) 
SIMPLE EATS,2024-10-11,C - Crucial,43.71376,-79.45829,Maintain potentially hazardous foods at internal temperature between 4 C and 60 C -  Sec. 27(1)
MANGO SUSHI,2024-10-15,C - Crucial,43.68213,-79.33055,Fail to ensure food handler in food premise refrains from conduct that could result in contamination of food - Sec. 33(1)(h) 
MANGO SUSHI,2024-10-15,C - Crucial,43.68213,-79.33055,Store potentially hazardous foods at internal temperature between 4 C and 60 C - Sec. 27(1)
SUNRISE CARIBBEAN RESTAURANT,2024-10-15,C - Crucial,43.76122,-79.3251,Maintain potentially hazardous foods at internal temperature between 4 C and 60 C -  Sec. 27(1)
AT BISTRO CAFE,2024-10-16,C - Crucial,43.7243,-79.33576,Fail to ensure food handler in food premise washes hands as necessary to prevent contamination of food - Sec. 33(1)(e) 
AT BISTRO CAFE,2024-10-16,C - Crucial,43.7243,-79.33576,Fail to ensure food handler in food premise refrains from conduct that could result in contamination of food - Sec. 33(1)(h) 
DELYSEES LUXURY DESSERTS,2024-10-16,C - Crucial,43.72608,-79.45147,Maintain potentially hazardous foods at internal temperature between 4 C and 60 C -  Sec. 27(1)
DELYSEES LUXURY DESSERTS,2024-10-16,C - Crucial,43.72608,-79.45147,Fail to ensure food handler in food premise washes hands as necessary to prevent contamination of food - Sec. 33(1)(e) 
DURBAR INDIAN CUISINE,2024-10-16,C - Crucial,43.64888,-79.4848,Store potentially hazardous foods at internal temperature between 4 C and 60 C - Sec. 27(1)
DURBAR INDIAN CUISINE,2024-10-16,C - Crucial,43.64888,-79.4848,Store ice in unsanitary manner - Sec.  26(5) 
OSAKA SUSHI,2024-10-16,C - Crucial,43.71355,-79.3356,Fail to protect food from contamination or adulteration - Sec. 26(1) 
SWISS CHALET EXPRESS,2024-10-16,C - Crucial,43.67176,-79.29295,Distribute potentially hazardous foods at internal temperature between 4 C and 60 C - Sec. 27(1)
TAO-NORTHERN CHINESE CUISINE,2024-10-16,C - Crucial,43.71236,-79.36455,Maintain potentially hazardous foods at internal temperature between 4 C and 60 C -  Sec. 27(1)
TAO-NORTHERN CHINESE CUISINE,2024-10-16,C - Crucial,43.71236,-79.36455,Fail to protect food from contamination or adulteration - Sec. 26(1) 
TAO-NORTHERN CHINESE CUISINE,2024-10-16,C - Crucial,43.71236,-79.36455,Fail to ensure food handler in food premise washes hands as necessary to prevent contamination of food - Sec. 33(1)(e) 
THE CHEESECAKE FACTORY,2024-10-16,C - Crucial,43.72608,-79.45147,Maintain potentially hazardous foods at internal temperature between 4 C and 60 C -  Sec. 27(1)
THE CHEESECAKE FACTORY,2024-10-16,C - Crucial,43.72608,-79.45147,Fail to protect food from contamination or adulteration - Sec. 26(1) 
THE CHEESECAKE FACTORY,2024-10-16,C - Crucial,43.72608,-79.45147,Fail to ensure food handler in food premise washes hands as necessary to prevent contamination of food - Sec. 33(1)(e) 
WIKKI HUT,2024-10-15,C - Crucial,43.76226,-79.41083,Fail to protect food from contamination or adulteration - Sec. 26(1) 
KINGYO,2024-10-17,C - Crucial,43.66583,-79.36858,Store potentially hazardous foods at internal temperature between 4 C and 60 C - Sec. 27(1)
LAZY SHACK/Mala Boy Restaurant,2024-10-17,C - Crucial,43.65566,-79.39222,Fail to protect food from contamination or adulteration - Sec. 26(1) 
A YAH SO NICE,2024-10-18,C - Crucial,43.6842,-79.47222,Store potentially hazardous foods at internal temperature between 4 C and 60 C - Sec. 27(1)
A YAH SO NICE,2024-10-18,C - Crucial,43.6842,-79.47222,Refrigerate potentially hazardous foods at internal temperature above 4 C - Sec. 30(a)
ANGELS BAKERY,2024-10-18,C - Crucial,43.68321,-79.45748,Fail to protect food from contamination or adulteration - Sec. 26(1) 
COLUMBUS BAKERY,2024-10-18,C - Crucial,43.71448,-79.4679,Maintain potentially hazardous foods at internal temperature between 4 C and 60 C -  Sec. 27(1)
COLUMBUS BAKERY,2024-10-18,C - Crucial,43.71448,-79.4679,Fail to ensure food handler in food premise washes hands as necessary to prevent contamination of food - Sec. 33(1)(e) 
COLUMBUS BAKERY,2024-10-18,C - Crucial,43.71448,-79.4679,Fail to protect food from contamination or adulteration - Sec. 26(1) 
DIMES CARIBBEAN RESTAURANT,2024-10-18,C - Crucial,43.68978,-79.47678,Fail to protect food from contamination or adulteration - Sec. 26(1) 
HONG FOOD KITCHEN,2024-10-17,C - Crucial,43.80659,-79.22201,Fail to protect food from contamination or adulteration - Sec. 26(1) 
Kairali,2024-10-18,C - Crucial,43.75491,-79.27701,Food premise maintained in manner permitting health hazard (Insects) - Sec. 7(1)(a)(i)    
Kairali,2024-10-18,C - Crucial,43.75491,-79.27701,Fail to protect food from contamination or adulteration - Sec. 26(1) 
Kairali,2024-10-18,C - Crucial,43.75491,-79.27701,Food premise maintained in manner permitting adverse effect on food - Sec. 7(1)(a)(iii) 
THE DOG AND BEAR,2024-10-18,C - Crucial,43.64352,-79.42279,Handle ice in unsanitary manner - Sec.  26(5) 
THE DOG AND BEAR,2024-10-18,C - Crucial,43.64352,-79.42279,Store ice in unsanitary manner - Sec.  26(5) 
THIRSTEA BLOOR STREET,2024-10-18,C - Crucial,43.66454,-79.41457,Food premise maintained in manner permitting adverse effect on food - Sec. 7(1)(a)(iii) 
CURRY PATTA RESTAURANT,2024-10-20,C - Crucial,43.68184,-79.32964,Fail to protect food from contamination or adulteration - Sec. 26(1) 
N & H FOOD COMPANY LTD.,2024-10-21,C - Crucial,43.67956,-79.46797,Fail to protect food from contamination or adulteration - Sec. 26(1) 
Sun Brand/Instant Foods,2024-10-21,C - Crucial,43.82321,-79.25304,Fail to protect food from contamination or adulteration - Sec. 26(1) 
A CORNER CAFE AND RESTAURANT,2024-10-22,C - Crucial,43.77035,-79.41288,Fail to ensure food handler in food premise washes hands as necessary to prevent contamination of food - Sec. 33(1)(e) 
A CORNER CAFE AND RESTAURANT,2024-10-22,C - Crucial,43.77035,-79.41288,Fail to protect food from contamination or adulteration - Sec. 26(1) 
LATIN WORLD,2024-10-22,C - Crucial,43.67928,-79.43819,Refrigerate potentially hazardous foods at internal temperature above 4 C - Sec. 30(a)
MR TONKATSU,2024-10-21,C - Crucial,43.66528,-79.41075,Fail to protect food from contamination or adulteration - Sec. 26(1) 
SARVI INDIAN CUISINE,2024-10-22,C - Crucial,43.66649,-79.37473,Fail to protect food from contamination or adulteration - Sec. 26(1) 
Tashi Delek Cafe,2024-10-21,C - Crucial,43.64023,-79.43708,Fail to protect food from contamination or adulteration - Sec. 26(1) 
GOOD SHELTER FOOD COMPANY,2024-10-23,C - Crucial,43.68718,-79.34761,Fail to protect food from contamination or adulteration - Sec. 26(1) 
SCOTTHILL CARIBBEAN CUISINE,2024-10-23,C - Crucial,43.73406,-79.41935,Fail to protect food from contamination or adulteration - Sec. 26(1) 
SHERRY'S CAFE,2024-10-23,C - Crucial,43.733,-79.44634,Fail to protect food from contamination or adulteration - Sec. 26(1) 
TAPPS RESTAURANT & BAR,2024-10-23,C - Crucial,43.67827,-79.34706,Fail to protect food from contamination or adulteration - Sec. 26(1) 
TAPPS RESTAURANT & BAR,2024-10-23,C - Crucial,43.67827,-79.34706,Store ice in unsanitary manner - Sec.  26(5) 
CARAMEL COFFEE SHOP,2024-10-24,C - Crucial,43.68074,-79.3376,Store ice in unsanitary manner - Sec.  26(5) 
NAAN & KABOB,2024-10-23,C - Crucial,43.74252,-79.30522,Fail to ensure food handler in food premise washes hands as necessary to prevent contamination of food - Sec. 33(1)(e) 
TAQUERIA EL PASTORCITO,2024-10-24,C - Crucial,43.65985,-79.43685,Fail to protect food from contamination or adulteration - Sec. 26(1) 
TAQUERIA EL PASTORCITO,2024-10-24,C - Crucial,43.65985,-79.43685,Store potentially hazardous foods at internal temperature between 4 C and 60 C - Sec. 27(1)
AVIATOR DANFORTH,2024-10-25,C - Crucial,43.68301,-79.32632,Store ice in unsanitary manner - Sec.  26(5) 
AVIATOR DANFORTH,2024-10-25,C - Crucial,43.68301,-79.32632,Refrigerate potentially hazardous foods at internal temperature above 4 C - Sec. 30(a)
FOX & FIDDLE,2024-10-25,C - Crucial,43.64007,-79.39406,Food premise maintained in manner permitting adverse effect on food - Sec. 7(1)(a)(iii) 
LOVELY PAO,2024-10-24,C - Crucial,43.73143,-79.46449,Store potentially hazardous foods at internal temperature between 4 C and 60 C - Sec. 27(1)
LOVELY PAO,2024-10-24,C - Crucial,43.73143,-79.46449,Maintain potentially hazardous foods at internal temperature between 4 C and 60 C -  Sec. 27(1)
SRIRAM BAKERY AND CATERING INC,2024-10-25,C - Crucial,43.81333,-79.238,Maintain potentially hazardous foods at internal temperature between 4 C and 60 C -  Sec. 27(1)
DADDY'S CHICKEN,2024-10-27,C - Crucial,43.66385,-79.32884,Fail to protect food from contamination or adulteration - Sec. 26(1) 
HONG KONG BEEF NOODLES,2024-10-28,C - Crucial,43.80348,-79.29762,Maintain potentially hazardous foods at internal temperature between 4 C and 60 C -  Sec. 27(1)
KIN-KIN BAKERY & BUBBLE TEA,2024-10-25,C - Crucial,43.66943,-79.3393,Store potentially hazardous foods at internal temperature between 4 C and 60 C - Sec. 27(1)
KIN-KIN BAKERY & BUBBLE TEA,2024-10-25,C - Crucial,43.66943,-79.3393,Store ice in unsanitary manner - Sec.  26(5) 
MYEONGDONG GYOZA KALGUKSU KOREAN RESTAURANT,2024-10-25,C - Crucial,43.66608,-79.40662,Fail to protect food from contamination or adulteration - Sec. 26(1) 
MYEONGDONG GYOZA KALGUKSU KOREAN RESTAURANT,2024-10-25,C - Crucial,43.66608,-79.40662,Fail to ensure food handler in food premise washes hands as necessary to prevent contamination of food - Sec. 33(1)(e) 
NUMBER ONE CHINESE RESTAURANT,2024-10-25,C - Crucial,43.68469,-79.34666,Fail to protect food from contamination or adulteration - Sec. 26(1) 
ORFUS WRAP & GRILL,2024-10-28,C - Crucial,43.72004,-79.45622,Hot-holding potentially hazardous foods at internal temperature below 60 C - Sec. 30(a)
ORFUS WRAP & GRILL,2024-10-28,C - Crucial,43.72004,-79.45622,Food premise maintained in manner to permit contamination of single-service articles - Sec. 7(1)(h)  
TAROU DON,2024-10-28,C - Crucial,43.82416,-79.30253,Maintain potentially hazardous foods at internal temperature between 4 C and 60 C -  Sec. 27(1)
TAROU DON,2024-10-28,C - Crucial,43.82416,-79.30253,Food premise maintained in manner permitting adverse effect on food - Sec. 7(1)(a)(iii) 
BRIGHTPATH ACADEMY LEASIDE,2024-10-29,C - Crucial,43.7088,-79.36462,Hot-holding potentially hazardous foods at internal temperature below 60 C - Sec. 30(a)
CHURRASQUEIRA ESTRELA,2024-10-29,C - Crucial,43.70278,-79.47647,Fail to ensure storage pallets designed to protect against contamination - Sec. 31
CHURRASQUEIRA ESTRELA,2024-10-29,C - Crucial,43.70278,-79.47647,Food premise maintained in manner permitting adverse effect on food - Sec. 7(1)(a)(iii) 
FAT BASTARD BURRITO CO.,2024-10-29,C - Crucial,43.75364,-79.35785,Store potentially hazardous foods at internal temperature between 4 C and 60 C - Sec. 27(1)
FRESHLY SQUEEZED,2024-10-29,C - Crucial,43.72608,-79.45147,Fail to ensure food handler in food premise washes hands as necessary to prevent contamination of food - Sec. 33(1)(e) 
FRESHLY SQUEEZED,2024-10-29,C - Crucial,43.72608,-79.45147,Store ice in unsanitary manner - Sec.  26(5) 
SAI-LILA KHAMAN DHOKLA HOUSE,2024-10-29,C - Crucial,43.76798,-79.22903,Fail to ensure storage racks designed to protect against contamination - Sec. 31
TEN REN'S TEA TIME,2024-10-29,C - Crucial,43.72608,-79.45147,Fail to ensure food handler in food premise washes hands as necessary to prevent contamination of food - Sec. 33(1)(e) 
TEN REN'S TEA TIME,2024-10-29,C - Crucial,43.72608,-79.45147,Store ice in unsanitary manner - Sec.  26(5) 
TIFFINS2U,2024-10-28,C - Crucial,43.76156,-79.28034,Fail to protect food from contamination or adulteration - Sec. 26(1) 
BOULANGER PAIN PERDU BAKE SHOP,2024-10-30,C - Crucial,43.68158,-79.4275,Store potentially hazardous foods at internal temperature between 4 C and 60 C - Sec. 27(1)
Big Brothers Gourmet Pizza,2024-10-30,C - Crucial,43.72751,-79.2305,Fail to protect food from contamination or adulteration - Sec. 26(1) 
HAYAL KURDISH CIGKOFTE RESTAURANT,2024-10-29,C - Crucial,43.73065,-79.46793,Fail to process food in manner safe to eat - Sec. 26(2)
HAYAL KURDISH CIGKOFTE RESTAURANT,2024-10-29,C - Crucial,43.73065,-79.46793,Maintain potentially hazardous foods at internal temperature between 4 C and 60 C -  Sec. 27(1)
JAMROCK REGGAE JERK,2024-10-29,C - Crucial,43.73069,-79.46778,Fail to protect food from contamination or adulteration - Sec. 26(1) 
BB.Q CHICKEN,2024-10-31,C - Crucial,43.67784,-79.34914,Fail to protect food from contamination or adulteration - Sec. 26(1) 
BB.Q CHICKEN,2024-10-31,C - Crucial,43.67784,-79.34914,Store ice in unsanitary manner - Sec.  26(5) 
RAMEN BUTA-NIBO,2024-10-31,C - Crucial,43.67821,-79.34776,Fail to protect food from contamination or adulteration - Sec. 26(1) 
RAMEN BUTA-NIBO,2024-10-31,C - Crucial,43.67821,-79.34776,Handle ice in unsanitary manner - Sec.  26(5) 
TACO SANTO MEXICAN FOOD,2024-10-30,C - Crucial,43.7301,-79.47043,Maintain potentially hazardous foods at internal temperature between 4 C and 60 C -  Sec. 27(1)
THE APPLE CAFE,2024-10-31,C - Crucial,43.69016,-79.32676,Offer for sale potentially hazardous foods at internal temperature between 4 C and 60 C - Sec. 27(1)
AROMA ESPRESSO BAR,2024-11-01,C - Crucial,43.70623,-79.36101,Store potentially hazardous foods at internal temperature between 4 C and 60 C - Sec. 27(1)
NUTMENTO CARIBBEAN GRILL,2024-10-31,C - Crucial,43.66823,-79.34091,Maintain potentially hazardous foods at internal temperature between 4 C and 60 C -  Sec. 27(1)
NUTMENTO CARIBBEAN GRILL,2024-10-31,C - Crucial,43.66823,-79.34091,Fail to ensure food handler in food premise washes hands as necessary to prevent contamination of food areas - Sec.  33(1)(e)
NUTMENTO CARIBBEAN GRILL,2024-10-31,C - Crucial,43.66823,-79.34091,Fail to protect food from contamination or adulteration - Sec. 26(1) 
NUTMENTO CARIBBEAN GRILL,2024-10-31,C - Crucial,43.66823,-79.34091,Display potentially hazardous foods at internal temperature between 4 C and 60 C - Sec. 27(1)
SUBWAY,2024-11-01,C - Crucial,43.66433,-79.3411,Food premise maintained in manner to permit contamination of single-service articles - Sec. 7(1)(h)  
SUBWAY,2024-11-01,C - Crucial,43.66433,-79.3411,Fail to protect food from contamination or adulteration - Sec. 26(1) 
ALEPPO KEBAB,2024-11-01,C - Crucial,43.74496,-79.29824,Fail to ensure food handler in food premise washes hands as necessary to prevent contamination of food - Sec. 33(1)(e) 
ALEPPO KEBAB,2024-11-01,C - Crucial,43.74496,-79.29824,Fail to protect food from contamination or adulteration - Sec. 26(1) 
BLACK POT RESTAURANT,2024-11-01,C - Crucial,43.67991,-79.34156,Store ice in unsanitary manner - Sec.  26(5) 
BLACK POT RESTAURANT,2024-11-01,C - Crucial,43.67991,-79.34156,Fail to protect food from contamination or adulteration - Sec. 26(1) 
BOMBAY ROTI,2024-11-01,C - Crucial,43.66548,-79.40952,Fail to protect food from contamination or adulteration - Sec. 26(1) 
BOMBAY ROTI,2024-11-01,C - Crucial,43.66548,-79.40952,Store potentially hazardous foods at internal temperature between 4 C and 60 C - Sec. 27(1)
BUKHARA GRILL,2024-11-01,C - Crucial,43.6508,-79.47688,Fail to protect food from contamination or adulteration - Sec. 26(1) 
BUKHARA GRILL,2024-11-01,C - Crucial,43.6508,-79.47688,Store potentially hazardous foods at internal temperature between 4 C and 60 C - Sec. 27(1)
FERRARO,2024-11-01,C - Crucial,43.70379,-79.41329,Refrigerate potentially hazardous foods at internal temperature above 4 C - Sec. 30(a)
FERRARO,2024-11-01,C - Crucial,43.70379,-79.41329,Fail to protect food from contamination or adulteration - Sec. 26(1) 
MAPLE LEAF SPORTS BAR & GRILL,2024-11-01,C - Crucial,43.67991,-79.34103,Fail to protect food from contamination or adulteration - Sec. 26(1) 
CHICK WINGS,2024-11-04,C - Crucial,43.65862,-79.35034,Fail to process food in manner safe to eat - Sec. 26(2)
CHICK WINGS,2024-11-04,C - Crucial,43.65862,-79.35034,Fail to ensure food handler in food premise washes hands as necessary to prevent contamination of food - Sec. 33(1)(e) 
CHICK WINGS,2024-11-04,C - Crucial,43.65862,-79.35034,Fail to protect food from contamination or adulteration - Sec. 26(1) 
CUCINA DI PAISANO,2024-11-04,C - Crucial,43.75431,-79.34959,Fail to ensure food handler in food premise refrains from conduct that could result in contamination of food - Sec. 33(1)(h) 
LITTLE COXWELL RESTAURANT,2024-11-04,C - Crucial,43.69621,-79.32886,Store potentially hazardous foods at internal temperature between 4 C and 60 C - Sec. 27(1)
LITTLE COXWELL RESTAURANT,2024-11-04,C - Crucial,43.69621,-79.32886,Fail to protect food from contamination or adulteration - Sec. 26(1) 
RAFTAAR KITCHEN + BAR,2024-11-02,C - Crucial,43.67891,-79.34404,Fail to protect food from contamination or adulteration - Sec. 26(1) 
UNCLE SAL'S HOT CHICKEN,2024-11-04,C - Crucial,43.74496,-79.29824,Fail to ensure food handler in food premise washes hands as necessary to prevent contamination of food - Sec. 33(1)(e) 
SUBWAY SANDWICHES AND SALADS,2024-11-05,C - Crucial,43.70729,-79.2696,Fail to ensure food handler in food premise washes hands as necessary to prevent contamination of food - Sec. 33(1)(e) 
MARMARIS TURKISH RESTAURANT,2024-11-06,C - Crucial,43.73358,-79.40423,Fail to ensure food handler in food premise washes hands as necessary to prevent contamination of food - Sec. 33(1)(e) 
MARMARIS TURKISH RESTAURANT,2024-11-06,C - Crucial,43.73358,-79.40423,Fail to protect food from contamination or adulteration - Sec. 26(1) 
MARMARIS TURKISH RESTAURANT,2024-11-06,C - Crucial,43.73358,-79.40423,Maintain potentially hazardous foods at internal temperature between 4 C and 60 C -  Sec. 27(1)
MARMARIS TURKISH RESTAURANT,2024-11-06,C - Crucial,43.73358,-79.40423,Refrigerate potentially hazardous foods at internal temperature above 4 C - Sec. 30(a)
MR. JOHN'S THE REAL KERALA KITCHEN,2024-11-05,C - Crucial,43.75313,-79.27662,Fail to protect food from contamination or adulteration - Sec. 26(1) 
OGUZ UYGHUR CUISINE,2024-11-05,C - Crucial,43.76824,-79.47426,Fail to protect food from contamination or adulteration - Sec. 26(1) 
REAL GREEK GYROS,2024-11-06,C - Crucial,43.65892,-79.34892,Display potentially hazardous foods at internal temperature between 4 C and 60 C - Sec. 27(1)
REAL GREEK GYROS,2024-11-06,C - Crucial,43.65892,-79.34892,Fail to protect food from contamination or adulteration - Sec. 26(1) 
TENOCH ME CHICANE RESTAURANT,2024-11-06,C - Crucial,43.67945,-79.43512,Store ice in unsanitary manner - Sec.  26(5) 
CHO MING'S RESTAURANT,2024-11-06,C - Crucial,43.70397,-79.50383,Food premise maintained in manner adversely affecting sanitary operation - Sec. 7(1)(a)(ii)
CHO MING'S RESTAURANT,2024-11-06,C - Crucial,43.70397,-79.50383,Food premise maintained in manner permitting health hazard (Insects) - Sec. 7(1)(a)(i)    
FOODY VIBES DELIGHT,2024-11-06,C - Crucial,43.82539,-79.24779,Fail to protect food from contamination or adulteration - Sec. 26(1) 
MOTO VIA AVENUE,2024-11-07,C - Crucial,43.72338,-79.41638,Fail to ensure food handler in food premise washes hands as necessary to prevent contamination of food - Sec. 33(1)(e) 
NEW MIRCHI DHABA,2024-11-06,C - Crucial,43.73093,-79.30585,Maintain potentially hazardous foods at internal temperature between 4 C and 60 C -  Sec. 27(1)
SUNNYCHEESE GRILL & BAKERY,2024-11-06,C - Crucial,43.73327,-79.40409,Maintain potentially hazardous foods at internal temperature between 4 C and 60 C -  Sec. 27(1)
SUNNYCHEESE GRILL & BAKERY,2024-11-06,C - Crucial,43.73327,-79.40409,Refrigerate potentially hazardous foods at internal temperature above 4 C - Sec. 30(a)
EATALY DON MILLS,2024-11-08,C - Crucial,43.73644,-79.34423,Fail to protect food from contamination or adulteration - Sec. 26(1) 
EATALY DON MILLS,2024-11-08,C - Crucial,43.73644,-79.34423,Refrigerate potentially hazardous foods at internal temperature above 4 C - Sec. 30(a)
EATALY DON MILLS,2024-11-08,C - Crucial,43.73644,-79.34423,Fail to ensure food handler in food premise washes hands as necessary to prevent contamination of food - Sec. 33(1)(e) 
PIZZA VILLAGE & BURGERS,2024-11-08,C - Crucial,43.73191,-79.26932,Fail to ensure food handler in food premise washes hands as necessary to prevent contamination of food areas - Sec.  33(1)(e)
SARKER FOODS,2024-11-08,C - Crucial,43.69077,-79.29135,Fail to maintain records of food purchased  - Sec. 29(2)  
SARKER FOODS,2024-11-08,C - Crucial,43.69077,-79.29135,Refrigerate potentially hazardous foods at internal temperature above 4 C - Sec. 30(a)
SCARBOROUGH BUFFET/ MR.WONG'S,2024-11-08,C - Crucial,43.79776,-79.1526,Fail to protect food from contamination or adulteration - Sec. 26(1) 
SCARBOROUGH BUFFET/ MR.WONG'S,2024-11-08,C - Crucial,43.79776,-79.1526,Food premise maintained in manner to permit contamination of single-service containers - Sec. 7(1)(h)  
BBQ PITSTOP,2024-11-09,C - Crucial,43.74838,-79.47911,Fail to protect food from contamination or adulteration - Sec. 26(1) 
BOBBETTE & BELLE,2024-11-12,C - Crucial,43.73141,-79.40353,Maintain potentially hazardous foods at internal temperature between 4 C and 60 C -  Sec. 27(1)
Bindaz Biryanis,2024-11-09,C - Crucial,43.70803,-79.39345,Fail to protect food from contamination or adulteration - Sec. 26(1) 
MONKEY SUSHI,2024-11-10,C - Crucial,43.67478,-79.38825,Store potentially hazardous foods at internal temperature between 4 C and 60 C - Sec. 27(1)
PHILTHY PHILLY'S,2024-11-12,C - Crucial,43.72874,-79.40289,Fail to protect food from contamination or adulteration - Sec. 26(1) 
PHILTHY PHILLY'S,2024-11-12,C - Crucial,43.72874,-79.40289,Fail to ensure food handler in food premise washes hands as necessary to prevent contamination of food - Sec. 33(1)(e) 
SHAWARMA GRILL,2024-11-09,C - Crucial,43.74838,-79.47911,Maintain potentially hazardous foods at internal temperature between 4 C and 60 C -  Sec. 27(1)
SUBWAY,2024-11-12,C - Crucial,43.7091,-79.47642,Fail to process food in manner safe to eat - Sec. 26(2)
SUSHIMOTO RESTAURANT & BAR,2024-11-12,C - Crucial,43.76402,-79.41128,Fail to ensure food handler in food premise washes hands as necessary to prevent contamination of food - Sec. 33(1)(e) 
SUSHIMOTO RESTAURANT & BAR,2024-11-12,C - Crucial,43.76402,-79.41128,Fail to protect food from contamination or adulteration - Sec. 26(1) 
TRATTORIA DI PARMA,2024-11-08,C - Crucial,43.67936,-79.34162,Store potentially hazardous foods at internal temperature between 4 C and 60 C - Sec. 27(1)
TRATTORIA DI PARMA,2024-11-08,C - Crucial,43.67936,-79.34162,Store ice in unsanitary manner - Sec.  26(5) 
Bindaz Biryanis,2024-11-14,C - Crucial,43.70803,-79.39345,Maintain potentially hazardous foods at internal temperature between 4 C and 60 C -  Sec. 27(1)
SUBWAY,2024-11-14,C - Crucial,43.7091,-79.47642,Food premise maintained in manner permitting health hazard (Sewage) - Sec. 7(1)(a)(i)    
SUNNYSIDE GRILL,2024-11-14,C - Crucial,43.67784,-79.4447,Store ice in unsanitary manner - Sec.  26(5) 
THE BULL BBQ PIT,2024-11-14,C - Crucial,43.67787,-79.44463,Fail to protect food from contamination or adulteration - Sec. 26(1) 
THE BULL BBQ PIT,2024-11-14,C - Crucial,43.67787,-79.44463,Store ice in unsanitary manner - Sec.  26(5) 
ALI BABA'S MIDDLE EASTERN CUISINE,2024-11-15,C - Crucial,43.65114,-79.47727,Fail to protect food from contamination or adulteration - Sec. 26(1) 
ALI BABA'S MIDDLE EASTERN CUISINE,2024-11-15,C - Crucial,43.65114,-79.47727,Food premise maintained in manner to permit contamination of single-service containers - Sec. 7(1)(h)  
ECHO SUSHI,2024-11-14,C - Crucial,43.70127,-79.39753,Fail to protect food from contamination or adulteration - Sec. 26(1) 
TOGO CAFE,2024-11-15,C - Crucial,43.66565,-79.38674,Fail to protect food from contamination or adulteration - Sec. 26(1) 
CAFE ROUGE PATISSERIE,2024-11-18,C - Crucial,43.64869,-79.50643,Fail to protect food from contamination or adulteration - Sec. 26(1) 
CASA LOMA CAFE,2024-11-18,C - Crucial,43.67812,-79.40953,Maintain potentially hazardous foods at internal temperature between 4 C and 60 C -  Sec. 27(1)
CASA LOMA CAFE,2024-11-18,C - Crucial,43.67812,-79.40953,Fail to protect food from contamination or adulteration - Sec. 26(1) 
ELMER'S FINE FOODS,2024-11-18,C - Crucial,43.68868,-79.34832,Fail to protect food from contamination or adulteration - Sec. 26(1) 
ELMER'S FINE FOODS,2024-11-18,C - Crucial,43.68868,-79.34832,Store potentially hazardous foods at internal temperature between 4 C and 60 C - Sec. 27(1)
GH NOODLE,2024-11-16,C - Crucial,43.66565,-79.38674,Fail to protect food from contamination or adulteration - Sec. 26(1) 
HELLO PHO,2024-11-18,C - Crucial,43.71693,-79.44743,Maintain potentially hazardous foods at internal temperature between 4 C and 60 C -  Sec. 27(1)
HELLO PHO,2024-11-18,C - Crucial,43.71693,-79.44743,Fail to protect food from contamination or adulteration - Sec. 26(1) 
HELLO PHO,2024-11-18,C - Crucial,43.71693,-79.44743,Fail to ensure food handler in food premise washes hands as necessary to prevent contamination of food - Sec. 33(1)(e) 
JOHNNY'S TOP DOG  # 1315,2024-11-15,C - Crucial,43.65351,-79.38411,Fail to protect food from contamination or adulteration - Sec. 26(1) 
LUCKY CHINESE RESTAURANT,2024-11-19,C - Crucial,43.7625,-79.21424,Fail to protect food from contamination or adulteration - Sec. 26(1) 
LUCKY CHINESE RESTAURANT,2024-11-19,C - Crucial,43.7625,-79.21424,Food premise maintained in manner to permit contamination of single-service containers - Sec. 7(1)(h)  
PARAMOUNT FINE FOODS,2024-11-19,C - Crucial,43.64528,-79.38049,Refrigerate potentially hazardous foods at internal temperature above 4 C - Sec. 30(a)
PARAMOUNT FINE FOODS,2024-11-19,C - Crucial,43.64528,-79.38049,Fail to protect food from contamination or adulteration - Sec. 26(1) 
THE SPICY GRILL,2024-11-15,C - Crucial,43.69266,-79.28311,Hot-holding potentially hazardous foods at internal temperature below 60 C - Sec. 30(a)
ALLADIN CHICKEN SHAWARMA,2024-11-20,C - Crucial,43.79855,-79.31837,Maintain potentially hazardous foods at internal temperature between 4 C and 60 C -  Sec. 27(1)
ALLADIN CHICKEN SHAWARMA,2024-11-20,C - Crucial,43.79855,-79.31837,Fail to protect food from contamination or adulteration - Sec. 26(1) 
ASIAN GOURMET,2024-11-20,C - Crucial,43.71693,-79.44743,Fail to protect food from contamination or adulteration - Sec. 26(1) 
ASIAN GOURMET,2024-11-20,C - Crucial,43.71693,-79.44743,Fail to ensure food handler in food premise washes hands as necessary to prevent contamination of food - Sec. 33(1)(e) 
ASIAN GOURMET,2024-11-20,C - Crucial,43.71693,-79.44743,Maintain potentially hazardous foods at internal temperature between 4 C and 60 C -  Sec. 27(1)
CONGEE QUEEN,2024-11-20,C - Crucial,43.73577,-79.34751,Maintain potentially hazardous foods at internal temperature between 4 C and 60 C -  Sec. 27(1)
CONGEE QUEEN,2024-11-20,C - Crucial,43.73577,-79.34751,Fail to ensure food handler in food premise washes hands as necessary to prevent contamination of food - Sec. 33(1)(e) 
CONGEE QUEEN,2024-11-20,C - Crucial,43.73577,-79.34751,Fail to protect food from contamination or adulteration - Sec. 26(1) 
HAKKA NO.1 RESTAURANT,2024-11-19,C - Crucial,43.74876,-79.56153,Fail to protect food from contamination or adulteration - Sec. 26(1) 
HAKKA NO.1 RESTAURANT,2024-11-19,C - Crucial,43.74876,-79.56153,Fail to ensure food handler in food premise washes hands as necessary to prevent contamination of food - Sec. 33(1)(e) 
LOBSTER BURGER BAR,2024-11-19,C - Crucial,43.64743,-79.38677,Fail to protect food from contamination or adulteration - Sec. 26(1) 
NORLING,2024-11-20,C - Crucial,43.64023,-79.43842,Fail to protect food from contamination or adulteration - Sec. 26(1) 
PIK THAI RESTAURANT,2024-11-20,C - Crucial,43.6517,-79.45124,Store potentially hazardous foods at internal temperature between 4 C and 60 C - Sec. 27(1)
POPULAR CHINESE DINER,2024-11-19,C - Crucial,43.68368,-79.39253,Food premise maintained in manner permitting adverse effect on food - Sec. 7(1)(a)(iii) 
MADINAH PREMIUM GRILL,2024-11-20,C - Crucial,43.69447,-79.2752,Fail to protect food from contamination or adulteration - Sec. 26(1) 
MADINAH PREMIUM GRILL,2024-11-20,C - Crucial,43.69447,-79.2752,Fail to ensure food handler in food premise washes hands as necessary to prevent contamination of food - Sec. 33(1)(e) 
TZATZIKI MACCHIATO,2024-11-20,C - Crucial,43.68377,-79.34643,Fail to ensure food handler in food premise refrains from conduct that could result in contamination of food - Sec. 33(1)(h) 
AH-SO SUSHI,2024-11-21,C - Crucial,43.65767,-79.32973,Store potentially hazardous foods at internal temperature between 4 C and 60 C - Sec. 27(1)
AH-SO SUSHI,2024-11-21,C - Crucial,43.65767,-79.32973,Fail to protect food from contamination or adulteration - Sec. 26(1) 
BUTTER CHICKEN ROTI,2024-11-21,C - Crucial,43.77775,-79.3445,Fail to process food in manner safe to eat - Sec. 26(2)
CHIANG RAI,2024-11-22,C - Crucial,43.73643,-79.42051,Refrigerate potentially hazardous foods at internal temperature above 4 C - Sec. 30(a)
CHIANG RAI,2024-11-22,C - Crucial,43.73643,-79.42051,Store potentially hazardous foods at internal temperature between 4 C and 60 C - Sec. 27(1)
CURRY KITCHEN PLUS FALAFEL HOUSE,2024-11-21,C - Crucial,43.65666,-79.37576,Refrigerate potentially hazardous foods at internal temperature above 4 C - Sec. 30(a)
FARM BOY,2024-11-21,C - Crucial,43.65798,-79.32992,Offer for sale potentially hazardous foods at internal temperature between 4 C and 60 C - Sec. 27(1)
FARM BOY,2024-11-21,C - Crucial,43.65798,-79.32992,Fail to protect food from contamination or adulteration - Sec. 26(1) 
INVICTUS GAME STATION,2024-11-22,C - Crucial,43.76429,-79.40019,Fail to ensure food handler in food premise washes hands as necessary to prevent contamination of food - Sec. 33(1)(e) 
INVICTUS GAME STATION,2024-11-22,C - Crucial,43.76429,-79.40019,Fail to protect food from contamination or adulteration - Sec. 26(1) 
INVICTUS GAME STATION,2024-11-22,C - Crucial,43.76429,-79.40019,Store potentially hazardous foods at internal temperature between 4 C and 60 C - Sec. 27(1)
M WELLNEZZ KITCHEN,2024-11-21,C - Crucial,43.76096,-79.56737,Store potentially hazardous foods at internal temperature between 4 C and 60 C - Sec. 27(1)
M WELLNEZZ KITCHEN,2024-11-21,C - Crucial,43.76096,-79.56737,Fail to protect food from contamination or adulteration - Sec. 26(1) 
MEDINA SPICE,2024-11-22,C - Crucial,43.70064,-79.51804,Fail to ensure storage pallets designed to protect against contamination - Sec. 31
MEDINA SPICE,2024-11-22,C - Crucial,43.70064,-79.51804,Fail to protect food from contamination or adulteration - Sec. 26(1) 
PAT GARDEN MARKET,2024-11-21,C - Crucial,43.76452,-79.40985,Maintain potentially hazardous foods at internal temperature between 4 C and 60 C -  Sec. 27(1)
PITA LAND,2024-11-22,C - Crucial,43.71693,-79.44743,Fail to ensure food handler in food premise washes hands as necessary to prevent contamination of food - Sec. 33(1)(e) 
SO'S FAST KITCHEN,2024-11-21,C - Crucial,43.79855,-79.31837,Food premise maintained in manner permitting adverse effect on food - Sec. 7(1)(a)(iii) 
TASTE OF MANDURAI,2024-11-21,C - Crucial,43.82346,-79.25123,Fail to protect food from contamination or adulteration - Sec. 26(1) 
7 WEST CAFE,2024-11-25,C - Crucial,43.6685,-79.38669,Store potentially hazardous foods at internal temperature between 4 C and 60 C - Sec. 27(1)
EL SAZON MEXICANO,2024-11-25,C - Crucial,43.67732,-79.44727,Refrigerate potentially hazardous foods at internal temperature above 4 C - Sec. 30(a)
EL SAZON MEXICANO,2024-11-25,C - Crucial,43.67732,-79.44727,Operate food premise --- hot-holding equipment for potentially hazardous foods not of sufficient size - Sec. 30(a)
EL SAZON MEXICANO,2024-11-25,C - Crucial,43.67732,-79.44727,Store ice in unsanitary manner - Sec.  26(5) 
SOPHIE`S SPORTS BAR & GRILL,2024-11-25,C - Crucial,43.69296,-79.33448,Store ice in unsanitary manner - Sec.  26(5) 
SORA,2024-11-22,C - Crucial,43.6822,-79.32795,Store potentially hazardous foods at internal temperature between 4 C and 60 C - Sec. 27(1)
SORA,2024-11-22,C - Crucial,43.6822,-79.32795,Fail to ensure food handler in food premise refrains from conduct that could result in contamination of food areas - Sec. 33(1)(h) 
TACORRITO AND HURRY CURRY,2024-11-25,C - Crucial,43.75802,-79.4654,Fail to process food in manner safe to eat - Sec. 26(2)
TACORRITO AND HURRY CURRY,2024-11-25,C - Crucial,43.75802,-79.4654,Maintain potentially hazardous foods at internal temperature between 4 C and 60 C -  Sec. 27(1)
TACORRITO AND HURRY CURRY,2024-11-25,C - Crucial,43.75802,-79.4654,Fail to ensure food handler in food premise washes hands as necessary to prevent contamination of food - Sec. 33(1)(e) 
A.C. RANCH CAFFE,2024-11-26,C - Crucial,43.67785,-79.44478,Store ice in unsanitary manner - Sec.  26(5) 
DARNA,2024-11-26,C - Crucial,43.70653,-79.37519,Fail to protect food from contamination or adulteration - Sec. 26(1) 
DARNA,2024-11-26,C - Crucial,43.70653,-79.37519,Maintain potentially hazardous foods at internal temperature between 4 C and 60 C -  Sec. 27(1)
ASIA DELIGHT,2024-11-26,C - Crucial,43.7571,-79.31241,Fail to protect food from contamination or adulteration - Sec. 26(1) 
SHAHI RASOI,2024-11-26,C - Crucial,43.7571,-79.31241,Food premise maintained in manner to permit contamination of single-service articles - Sec. 7(1)(h)  
DARNA,2024-11-28,C - Crucial,43.70653,-79.37519,Fail to protect food from contamination or adulteration - Sec. 26(1) 
GLENDALE HOUSE,2024-11-27,C - Crucial,43.64137,-79.45104,Fail to process food in manner safe to eat - Sec. 26(2)
Naan and Kabob,2024-11-28,C - Crucial,43.77629,-79.25802,Refrigerate potentially hazardous foods at internal temperature above 4 C - Sec. 30(a)
PHO DAU BO,2024-11-27,C - Crucial,43.76155,-79.22421,Food premise maintained in manner to permit contamination of single-service containers - Sec. 7(1)(h)  
PHO DAU BO,2024-11-27,C - Crucial,43.76155,-79.22421,Fail to protect food from contamination or adulteration - Sec. 26(1) 
YONGE STREET GOURMET,2024-11-27,C - Crucial,43.70535,-79.39836,Store potentially hazardous foods at internal temperature between 4 C and 60 C - Sec. 27(1)
ZZAVIA,2024-11-28,C - Crucial,43.70618,-79.37506,Refrigerate potentially hazardous foods at internal temperature above 4 C - Sec. 30(a)
ZZAVIA,2024-11-28,C - Crucial,43.70618,-79.37506,Fail to ensure food handler in food premise washes hands as necessary to prevent contamination of food - Sec. 33(1)(e) 
COLUMBUS CAFE & CO,2024-11-28,C - Crucial,43.64774,-79.38994,Fail to protect food from contamination or adulteration - Sec. 26(1) 
FAMILY FOOD MARKET,2024-11-29,C - Crucial,43.64905,-79.37177,Fail to ensure food handler in food premise washes hands as necessary to prevent contamination of food - Sec. 33(1)(e) 
FAMILY FOOD MARKET,2024-11-29,C - Crucial,43.64905,-79.37177,Display potentially hazardous foods at internal temperature between 4 C and 60 C - Sec. 27(1)
KERALA KITCHEN,2024-11-29,C - Crucial,43.78036,-79.2989,Maintain potentially hazardous foods at internal temperature between 4 C and 60 C -  Sec. 27(1)
RUTH'S CATERING & TAKEOUT,2024-11-28,C - Crucial,43.73234,-79.27001,Food premise maintained in manner permitting adverse effect on food - Sec. 7(1)(a)(iii) 
RUTH'S CATERING & TAKEOUT,2024-11-28,C - Crucial,43.73234,-79.27001,Fail to protect food from contamination or adulteration - Sec. 26(1) 
VAGABONDO RESTO BAR,2024-11-28,C - Crucial,43.64367,-79.39002,Store potentially hazardous foods at internal temperature between 4 C and 60 C - Sec. 27(1)
VAGABONDO RESTO BAR,2024-11-28,C - Crucial,43.64367,-79.39002,Fail to protect food from contamination or adulteration - Sec. 26(1) 
AISH TANOOR,2024-12-02,C - Crucial,43.70038,-79.42955,Food premise maintained in manner permitting adverse effect on food - Sec. 7(1)(a)(iii) 
Allstar Wings & Ribs,2024-12-02,C - Crucial,43.77365,-79.25135,Refrigerate potentially hazardous foods at internal temperature above 4 C - Sec. 30(a)
LITTLE PEBBLES,2024-12-02,C - Crucial,43.65604,-79.41134,Fail to protect food from contamination or adulteration - Sec. 26(1) 
SHAHEEN TIKKA KABAB HOUSE,2024-12-02,C - Crucial,43.71355,-79.3356,Fail to ensure food handler in food premise washes hands as necessary to prevent contamination of food - Sec. 33(1)(e) 
SHAHEEN TIKKA KABAB HOUSE,2024-12-02,C - Crucial,43.71355,-79.3356,Fail to protect food from contamination or adulteration - Sec. 26(1) 
ELFS STUCCO EMPLOYERS SOCIETY,2024-12-03,C - Crucial,43.76357,-79.48945,Refrigerate potentially hazardous foods at internal temperature above 4 C - Sec. 30(a)
PIZZA PIZZA,2024-12-03,C - Crucial,43.67597,-79.35889,Store potentially hazardous foods at internal temperature between 4 C and 60 C - Sec. 27(1)
TUTTO PRONTO,2024-12-03,C - Crucial,43.7054,-79.37477,Refrigerate potentially hazardous foods at internal temperature above 4 C - Sec. 30(a)
BIRYANIS AND MORE,2024-12-04,C - Crucial,43.77425,-79.32244,Maintain potentially hazardous foods at internal temperature between 4 C and 60 C -  Sec. 27(1)
SKCOOKKS,2024-12-04,C - Crucial,43.63961,-79.42213,Store potentially hazardous foods at internal temperature between 4 C and 60 C - Sec. 27(1)
THE GREAT CANADIAN BAGEL,2024-12-04,C - Crucial,43.64873,-79.38376,Fail to ensure food handler in food premise washes hands as necessary to prevent contamination of food - Sec. 33(1)(e) 
The Jerk Box,2024-12-04,C - Crucial,43.70264,-79.50409,Food premise maintained in manner permitting health hazard (Insects) - Sec. 7(1)(a)(i)    
The Jerk Box,2024-12-04,C - Crucial,43.70264,-79.50409,Fail to protect food from contamination or adulteration - Sec. 26(1) 
JACE PINOY 2,2024-12-04,C - Crucial,43.72621,-79.48297,Maintain potentially hazardous foods at internal temperature between 4 C and 60 C -  Sec. 27(1)
JACE PINOY 2,2024-12-04,C - Crucial,43.72621,-79.48297,Fail to ensure food handler in food premise washes hands as necessary to prevent contamination of food - Sec. 33(1)(e) 
MISTER FRESH,2024-12-05,C - Crucial,43.6658,-79.47209,Fail to protect food from contamination or adulteration - Sec. 26(1) 
MISTER FRESH,2024-12-05,C - Crucial,43.6658,-79.47209,"Fail to subject meat products to process to destroy bacteria, parasites and other forms of contamination - Sec. 36(1)  "
MISTER FRESH,2024-12-05,C - Crucial,43.6658,-79.47209,Hot-holding potentially hazardous foods at internal temperature below 60 C - Sec. 30(a)
SUBWAY,2024-12-04,C - Crucial,43.73016,-79.40323,Fail to ensure food handler in food premise washes hands as necessary to prevent contamination of food - Sec. 33(1)(e) 
SUVAIYAKAM RESTAURANT,2024-12-05,C - Crucial,43.79956,-79.30685,Food premise maintained in manner permitting adverse effect on food - Sec. 7(1)(a)(iii) 
CHACHU'S,2024-12-06,C - Crucial,43.74773,-79.34875,Fail to ensure food handler in food premise washes hands as necessary to prevent contamination of food - Sec. 33(1)(e) 
GRAND ONE,2024-12-06,C - Crucial,43.74773,-79.34875,Fail to ensure food handler in food premise refrains from conduct that could result in contamination of food - Sec. 33(1)(h) 
WING LAB,2024-12-06,C - Crucial,43.65993,-79.47977,Fail to maintain records of food purchased  - Sec. 29(2)  
THE GREAT CANADIAN BAGEL,2024-12-09,C - Crucial,43.64873,-79.38376,Food premise maintained in manner permitting health hazard (Insects) - Sec. 7(1)(a)(i)    
THE GREAT CANADIAN BAGEL,2024-12-09,C - Crucial,43.64873,-79.38376,Fail to protect food from contamination or adulteration - Sec. 26(1) 
BATALA SUPERMARKET,2024-12-10,C - Crucial,43.74371,-79.21952,Fail to protect food from contamination or adulteration - Sec. 26(1) 
MONKEY SUSHI,2024-12-10,C - Crucial,43.70016,-79.4536,Store potentially hazardous foods at internal temperature between 4 C and 60 C - Sec. 27(1)
MONKEY SUSHI,2024-12-10,C - Crucial,43.70016,-79.4536,Fail to ensure food handler in food premise washes hands as necessary to prevent contamination of food - Sec. 33(1)(e) 
Pariwar Restaurant,2024-12-09,C - Crucial,43.74267,-79.30865,Fail to protect food from contamination or adulteration - Sec. 26(1) 
Pariwar Restaurant,2024-12-09,C - Crucial,43.74267,-79.30865,Food premise maintained in manner permitting adverse effect on food - Sec. 7(1)(a)(iii) 
BARBURRITO,2024-12-10,C - Crucial,43.66003,-79.38224,Food premise maintained in manner permitting health hazard - Sec. 7(1)(a)(i)    
FRIDAY BURGER COMPANY,2024-12-11,C - Crucial,43.68638,-79.31066,Store potentially hazardous foods at internal temperature between 4 C and 60 C - Sec. 27(1)
GLEAM & SIP,2024-12-11,C - Crucial,43.67505,-79.40569,Fail to ensure room kept free from live birds or animals - Sec. 14(1)
LONG GUI BBQ HOUSE,2024-12-11,C - Crucial,43.79956,-79.30685,Maintain potentially hazardous foods at internal temperature between 4 C and 60 C -  Sec. 27(1)
MILLWOOD BREAD & BUTTER,2024-12-11,C - Crucial,43.7016,-79.38713,Display potentially hazardous foods at internal temperature between 4 C and 60 C - Sec. 27(1)
PHOENIX PAN ASIAN CUISINE,2024-12-10,C - Crucial,43.74615,-79.20982,Fail to protect food from contamination or adulteration - Sec. 26(1) 
PIZZA CAFE,2024-12-11,C - Crucial,43.73798,-79.43463,Store potentially hazardous foods at internal temperature between 4 C and 60 C - Sec. 27(1)
FRED VICTOR - FOOD SERVICES,2024-12-12,C - Crucial,43.66103,-79.36504,Fail to protect food from contamination or adulteration - Sec. 26(1) 
PRIVILEGE T.O,2024-12-12,C - Crucial,43.6823,-79.32758,Store ice in unsanitary manner - Sec.  26(5) 
Taste Good B.B.Q.,2024-12-13,C - Crucial,43.7866,-79.27599,Maintain potentially hazardous foods at internal temperature between 4 C and 60 C -  Sec. 27(1)
VIVO PIZZA + PASTA,2024-12-12,C - Crucial,43.65407,-79.46292,Fail to protect food from contamination or adulteration - Sec. 26(1) 
VIVO PIZZA + PASTA,2024-12-12,C - Crucial,43.65407,-79.46292,Store ice in unsanitary manner - Sec.  26(5) 
One Plus One,2024-12-13,C - Crucial,43.82188,-79.29921,Fail to protect food from contamination or adulteration - Sec. 26(1) 
STELLA'S KITCHEN,2024-12-16,C - Crucial,43.67581,-79.4039,Store potentially hazardous foods at internal temperature between 4 C and 60 C - Sec. 27(1)
WATAN PIZZA,2023-08-14,C - Crucial,43.70779,-79.34348,Refrigerate potentially hazardous foods at internal temperature above 4 C - Sec. 30(a)
WATAN PIZZA,2023-08-14,C - Crucial,43.70779,-79.34348,Store potentially hazardous foods at internal temperature between 4 C and 60 C - Sec. 27(1)
WATAN PIZZA,2024-02-09,C - Crucial,43.70779,-79.34348,Store potentially hazardous foods at internal temperature between 4 C and 60 C - Sec. 27(1)
WATAN PIZZA,2024-02-09,C - Crucial,43.70779,-79.34348,Refrigerate potentially hazardous foods at internal temperature above 4 C - Sec. 30(a)
KING GEORGE'S ARM,2024-12-16,C - Crucial,43.77185,-79.32097,Maintain potentially hazardous foods at internal temperature between 4 C and 60 C -  Sec. 27(1)
DESI TADKAA,2024-12-18,C - Crucial,43.75174,-79.51594,Fail to ensure food handler in food premise refrains from conduct that could result in contamination of food - Sec. 33(1)(h) 
YUMMY TUMMY,2024-12-18,C - Crucial,43.69506,-79.45415,Fail to ensure food handler in food premise washes hands as necessary to prevent contamination of food - Sec. 33(1)(e) 
CE QUE SABE,2024-12-19,C - Crucial,43.68241,-79.47111,Store potentially hazardous foods at internal temperature between 4 C and 60 C - Sec. 27(1)
CHASKA INDIAN STREET FOOD,2024-12-19,C - Crucial,43.64558,-79.36867,Fail to protect food from contamination or adulteration - Sec. 26(1) 
MARRY ME MACHI,2024-12-19,C - Crucial,43.72608,-79.45147,Fail to ensure food handler in food premise washes hands as necessary to prevent contamination of food - Sec. 33(1)(e) 
YOGAS,2024-12-20,C - Crucial,43.73,-79.26702,Fail to protect food from contamination or adulteration - Sec. 26(1) 
MELEWA BAKERY,2024-12-23,C - Crucial,43.80385,-79.29609,Fail to protect food from contamination or adulteration - Sec. 26(1) 
NEW HONG FATT BBQ RESTAURANT,2024-12-30,C - Crucial,43.65329,-79.39598,Display potentially hazardous foods at internal temperature between 4 C and 60 C - Sec. 27(1)
FARM FRESH SUPERMARKET,2024-12-31,C - Crucial,43.78898,-79.26686,Fail to protect food from contamination or adulteration - Sec. 26(1) 
FARM FRESH SUPERMARKET,2024-12-31,C - Crucial,43.78898,-79.26686,Fail to ensure food handler in food premise washes hands as necessary to prevent contamination of food areas - Sec.  33(1)(e)
KABALEN,2024-12-31,C - Crucial,43.73808,-79.43467,Maintain potentially hazardous foods at internal temperature between 4 C and 60 C -  Sec. 27(1)
ASIA FOOD MART,2025-01-03,C - Crucial,43.8144,-79.29644,Maintain potentially hazardous foods at internal temperature between 4 C and 60 C -  Sec. 27(1)
CHURCH'S CHICKEN,2025-01-03,C - Crucial,43.67773,-79.4432,Fail to protect food from contamination or adulteration - Sec. 26(1) 
DRUXY'S,2025-01-03,C - Crucial,43.65612,-79.3904,Maintain potentially hazardous foods at internal temperature between 4 C and 60 C -  Sec. 27(1)
LEELA INDIAN FOOD BAR,2025-01-02,C - Crucial,43.67197,-79.32438,Fail to protect food from contamination or adulteration - Sec. 26(1) 
MIRAGE BANQUET AND CONVENTION CENTRE,2025-01-03,C - Crucial,43.74615,-79.61932,Fail to protect food from contamination or adulteration - Sec. 26(1) 
TONIA'S KITCHEN,2025-01-03,C - Crucial,43.76333,-79.49967,Fail to ensure food handler in food premise washes hands as necessary to prevent contamination of food - Sec. 33(1)(e) 
TONIA'S KITCHEN,2025-01-03,C - Crucial,43.76333,-79.49967,Fail to protect food from contamination or adulteration - Sec. 26(1) 
TONIA'S KITCHEN,2025-01-03,C - Crucial,43.76333,-79.49967,Maintain potentially hazardous foods at internal temperature between 4 C and 60 C -  Sec. 27(1)
CECIL COMMUNITY CENTRE,2025-01-06,C - Crucial,43.65647,-79.39859,Fail to protect food from contamination or adulteration - Sec. 26(1) 
Crown Jewel Fine Dining,2025-01-06,C - Crucial,43.81507,-79.32185,Food premise maintained in manner permitting adverse effect on food - Sec. 7(1)(a)(iii) 
PHILTHY PHILLY'S,2025-01-06,C - Crucial,43.68285,-79.59328,Store potentially hazardous foods at internal temperature between 4 C and 60 C - Sec. 27(1)
TACORRITO AND HURRY CURRY,2025-01-06,C - Crucial,43.75802,-79.4654,Refrigerate potentially hazardous foods at internal temperature above 4 C - Sec. 30(a)
TACORRITO AND HURRY CURRY,2025-01-06,C - Crucial,43.75802,-79.4654,Maintain potentially hazardous foods at internal temperature between 4 C and 60 C -  Sec. 27(1)
TACORRITO AND HURRY CURRY,2025-01-06,C - Crucial,43.75802,-79.4654,Fail to protect food from contamination or adulteration - Sec. 26(1) 
TACORRITO AND HURRY CURRY,2025-01-06,C - Crucial,43.75802,-79.4654,Fail to ensure food handler in food premise washes hands as necessary to prevent contamination of food - Sec. 33(1)(e) 
GALE'S SNACK BAR,2025-01-07,C - Crucial,43.65817,-79.33902,Food premise maintained in manner permitting adverse effect on food - Sec. 7(1)(a)(iii) 
SCARBOROUGH RETIREMENT RESIDENCE,2025-01-07,C - Crucial,43.74091,-79.21868,Fail to protect food from contamination or adulteration - Sec. 26(1) 
ZIPPY MARKET,2025-01-07,C - Crucial,43.72373,-79.44584,Store potentially hazardous foods at internal temperature between 4 C and 60 C - Sec. 27(1)
ZIPPY MARKET,2025-01-07,C - Crucial,43.72373,-79.44584,Sell potentially hazardous foods at internal temperature between 4 C and 60 C - Sec. 27(1)
HASTY MARKET,2025-01-08,C - Crucial,43.65617,-79.39024,Fail to protect food from contamination or adulteration - Sec. 26(1) 
DULCE MOMENTOS,2025-01-09,C - Crucial,43.67381,-79.46288,Fail to ensure storage racks designed to protect against contamination - Sec. 31
JOLLIBEE,2025-01-09,C - Crucial,43.73311,-79.45212,Store potentially hazardous foods at internal temperature between 4 C and 60 C - Sec. 27(1)
PITA AND PEROGY ON BLOOR,2025-01-10,C - Crucial,43.65635,-79.45377,Fail to protect food from contamination or adulteration - Sec. 26(1) 
TAQUERIA EL PASTORCITO,2025-01-10,C - Crucial,43.67814,-79.44358,Store potentially hazardous foods at internal temperature between 4 C and 60 C - Sec. 27(1)
KABUL MAZAAR,2025-01-11,C - Crucial,43.74259,-79.60537,Store potentially hazardous foods at internal temperature between 4 C and 60 C - Sec. 27(1)
KOT MORISIEN,2025-01-11,C - Crucial,43.74259,-79.60537,Store potentially hazardous foods at internal temperature between 4 C and 60 C - Sec. 27(1)
LITTLE BASKET GROCERY + CONVENIENCE,2025-01-13,C - Crucial,43.63548,-79.39877,Store potentially hazardous foods at internal temperature between 4 C and 60 C - Sec. 27(1)
TRILLIUM,2025-01-14,C - Crucial,43.63374,-79.42937,Refrigerate potentially hazardous foods at internal temperature above 4 C - Sec. 30(a)
VILLA MADINA,2025-01-14,C - Crucial,43.61265,-79.55597,Fail to process food in manner safe to eat - Sec. 26(2)
FORTINO'S,2025-01-15,C - Crucial,43.71693,-79.44743,Sell potentially hazardous foods at internal temperature between 4 C and 60 C - Sec. 27(1)
FORTINO'S,2025-01-15,C - Crucial,43.71693,-79.44743,Fail to ensure food handler in food premise washes hands as necessary to prevent contamination of food - Sec. 33(1)(e) 
MEIWEIJI,2025-01-15,C - Crucial,43.77512,-79.41383,Maintain potentially hazardous foods at internal temperature between 4 C and 60 C -  Sec. 27(1)
QIN'S GARDEN,2025-01-15,C - Crucial,43.65712,-79.39979,Fail to protect food from contamination or adulteration - Sec. 26(1) 
CURRY KITCHEN PLUS FALAFEL HOUSE,2025-01-15,C - Crucial,43.65666,-79.37576,Fail to protect food from contamination or adulteration - Sec. 26(1) 
CURRY KITCHEN PLUS FALAFEL HOUSE,2025-01-15,C - Crucial,43.65666,-79.37576,Maintain potentially hazardous foods at internal temperature between 4 C and 60 C -  Sec. 27(1)
DOSABOYZ HAKKABOYZ,2025-01-17,C - Crucial,43.77421,-79.28292,Maintain potentially hazardous foods at internal temperature between 4 C and 60 C -  Sec. 27(1)
DOSABOYZ HAKKABOYZ,2025-01-17,C - Crucial,43.77421,-79.28292,Fail to protect food from contamination or adulteration - Sec. 26(1) 
MOTO VIA AVENUE,2025-01-20,C - Crucial,43.72338,-79.41638,Offer for sale potentially hazardous foods at internal temperature between 4 C and 60 C - Sec. 27(1)
MOTO VIA AVENUE,2025-01-20,C - Crucial,43.72338,-79.41638,Fail to ensure food handler in food premise washes hands as necessary to prevent contamination of food - Sec. 33(1)(e) 
SAVOURY SAMOSA,2025-01-20,C - Crucial,43.74773,-79.34875,Store potentially hazardous foods at internal temperature between 4 C and 60 C - Sec. 27(1)
MOTI-MAHAL,2025-01-21,C - Crucial,43.67239,-79.32269,Food premise maintained in manner permitting adverse effect on food - Sec. 7(1)(a)(iii) 
SAIGONESE VIET KITCHEN,2025-01-21,C - Crucial,43.75685,-79.51714,Maintain potentially hazardous foods at internal temperature between 4 C and 60 C -  Sec. 27(1)
SAIGONESE VIET KITCHEN,2025-01-21,C - Crucial,43.75685,-79.51714,Fail to protect food from contamination or adulteration - Sec. 26(1) 
PIZZAVILLE,2025-01-23,C - Crucial,43.65493,-79.45886,Fail to protect food from contamination or adulteration - Sec. 26(1) 
DONG KEE CHINESE RESTAURANT,2025-01-24,C - Crucial,43.81941,-79.29475,Food premise maintained in manner permitting adverse effect on food - Sec. 7(1)(a)(iii) 
DONG KEE CHINESE RESTAURANT,2025-01-24,C - Crucial,43.81941,-79.29475,Fail to protect food from contamination or adulteration - Sec. 26(1) 
FARM BOY,2025-01-24,C - Crucial,43.67154,-79.42393,Fail to ensure storage shelves designed to protect against contamination - Sec. 31
GOLDEN FRESH MARKET,2025-01-24,C - Crucial,43.73988,-79.51305,Maintain potentially hazardous foods at internal temperature between 4 C and 60 C -  Sec. 27(1)
GOLDEN FRESH MARKET,2025-01-24,C - Crucial,43.73988,-79.51305,Store potentially hazardous foods at internal temperature between 4 C and 60 C - Sec. 27(1)
MAKKAH RESTAURANT,2025-01-24,C - Crucial,43.68083,-79.3367,Store potentially hazardous foods at internal temperature between 4 C and 60 C - Sec. 27(1)
MAKKAH RESTAURANT,2025-01-24,C - Crucial,43.68083,-79.3367,Fail to protect food from contamination or adulteration - Sec. 26(1) 
THE BURGER BROS,2025-01-24,C - Crucial,43.68087,-79.33655,Fail to protect food from contamination or adulteration - Sec. 26(1) 
CHURCH'S TEXAS CHICKEN,2025-01-27,C - Crucial,43.74383,-79.48656,Food premise maintained in manner to permit contamination of single-service articles - Sec. 7(1)(h)  
HASTY MARKET,2025-01-27,C - Crucial,43.65617,-79.39024,Fail to protect food from contamination or adulteration - Sec. 26(1) 
ISLAND STYLE RESTAURANT AND BAR,2025-01-29,C - Crucial,43.74342,-79.28284,Fail to protect food from contamination or adulteration - Sec. 26(1) 
MR. JOHN'S THE REAL KERALA KITCHEN,2025-01-29,C - Crucial,43.75313,-79.27662,Fail to protect food from contamination or adulteration - Sec. 26(1) 
TAROU DON,2025-01-31,C - Crucial,43.82416,-79.30253,Fail to protect food from contamination or adulteration - Sec. 26(1) 
TAROU DON,2025-01-31,C - Crucial,43.82416,-79.30253,Maintain potentially hazardous foods at internal temperature between 4 C and 60 C -  Sec. 27(1)
TAROU DON,2025-01-31,C - Crucial,43.82416,-79.30253,Food premise maintained in manner permitting adverse effect on food - Sec. 7(1)(a)(iii) 
AH-SO SUSHI,2025-02-03,C - Crucial,43.70413,-79.39754,Display potentially hazardous foods at internal temperature between 4 C and 60 C - Sec. 27(1)
CHURCH'S TEXAS CHICKEN,2025-02-03,C - Crucial,43.75851,-79.51944,Fail to protect food from contamination or adulteration - Sec. 26(1) 
PINOY HUB,2025-02-03,C - Crucial,43.796,-79.42306,Fail to ensure food handler in food premise washes hands as necessary to prevent contamination of food areas - Sec.  33(1)(e)
PINOY HUB,2025-02-03,C - Crucial,43.796,-79.42306,Store potentially hazardous foods at internal temperature between 4 C and 60 C - Sec. 27(1)
SIMONE'S CARIBBEAN REST.,2025-02-03,C - Crucial,43.67885,-79.34659,Store ice in unsanitary manner - Sec.  26(5) 
RUMELI,2025-02-04,C - Crucial,43.7755,-79.46956,Refrigerate potentially hazardous foods at internal temperature above 4 C - Sec. 30(a)
RUMELI,2025-02-04,C - Crucial,43.7755,-79.46956,Fail to protect food from contamination or adulteration - Sec. 26(1) 
KIRO SUSHI,2025-02-06,C - Crucial,43.67233,-79.38733,Fail to protect food from contamination or adulteration - Sec. 26(1) 
LULLABOO NURSERY AND CHILDCARE CENTRE - AVENUE CAMPUS,2025-02-05,C - Crucial,43.70966,-79.41056,Fail to ensure food handler in food premise washes hands as necessary to prevent contamination of food areas - Sec.  33(1)(e)
SHAWARMA N' FRIES(HALAL),2025-02-05,C - Crucial,43.70854,-79.29551,Fail to process food in manner safe to eat - Sec. 26(2)
THAY BAR,2025-02-05,C - Crucial,43.66443,-79.41483,Store ice in unsanitary manner - Sec.  26(5) 
SARANG KITCHEN,2025-02-07,C - Crucial,43.67968,-79.34216,Fail to ensure room kept free from live birds or animals - Sec. 14(1)
SARANG KITCHEN,2025-02-07,C - Crucial,43.67968,-79.34216,Fail to protect food from contamination or adulteration - Sec. 26(1) 
SHOPPERS DRUG MART,2025-02-07,C - Crucial,43.63058,-79.48227,Fail to protect food from contamination or adulteration - Sec. 26(1) 
KIBO SUSHI HOUSE,2025-02-10,C - Crucial,43.66567,-79.36852,Store potentially hazardous foods at internal temperature between 4 C and 60 C - Sec. 27(1)
SWATOW RESTAURANT,2025-02-10,C - Crucial,43.65382,-79.39816,Fail to protect food from contamination or adulteration - Sec. 26(1) 
TASTY SLICE PIZZA,2025-02-10,C - Crucial,43.76452,-79.20534,Hot-holding potentially hazardous foods at internal temperature below 60 C - Sec. 30(a)
NAIJA JOLLOF,2025-02-10,C - Crucial,43.64715,-79.40423,Fail to ensure food handler in food premise washes hands as necessary to prevent contamination of food - Sec. 33(1)(e) 
NAIJA JOLLOF,2025-02-10,C - Crucial,43.64715,-79.40423,Fail to protect food from contamination or adulteration - Sec. 26(1) 
NAIJA JOLLOF,2025-02-10,C - Crucial,43.64715,-79.40423,Store potentially hazardous foods at internal temperature between 4 C and 60 C - Sec. 27(1)
NEW SKY RESTAURANT,2025-02-11,C - Crucial,43.65503,-79.39876,Fail to protect food from contamination or adulteration - Sec. 26(1) 
WOK STOP,2025-02-10,C - Crucial,43.72027,-79.51087,Fail to protect food from contamination or adulteration - Sec. 26(1) 
WOK STOP,2025-02-10,C - Crucial,43.72027,-79.51087,Store potentially hazardous foods at internal temperature between 4 C and 60 C - Sec. 27(1)
CALIFORNIA THAI,2025-02-12,C - Crucial,43.65669,-79.38069,Fail to protect food from contamination or adulteration - Sec. 26(1) 
CALIFORNIA THAI,2025-02-12,C - Crucial,43.65669,-79.38069,Fail to ensure food handler in food premise washes hands as necessary to prevent contamination of food - Sec. 33(1)(e) 
KA CHI KOREAN RESTAURANT,2025-02-12,C - Crucial,43.65367,-79.39504,Fail to protect food from contamination or adulteration - Sec. 26(1) 
KA CHI KOREAN RESTAURANT,2025-02-12,C - Crucial,43.65367,-79.39504,Food premise maintained in manner adversely affecting sanitary operation - Sec. 7(1)(a)(ii)
WILD WING,2025-02-12,C - Crucial,43.71996,-79.51214,Fail to ensure food handler in food premise washes hands as necessary to prevent contamination of food - Sec. 33(1)(e) 
WILD WING,2025-02-12,C - Crucial,43.71996,-79.51214,Fail to protect food from contamination or adulteration - Sec. 26(1) 
SHOWTIME BISTRO,2025-02-14,C - Crucial,43.82129,-79.24592,Fail to protect food from contamination or adulteration - Sec. 26(1) 
TAQUERIA EL PASTORCITO,2025-02-14,C - Crucial,43.65985,-79.43685,Fail to ensure storage racks designed to protect against contamination - Sec. 31
TAQUERIA EL PASTORCITO,2025-02-14,C - Crucial,43.65985,-79.43685,Fail to protect food from contamination or adulteration - Sec. 26(1) 
YUNSHANG RICE NOODLE,2025-02-14,C - Crucial,43.65367,-79.39504,Fail to protect food from contamination or adulteration - Sec. 26(1) 
ALI BABA'S,2025-02-19,C - Crucial,43.76937,-79.54873,Maintain potentially hazardous foods at internal temperature between 4 C and 60 C -  Sec. 27(1)
SHOELESS JOE'S,2025-02-19,C - Crucial,43.63882,-79.38561,Store ice in unsanitary manner - Sec.  26(5) 
TZATZIKI MACCHIATO,2025-02-19,C - Crucial,43.68377,-79.34643,Fail to protect food from contamination or adulteration - Sec. 26(1) 
TZATZIKI MACCHIATO,2025-02-19,C - Crucial,43.68377,-79.34643,Store potentially hazardous foods at internal temperature between 4 C and 60 C - Sec. 27(1)
BUTTER CHICKEN ROTI,2025-02-20,C - Crucial,43.77775,-79.3445,Hot-holding potentially hazardous foods at internal temperature below 60 C - Sec. 30(a)
DYNASTY CHINESE CUISINE,2025-02-20,C - Crucial,43.67094,-79.3909,Fail to protect food from contamination or adulteration - Sec. 26(1) 
DYNASTY CHINESE CUISINE,2025-02-20,C - Crucial,43.67094,-79.3909,Fail to ensure storage pallets designed to protect against contamination - Sec. 31
LATE NIGHT PIZZA BY ALY,2025-02-20,C - Crucial,43.75839,-79.22452,Display potentially hazardous foods at internal temperature between 4 C and 60 C - Sec. 27(1)
LATE NIGHT PIZZA BY ALY,2025-02-20,C - Crucial,43.75839,-79.22452,Use equipment not non-toxic in contact with food - Sec. 8(2)(a) 
THAI EXPRESS,2025-02-20,C - Crucial,43.64285,-79.38336,Fail to ensure food handler in food premise washes hands as necessary to prevent contamination of food areas - Sec.  33(1)(e)
ASIAN GOURMET,2025-02-21,C - Crucial,43.71693,-79.44743,Fail to ensure food handler in food premise washes hands as necessary to prevent contamination of food - Sec. 33(1)(e) 
ASIAN GOURMET,2025-02-21,C - Crucial,43.71693,-79.44743,Fail to protect food from contamination or adulteration - Sec. 26(1) 
NOODLEBOX,2025-02-21,C - Crucial,43.73463,-79.53294,Store ice in unsanitary manner - Sec.  26(5) 
NOODLEBOX,2025-02-21,C - Crucial,43.73463,-79.53294,Store potentially hazardous foods at internal temperature between 4 C and 60 C - Sec. 27(1)
CHICKQUEEN,2025-02-24,C - Crucial,43.77362,-79.49214,Fail to ensure food handler in food premise washes hands as necessary to prevent contamination of food - Sec. 33(1)(e) 
CHICKQUEEN,2025-02-24,C - Crucial,43.77362,-79.49214,Fail to process food in manner safe to eat - Sec. 26(2)
CHICKQUEEN,2025-02-24,C - Crucial,43.77362,-79.49214,Fail to protect food from contamination or adulteration - Sec. 26(1) 
CHITOS PIZZA,2025-02-24,C - Crucial,43.65838,-79.44257,Fail to protect food from contamination or adulteration - Sec. 26(1) 
VILLAGE GENIUS PUB/LE GENIE DU VILLAGE,2025-02-24,C - Crucial,43.65453,-79.39165,Fail to protect food from contamination or adulteration - Sec. 26(1) 
KABUL FARMS,2025-02-25,C - Crucial,43.71861,-79.51192,Fail to protect food from contamination or adulteration - Sec. 26(1) 
BAR BURRITO,2025-02-26,C - Crucial,43.67768,-79.44531,Refrigerate potentially hazardous foods at internal temperature above 4 C - Sec. 30(a)
FRESH VALUE MARKET,2025-02-26,C - Crucial,43.71676,-79.55462,Fail to protect food from contamination or adulteration - Sec. 26(1) 
ROLLIN FRESH,2025-02-26,C - Crucial,43.76048,-79.41103,Fail to maintain records of food purchased  - Sec. 29(2)  
ROLLIN FRESH,2025-02-26,C - Crucial,43.76048,-79.41103,Fail to protect food from contamination or adulteration - Sec. 26(1) 
SARKER GROCERY,2025-02-26,C - Crucial,43.66261,-79.36727,Fail to protect food from contamination or adulteration - Sec. 26(1) 
FRANKIES BAR & CAFE,2025-02-27,C - Crucial,43.64436,-79.41844,Fail to protect food from contamination or adulteration - Sec. 26(1) 
ROYAL CAKE HOUSE,2025-02-27,C - Crucial,43.82321,-79.25304,Fail to protect food from contamination or adulteration - Sec. 26(1) 
ROYAL CAKE HOUSE,2025-02-27,C - Crucial,43.82321,-79.25304,Fail to ensure room kept free from live birds or animals - Sec. 14(1)
ROYAL CAKE HOUSE,2025-02-27,C - Crucial,43.82321,-79.25304,Fail to ensure food handler in food premise washes hands as necessary to prevent contamination of food - Sec. 33(1)(e) 
XPRESS TROPICAL FOODS & MEAT,2025-02-27,C - Crucial,43.70378,-79.50434,Fail to obtain food from source subject to inspection - Sec. 29(1)  
AIFAM,2025-02-28,C - Crucial,43.66305,-79.40349,Fail to protect food from contamination or adulteration - Sec. 26(1) 
AIFAM,2025-02-28,C - Crucial,43.66305,-79.40349,Maintain potentially hazardous foods at internal temperature between 4 C and 60 C -  Sec. 27(1)
BANH CUON HUONG QUE RESTAURANT,2025-02-28,C - Crucial,43.74208,-79.51439,Fail to protect food from contamination or adulteration - Sec. 26(1) 
J & Y Chinese Cuisine,2025-02-28,C - Crucial,43.77114,-79.36878,Fail to ensure food handler in food premise refrains from conduct that could result in contamination of food - Sec. 33(1)(h) 
LLOYD'S RESTAURANT,2025-02-27,C - Crucial,43.70373,-79.50433,Store potentially hazardous foods at internal temperature between 4 C and 60 C - Sec. 27(1)
SUNSET GRILL,2025-02-28,C - Crucial,43.75969,-79.46545,Refrigerate potentially hazardous foods at internal temperature above 4 C - Sec. 30(a)
SUNSET GRILL,2025-02-28,C - Crucial,43.75969,-79.46545,Fail to protect food from contamination or adulteration - Sec. 26(1) 
TIM HORTONS,2025-02-28,C - Crucial,43.65231,-79.40643,Store potentially hazardous foods at internal temperature between 4 C and 60 C - Sec. 27(1)
DONG DONG BBQ MEAT BIBIMBAP,2025-03-03,C - Crucial,43.65601,-79.39307,Fail to protect food from contamination or adulteration - Sec. 26(1) 
SHAHI RASOI,2025-03-03,C - Crucial,43.70555,-79.34626,Fail to ensure food handler in food premise refrains from conduct that could result in contamination of food - Sec. 33(1)(h) 
SHAWARMA MAX,2025-03-03,C - Crucial,43.76994,-79.41278,Fail to protect food from contamination or adulteration - Sec. 26(1) 
BANH CUON HUONG QUE RESTAURANT,2025-03-04,C - Crucial,43.74208,-79.51439,Fail to obtain food from source subject to inspection - Sec. 29(1)  
BIGBELLY GREEK STREET FOOD,2025-03-04,C - Crucial,43.716,-79.45476,Maintain potentially hazardous foods at internal temperature between 4 C and 60 C -  Sec. 27(1)
BIGBELLY GREEK STREET FOOD,2025-03-04,C - Crucial,43.716,-79.45476,Fail to ensure food handler in food premise washes hands as necessary to prevent contamination of food - Sec. 33(1)(e) 
BIG GUY LAMB SOUP NOODLE HOUSE,2025-03-05,C - Crucial,43.76048,-79.41103,Fail to maintain records of food purchased  - Sec. 29(2)  
BIG GUY LAMB SOUP NOODLE HOUSE,2025-03-05,C - Crucial,43.76048,-79.41103,Store potentially hazardous foods at internal temperature between 4 C and 60 C - Sec. 27(1)
CHIN CHIN STREETSIDE KITCHEN/ANGITHI,2025-03-06,C - Crucial,43.64047,-79.39262,Store potentially hazardous foods at internal temperature between 4 C and 60 C - Sec. 27(1)
SCHOOL,2025-03-06,C - Crucial,43.63788,-79.42436,Store potentially hazardous foods at internal temperature between 4 C and 60 C - Sec. 27(1)
SCHOOL,2025-03-06,C - Crucial,43.63788,-79.42436,Fail to protect food from contamination or adulteration - Sec. 26(1) 
ALI BABA'S MIDDLE EASTERN CUISINE,2025-03-10,C - Crucial,43.65114,-79.47727,Fail to protect food from contamination or adulteration - Sec. 26(1) 
FOOD WORLD,2025-03-07,C - Crucial,43.73447,-79.60444,Store potentially hazardous foods at internal temperature between 4 C and 60 C - Sec. 27(1)
PIZZAIOLO,2025-03-10,C - Crucial,43.65916,-79.34944,Maintain potentially hazardous foods at internal temperature between 4 C and 60 C -  Sec. 27(1)
SAM'S FOOD STORE,2025-03-10,C - Crucial,43.66235,-79.35862,Fail to protect food from contamination or adulteration - Sec. 26(1) 
SAM'S FOOD STORE,2025-03-10,C - Crucial,43.66235,-79.35862,Fail to process food in manner safe to eat - Sec. 26(2)
SAM'S FOOD STORE,2025-03-10,C - Crucial,43.66235,-79.35862,Offer for sale potentially hazardous foods at internal temperature between 4 C and 60 C - Sec. 27(1)
SAM'S FOOD STORE,2025-03-10,C - Crucial,43.66235,-79.35862,Use equipment not non-toxic in contact with food - Sec. 8(2)(a) 
Kairali,2025-03-11,C - Crucial,43.75491,-79.27701,Refrigerate potentially hazardous foods at internal temperature above 4 C - Sec. 30(a)
Kairali,2025-03-11,C - Crucial,43.75491,-79.27701,Fail to protect food from contamination or adulteration - Sec. 26(1) 
SOM TUM JINDA,2025-03-11,C - Crucial,43.66013,-79.37817,Fail to protect food from contamination or adulteration - Sec. 26(1) 
CHARIDISE/TAISHO JAPANESE GRILL,2025-03-13,C - Crucial,43.65601,-79.39346,Fail to protect food from contamination or adulteration - Sec. 26(1) 
CLAY STEAM BOAT SPICY KITCHEN INC,2025-03-13,C - Crucial,43.73623,-79.25021,Food premise maintained in manner permitting adverse effect on food - Sec. 7(1)(a)(iii) 
LOLA'S CATERING,2025-03-13,C - Crucial,43.70727,-79.50531,Refrigerate potentially hazardous foods at internal temperature above 4 C - Sec. 30(a)
METRO,2025-03-13,C - Crucial,43.64917,-79.37228,Food premise maintained in manner permitting health hazard (Rodents) - Sec. 7(1)(a)(i)    
THE MARS DINER,2025-03-13,C - Crucial,43.70917,-79.39857,Maintain potentially hazardous foods at internal temperature between 4 C and 60 C -  Sec. 27(1)
THE MARS DINER,2025-03-13,C - Crucial,43.70917,-79.39857,Refrigerate potentially hazardous foods at internal temperature above 4 C - Sec. 30(a)
THE MARS DINER,2025-03-13,C - Crucial,43.70917,-79.39857,Fail to ensure food handler in food premise washes hands as necessary to prevent contamination of food - Sec. 33(1)(e) 
THE MARS DINER,2025-03-13,C - Crucial,43.70917,-79.39857,Fail to protect food from contamination or adulteration - Sec. 26(1) 
Caledonia Bakery & Pastry,2025-03-14,C - Crucial,43.67586,-79.4544,Refrigerate potentially hazardous foods at internal temperature above 4 C - Sec. 30(a)
Caledonia Bakery & Pastry,2025-03-14,C - Crucial,43.67586,-79.4544,Display potentially hazardous foods at internal temperature between 4 C and 60 C - Sec. 27(1)
NEW KALYANI TAKE OUT & CATERING,2025-03-14,C - Crucial,43.73047,-79.26673,Fail to protect food from contamination or adulteration - Sec. 26(1) 
NEW KALYANI TAKE OUT & CATERING,2025-03-14,C - Crucial,43.73047,-79.26673,Store potentially hazardous foods at internal temperature between 4 C and 60 C - Sec. 27(1)
NOVA ERA BAKERY & PASTRY,2025-03-14,C - Crucial,43.67587,-79.45387,Display potentially hazardous foods at internal temperature between 4 C and 60 C - Sec. 27(1)
VIA CIBO ITALIAN STREET FOOD,2025-03-13,C - Crucial,43.75364,-79.35785,Maintain potentially hazardous foods at internal temperature between 4 C and 60 C -  Sec. 27(1)
VIETNOMS,2025-03-14,C - Crucial,43.76455,-79.39616,Fail to protect food from contamination or adulteration - Sec. 26(1) 
VIETNOMS,2025-03-14,C - Crucial,43.76455,-79.39616,Store potentially hazardous foods at internal temperature between 4 C and 60 C - Sec. 27(1)
DON'S CARIBBEAN JERK RESTAURANT,2025-03-14,C - Crucial,43.73458,-79.53257,Refrigerate potentially hazardous foods at internal temperature above 4 C - Sec. 30(a)
FLAVOURS SPORTS BAR & GRILL,2025-03-17,C - Crucial,43.70298,-79.47719,Refrigerate potentially hazardous foods at internal temperature above 4 C - Sec. 30(a)
FLAVOURS SPORTS BAR & GRILL,2025-03-17,C - Crucial,43.70298,-79.47719,Store potentially hazardous foods at internal temperature between 4 C and 60 C - Sec. 27(1)
SAM'S FOOD STORE,2025-03-17,C - Crucial,43.66235,-79.35862,Maintain potentially hazardous foods at internal temperature between 4 C and 60 C -  Sec. 27(1)
THE PEACHY,2025-03-14,C - Crucial,43.78018,-79.41596,Refrigerate potentially hazardous foods at internal temperature above 4 C - Sec. 30(a)
THE PEACHY,2025-03-14,C - Crucial,43.78018,-79.41596,Fail to protect food from contamination or adulteration - Sec. 26(1) 
HOTHOUSE,2025-03-18,C - Crucial,43.64928,-79.37398,Fail to protect food from contamination or adulteration - Sec. 26(1) 
LUCKY DRAGON RESTAURANT,2025-03-18,C - Crucial,43.71858,-79.45534,Fail to protect food from contamination or adulteration - Sec. 26(1) 
LUCKY DRAGON RESTAURANT,2025-03-18,C - Crucial,43.71858,-79.45534,Fail to ensure food handler in food premise washes hands as necessary to prevent contamination of food - Sec. 33(1)(e) 
LUCKY DRAGON RESTAURANT,2025-03-18,C - Crucial,43.71858,-79.45534,Store potentially hazardous foods at internal temperature between 4 C and 60 C - Sec. 27(1)
SILVER SPOON,2025-03-18,C - Crucial,43.7915,-79.25159,Display potentially hazardous foods at internal temperature between 4 C and 60 C - Sec. 27(1)
CASA MANILA,2025-03-19,C - Crucial,43.75505,-79.34867,Maintain potentially hazardous foods at internal temperature between 4 C and 60 C -  Sec. 27(1)
L'AMOUR CAFE AND PASTRY,2025-03-19,C - Crucial,43.71191,-79.39115,Display potentially hazardous foods at internal temperature between 4 C and 60 C - Sec. 27(1)
LOBLAWS,2025-03-19,C - Crucial,43.66091,-79.329,Food premise maintained in manner permitting adverse effect on food - Sec. 7(1)(a)(iii) 
ORUMA INDIAN TAKEOUT AND BAKERS,2025-03-19,C - Crucial,43.7354,-79.2468,Store potentially hazardous foods at internal temperature between 4 C and 60 C - Sec. 27(1)
PHO NON LA,2025-03-19,C - Crucial,43.78718,-79.46964,Store potentially hazardous foods at internal temperature between 4 C and 60 C - Sec. 27(1)
PICKLE BARREL GRAND AND CAFE,2025-03-19,C - Crucial,43.72518,-79.4491,Store potentially hazardous foods at internal temperature between 4 C and 60 C - Sec. 27(1)
PICKLE BARREL GRAND AND CAFE,2025-03-19,C - Crucial,43.72518,-79.4491,Fail to protect food from contamination or adulteration - Sec. 26(1) 
THE SPICY WOK,2025-03-19,C - Crucial,43.65497,-79.39874,Fail to protect food from contamination or adulteration - Sec. 26(1) 
FRESHLY SQUEEZED,2025-03-20,C - Crucial,43.72608,-79.45147,Fail to ensure food handler in food premise washes hands as necessary to prevent contamination of food - Sec. 33(1)(e) 
GOLDEN SPOON TAKE-OUT AND CATERING,2025-03-20,C - Crucial,43.79494,-79.23569,Food premise maintained in manner to permit contamination of single-service articles - Sec. 7(1)(h)  
GOLDEN SPOON TAKE-OUT AND CATERING,2025-03-20,C - Crucial,43.79494,-79.23569,Fail to protect food from contamination or adulteration - Sec. 26(1) 
HERO CERTIFIED BURGERS,2025-03-20,C - Crucial,43.64954,-79.37778,Fail to protect food from contamination or adulteration - Sec. 26(1) 
PITA LITE,2025-03-20,C - Crucial,43.68734,-79.39403,Refrigerate potentially hazardous foods at internal temperature above 4 C - Sec. 30(a)
SOYA MANDARIN KITCHEN,2025-03-20,C - Crucial,43.656,-79.39349,Fail to protect food from contamination or adulteration - Sec. 26(1) 
CAKE HOUSE BAKERY,2025-03-21,C - Crucial,43.75619,-79.51857,Display potentially hazardous foods at internal temperature between 4 C and 60 C - Sec. 27(1)
CAKE HOUSE BAKERY,2025-03-21,C - Crucial,43.75619,-79.51857,Fail to protect food from contamination or adulteration - Sec. 26(1) 
KOH LIPE,2025-03-21,C - Crucial,43.65599,-79.39351,Fail to protect food from contamination or adulteration - Sec. 26(1) 
KOH LIPE THAI KITCHEN,2025-03-21,C - Crucial,43.65599,-79.39352,Fail to protect food from contamination or adulteration - Sec. 26(1) 
PHO CON BO INC.,2025-03-21,C - Crucial,43.75678,-79.51935,Fail to protect food from contamination or adulteration - Sec. 26(1) 
PHO CON BO INC.,2025-03-21,C - Crucial,43.75678,-79.51935,Maintain potentially hazardous foods at internal temperature between 4 C and 60 C -  Sec. 27(1)
PHO CON BO INC.,2025-03-21,C - Crucial,43.75678,-79.51935,Food premise maintained in manner to permit contamination of single-service containers - Sec. 7(1)(h)  
SULTAN'S MEDITERRANEAN GRILL,2025-03-20,C - Crucial,43.65054,-79.37743,Fail to protect food from contamination or adulteration - Sec. 26(1) 
TOUCH,2025-03-21,C - Crucial,43.65051,-79.37794,Fail to protect food from contamination or adulteration - Sec. 26(1) 
WAT AH JERK CARIBBEAN GRILL,2025-03-20,C - Crucial,43.65054,-79.37743,Fail to protect food from contamination or adulteration - Sec. 26(1) 
BURGER FACTORY,2025-03-24,C - Crucial,43.77775,-79.3445,Store potentially hazardous foods at internal temperature between 4 C and 60 C - Sec. 27(1)
HOT DOGS,2025-03-22,C - Crucial,43.74838,-79.47911,Fail to ensure food handler in food premise washes hands as necessary to prevent contamination of food - Sec. 33(1)(e) 
HOT DOGS,2025-03-22,C - Crucial,43.74838,-79.47911,Sell potentially hazardous foods at internal temperature between 4 C and 60 C - Sec. 27(1)
MARHABA SUPERMARKET,2025-03-24,C - Crucial,43.69096,-79.29073,Fail to protect food from contamination or adulteration - Sec. 26(1) 
OJA,2025-03-24,C - Crucial,43.64982,-79.37692,Fail to protect food from contamination or adulteration - Sec. 26(1) 
ADELAIDE RESOURCE CENTRE FOR WOMEN,2025-03-25,C - Crucial,43.6509,-79.37519,Fail to protect food from contamination or adulteration - Sec. 26(1) 
LA UNICA PANDERIA MEXICANA,2025-03-24,C - Crucial,43.739,-79.53936,Fail to protect food from contamination or adulteration - Sec. 26(1) 
LA UNICA PANDERIA MEXICANA,2025-03-24,C - Crucial,43.739,-79.53936,Maintain potentially hazardous foods at internal temperature between 4 C and 60 C -  Sec. 27(1)
MR GREEK,2025-03-25,C - Crucial,43.79995,-79.19837,Fail to protect food from contamination or adulteration - Sec. 26(1) 
RUTH'S CATERING AND TAKEOUT,2025-03-25,C - Crucial,43.77421,-79.24126,Fail to protect food from contamination or adulteration - Sec. 26(1) 
RUTH'S CATERING AND TAKEOUT,2025-03-25,C - Crucial,43.77421,-79.24126,Maintain potentially hazardous foods at internal temperature between 4 C and 60 C -  Sec. 27(1)
SMALL POT RESTAURANT,2025-03-25,C - Crucial,43.77322,-79.33271,Food premise maintained in manner permitting adverse effect on food - Sec. 7(1)(a)(iii) 
CURRY PATTA RESTAURANT,2025-03-26,C - Crucial,43.68184,-79.32964,Food premise maintained in manner permitting adverse effect on food - Sec. 7(1)(a)(iii) 
LA GUANAQUITA,2025-03-25,C - Crucial,43.71996,-79.51214,Fail to protect food from contamination or adulteration - Sec. 26(1) 
CHARMINAR INDIAN CUISINE,2025-03-27,C - Crucial,43.73136,-79.28832,Fail to protect food from contamination or adulteration - Sec. 26(1) 
COFFEE TIME,2025-03-27,C - Crucial,43.68627,-79.31118,Offer for sale potentially hazardous foods at internal temperature between 4 C and 60 C - Sec. 27(1)
HANA DON JAPANESE CUISINE & BAR,2025-03-27,C - Crucial,43.77775,-79.3445,Fail to ensure food handler in food premise refrains from conduct that could result in contamination of food - Sec. 33(1)(h) 
KIN KIN BUBBLE TEA,2025-03-27,C - Crucial,43.78394,-79.29225,Fail to protect food from contamination or adulteration - Sec. 26(1) 
KUNGFU BEEF CHINESE BBQ,2025-03-27,C - Crucial,43.65337,-79.39649,Fail to protect food from contamination or adulteration - Sec. 26(1) 
Papa Spicy / Shu Yi Tealicious,2025-03-27,C - Crucial,43.76124,-79.40894,Fail to ensure food handler in food premise washes hands as necessary to prevent contamination of food - Sec. 33(1)(e) 
Papa Spicy / Shu Yi Tealicious,2025-03-27,C - Crucial,43.76124,-79.40894,Fail to protect food from contamination or adulteration - Sec. 26(1) 
DRAGON SUPERMARKET,2025-03-28,C - Crucial,43.68212,-79.32845,Food premise maintained in manner permitting adverse effect on food - Sec. 7(1)(a)(iii) 
HABIBZ CORNER FUSION STREET FOOD,2025-03-28,C - Crucial,43.70688,-79.50518,Fail to protect food from contamination or adulteration - Sec. 26(1) 
SARANG KITCHEN,2025-03-28,C - Crucial,43.67968,-79.34216,Fail to ensure room kept free from live birds or animals - Sec. 14(1)
SARANG KITCHEN,2025-03-28,C - Crucial,43.67968,-79.34216,Food premise maintained in manner to permit contamination of single-service articles - Sec. 7(1)(h)  
EELAM TRINCO BAY,2025-04-01,C - Crucial,43.80927,-79.26368,Maintain potentially hazardous foods at internal temperature between 4 C and 60 C -  Sec. 27(1)
HOUSE OF GOURMET SEAFOOD & BBQ,2025-04-01,C - Crucial,43.65322,-79.39729,Fail to protect food from contamination or adulteration - Sec. 26(1) 
SINALOA FACTORY,2025-03-31,C - Crucial,43.67825,-79.34753,Store potentially hazardous foods at internal temperature between 4 C and 60 C - Sec. 27(1)
SINALOA FACTORY,2025-03-31,C - Crucial,43.67825,-79.34753,Maintain potentially hazardous foods at internal temperature between 4 C and 60 C -  Sec. 27(1)
SPRING CAFE BISTRO,2025-04-01,C - Crucial,43.67552,-79.38855,Fail to ensure food handler in food premise washes hands as necessary to prevent contamination of food - Sec. 33(1)(e) 
SPRING CAFE BISTRO,2025-04-01,C - Crucial,43.67552,-79.38855,Fail to protect food from contamination or adulteration - Sec. 26(1) 
BOURBON ST GRILL,2025-04-02,C - Crucial,43.61265,-79.55597,Fail to protect food from contamination or adulteration - Sec. 26(1) 
COMMISSO BROS & RACCO ITALIAN BAKERY,2025-04-01,C - Crucial,43.69863,-79.4689,Fail to protect food from contamination or adulteration - Sec. 26(1) 
COMMISSO BROS & RACCO ITALIAN BAKERY,2025-04-01,C - Crucial,43.69863,-79.4689,Fail to ensure storage racks designed to protect against contamination - Sec. 31
HITOTOKI BAKERY,2025-04-02,C - Crucial,43.66115,-79.38163,Fail to protect food from contamination or adulteration - Sec. 26(1) 
OMA'S GERMAN BAKERY,2025-04-02,C - Crucial,43.65354,-79.45076,Fail to obtain food from source subject to inspection - Sec. 29(1)  
CHIANG RAI,2025-04-03,C - Crucial,43.73643,-79.42051,Store potentially hazardous foods at internal temperature between 4 C and 60 C - Sec. 27(1)
CHIANG RAI,2025-04-03,C - Crucial,43.73643,-79.42051,Refrigerate potentially hazardous foods at internal temperature above 4 C - Sec. 30(a)
CHIANG RAI,2025-04-03,C - Crucial,43.73643,-79.42051,Fail to protect food from contamination or adulteration - Sec. 26(1) 
CHIANG RAI,2025-04-03,C - Crucial,43.73643,-79.42051,Fail to ensure food handler in food premise washes hands as necessary to prevent contamination of food - Sec. 33(1)(e) 
FARM BOY,2025-04-03,C - Crucial,43.70413,-79.39754,Fail to protect food from contamination or adulteration - Sec. 26(1) 
LUCKY DRAGON RESTAURANT,2025-04-03,C - Crucial,43.71858,-79.45534,Fail to protect food from contamination or adulteration - Sec. 26(1) 
LUCKY DRAGON RESTAURANT,2025-04-03,C - Crucial,43.71858,-79.45534,Store potentially hazardous foods at internal temperature between 4 C and 60 C - Sec. 27(1)
LUCKY DRAGON RESTAURANT,2025-04-03,C - Crucial,43.71858,-79.45534,Refrigerate potentially hazardous foods at internal temperature above 4 C - Sec. 30(a)
MR ZAGROS,2025-04-03,C - Crucial,43.70887,-79.47706,Refrigerate potentially hazardous foods at internal temperature above 4 C - Sec. 30(a)
MR ZAGROS,2025-04-03,C - Crucial,43.70887,-79.47706,Fail to protect food from contamination or adulteration - Sec. 26(1) 
MR ZAGROS,2025-04-03,C - Crucial,43.70887,-79.47706,Store potentially hazardous foods at internal temperature between 4 C and 60 C - Sec. 27(1)
SQUARE NOODLE,2025-04-03,C - Crucial,43.80514,-79.28761,Fail to protect food from contamination or adulteration - Sec. 26(1) 
TEN MILES BBQ,2025-04-03,C - Crucial,43.80514,-79.28761,Maintain potentially hazardous foods at internal temperature between 4 C and 60 C -  Sec. 27(1)
AVOCA,2025-04-04,C - Crucial,43.67698,-79.35283,Maintain potentially hazardous foods at internal temperature between 4 C and 60 C -  Sec. 27(1)
CARAMEL COFFEE SHOP,2025-04-07,C - Crucial,43.68074,-79.3376,Store ice in unsanitary manner - Sec.  26(5) 
EGGLICIOUS CAFE,2025-04-04,C - Crucial,43.6064,-79.52083,Store ice in unsanitary manner - Sec.  26(5) 
FISHERMAN LOBSTER KING,2025-04-04,C - Crucial,43.79855,-79.31837,Maintain potentially hazardous foods at internal temperature between 4 C and 60 C -  Sec. 27(1)
KATSUYA,2025-04-07,C - Crucial,43.65996,-79.37887,Fail to protect food from contamination or adulteration - Sec. 26(1) 
STELLA'S KITCHEN,2025-04-05,C - Crucial,43.67581,-79.4039,Fail to protect food from contamination or adulteration - Sec. 26(1) 
THE BURGER BROS,2025-04-04,C - Crucial,43.68087,-79.33655,Offer for sale potentially hazardous foods at internal temperature between 4 C and 60 C - Sec. 27(1)
YUKI JAPANESE RESTAURANT,2025-04-04,C - Crucial,43.72064,-79.45581,Fail to ensure food handler in food premise washes hands as necessary to prevent contamination of food - Sec. 33(1)(e) 
BAO BAO EXPRESS/ KUNG FU TEA,2025-04-08,C - Crucial,43.6507,-79.47936,Fail to protect food from contamination or adulteration - Sec. 26(1) 
BEYOND FUSION,2025-04-08,C - Crucial,43.66109,-79.37884,Fail to protect food from contamination or adulteration - Sec. 26(1) 
CAFFE'IN,2025-04-08,C - Crucial,43.66789,-79.39837,Fail to protect food from contamination or adulteration - Sec. 26(1) 
KUNG FU TEA,2025-04-08,C - Crucial,43.65207,-79.39812,Store ice in unsanitary manner - Sec.  26(5) 
MAMA & PAPA'S GOODSOUP,2025-04-08,C - Crucial,43.74803,-79.52174,Maintain potentially hazardous foods at internal temperature between 4 C and 60 C -  Sec. 27(1)
MAMA & PAPA'S GOODSOUP,2025-04-08,C - Crucial,43.74803,-79.52174,Fail to protect food from contamination or adulteration - Sec. 26(1) 
MORE FISH,2025-04-08,C - Crucial,43.80514,-79.28761,Fail to protect food from contamination or adulteration - Sec. 26(1) 
THE OVEN FRESH,2025-04-08,C - Crucial,43.77937,-79.30653,Maintain potentially hazardous foods at internal temperature between 4 C and 60 C -  Sec. 27(1)
AKHIGBE NIGERIAN CATERERS,2025-04-09,C - Crucial,43.75148,-79.54868,Display potentially hazardous foods at internal temperature between 4 C and 60 C - Sec. 27(1)
BUN SAIGON,2025-04-09,C - Crucial,43.6517,-79.3978,Fail to protect food from contamination or adulteration - Sec. 26(1) 
HERO CERTIFIED BURGERS,2025-04-09,C - Crucial,43.64385,-79.40408,Maintain potentially hazardous foods at internal temperature between 4 C and 60 C -  Sec. 27(1)
SHA'AZ INDIAN CUISINE,2025-04-09,C - Crucial,43.75062,-79.27698,Fail to protect food from contamination or adulteration - Sec. 26(1) 
THE DONLANDS DINER,2025-04-09,C - Crucial,43.6944,-79.34269,Fail to protect food from contamination or adulteration - Sec. 26(1) 
AKHIGBE NIGERIAN CATERERS,2025-04-10,C - Crucial,43.75148,-79.54868,Sell potentially hazardous foods at internal temperature between 4 C and 60 C - Sec. 27(1)
ALTON RESTAURANT,2025-04-11,C - Crucial,43.82485,-79.27754,Fail to protect food from contamination or adulteration - Sec. 26(1) 
Bombay Roti,2025-04-10,C - Crucial,43.70739,-79.30292,Maintain potentially hazardous foods at internal temperature between 4 C and 60 C -  Sec. 27(1)
KITAYA,2025-04-11,C - Crucial,43.72551,-79.34155,Fail to ensure food handler in food premise washes hands as necessary to prevent contamination of food - Sec. 33(1)(e) 
KTRADE & SERVICES LTD,2025-04-10,C - Crucial,43.74208,-79.51439,Fail to obtain food from source subject to inspection - Sec. 29(1)  
KTRADE & SERVICES LTD,2025-04-10,C - Crucial,43.74208,-79.51439,Fail to maintain records of food purchased  - Sec. 29(2)  
Khalifa Kabab & Karahi,2025-04-10,C - Crucial,43.69669,-79.54392,Fail to maintain records of food purchased  - Sec. 29(2)  
RONIN IZAKAYA,2025-04-11,C - Crucial,43.65588,-79.39407,Store potentially hazardous foods at internal temperature between 4 C and 60 C - Sec. 27(1)
TAO-NORTHERN CHINESE CUISINE,2025-04-10,C - Crucial,43.71236,-79.36455,Fail to protect food from contamination or adulteration - Sec. 26(1) 
THE WOLFE TONE IRISH PUB INC,2025-04-10,C - Crucial,43.66941,-79.302,Store potentially hazardous foods at internal temperature between 4 C and 60 C - Sec. 27(1)
THE WOLFE TONE IRISH PUB INC,2025-04-10,C - Crucial,43.66941,-79.302,Fail to protect food from contamination or adulteration - Sec. 26(1) 
NEW CANTON KITCHEN,2025-04-14,C - Crucial,43.82188,-79.29921,Fail to protect food from contamination or adulteration - Sec. 26(1) 
SANSA BAKERY & GRILL,2025-04-14,C - Crucial,43.68666,-79.43877,Fail to protect food from contamination or adulteration - Sec. 26(1) 
SANSA BAKERY & GRILL,2025-04-14,C - Crucial,43.68666,-79.43877,Food premise maintained in manner permitting adverse effect on food - Sec. 7(1)(a)(iii) 
THAI HOUSE CUISINE,2025-04-14,C - Crucial,43.67075,-79.2961,Store potentially hazardous foods at internal temperature between 4 C and 60 C - Sec. 27(1)
THAI HOUSE CUISINE,2025-04-14,C - Crucial,43.67075,-79.2961,Fail to protect food from contamination or adulteration - Sec. 26(1) 
HIGH PARK CLUB,2025-04-15,C - Crucial,43.64284,-79.45348,Fail to protect food from contamination or adulteration - Sec. 26(1) 
HIGH PARK CLUB,2025-04-15,C - Crucial,43.64284,-79.45348,Fail to ensure storage shelves designed to protect against contamination - Sec. 31
INDIA WAALE DESI STREET FOOD,2025-04-15,C - Crucial,43.78613,-79.35192,Fail to ensure food handler in food premise washes hands as necessary to prevent contamination of food areas - Sec.  33(1)(e)
MANEK CHOWK,2025-04-15,C - Crucial,43.79839,-79.19595,Food premise maintained in manner to permit contamination of single-service containers - Sec. 7(1)(h)  
MIDORI RAMEN,2025-04-15,C - Crucial,43.72608,-79.45147,Fail to ensure food handler in food premise washes hands as necessary to prevent contamination of food - Sec. 33(1)(e) 
OSMOWS,2025-04-15,C - Crucial,43.79467,-79.24078,Fail to ensure food handler in food premise washes hands as necessary to prevent contamination of food - Sec. 33(1)(e) 
PUNJABI HAVELI SWEETS AND RESTAURANT,2025-04-15,C - Crucial,43.73514,-79.6023,Fail to ensure storage racks designed to protect against contamination - Sec. 31
SALUS FRESH FOODS,2025-04-15,C - Crucial,43.66064,-79.38538,Distribute potentially hazardous foods at internal temperature between 4 C and 60 C - Sec. 27(1)
TASTY BITES SANDWICHES,2025-04-15,C - Crucial,43.76798,-79.47182,Fail to ensure food handler in food premise washes hands as necessary to prevent contamination of food - Sec. 33(1)(e) 
TASTY BITES SANDWICHES,2025-04-15,C - Crucial,43.76798,-79.47182,Refrigerate potentially hazardous foods at internal temperature above 4 C - Sec. 30(a)
FUN CHINESE FOOD,2025-04-16,C - Crucial,43.76048,-79.41103,Maintain potentially hazardous foods at internal temperature between 4 C and 60 C -  Sec. 27(1)
PITA LITE,2025-04-16,C - Crucial,43.79855,-79.31837,Maintain potentially hazardous foods at internal temperature between 4 C and 60 C -  Sec. 27(1)
SANQIN RESTAURANT,2025-04-16,C - Crucial,43.76048,-79.41103,Fail to ensure food handler in food premise washes hands as necessary to prevent contamination of food areas - Sec.  33(1)(e)
THE GRAND INDIAN DINING,2025-04-16,C - Crucial,43.64806,-79.39868,Fail to protect food from contamination or adulteration - Sec. 26(1) 
THE JOHN,2025-04-15,C - Crucial,43.65975,-79.4373,Fail to protect food from contamination or adulteration - Sec. 26(1) 
Tropical Nights Restaurant,2025-04-16,C - Crucial,43.80111,-79.19979,Food premise maintained in manner to permit contamination of single-service containers - Sec. 7(1)(h)  
BANCAN KITCHEN,2025-04-17,C - Crucial,43.71346,-79.36667,Fail to protect food from contamination or adulteration - Sec. 26(1) 
THAI SQUARE,2025-04-17,C - Crucial,43.78905,-79.13969,Fail to protect food from contamination or adulteration - Sec. 26(1) 
EGGSMART,2025-04-22,C - Crucial,43.707,-79.25002,Fail to protect food from contamination or adulteration - Sec. 26(1) 
EGGSMART,2025-04-22,C - Crucial,43.707,-79.25002,Store ice in unsanitary manner - Sec.  26(5) 
LA BAMBOCHE,2025-04-22,C - Crucial,43.72812,-79.41828,Display potentially hazardous foods at internal temperature between 4 C and 60 C - Sec. 27(1)
LA BAMBOCHE,2025-04-22,C - Crucial,43.72812,-79.41828,Fail to protect food from contamination or adulteration - Sec. 26(1) 
LA BAMBOCHE,2025-04-22,C - Crucial,43.72812,-79.41828,Fail to ensure food handler in food premise washes hands as necessary to prevent contamination of food - Sec. 33(1)(e) 
THE SPICY GRILL,2025-04-22,C - Crucial,43.69266,-79.28311,Maintain potentially hazardous foods at internal temperature between 4 C and 60 C -  Sec. 27(1)
THE SPICY GRILL,2025-04-22,C - Crucial,43.69266,-79.28311,Fail to protect food from contamination or adulteration - Sec. 26(1) 
CHINA FOOD,2025-04-22,C - Crucial,43.70462,-79.3664,Food premise maintained in manner permitting health hazard (Rodents) - Sec. 7(1)(a)(i)    
CHINA FOOD,2025-04-22,C - Crucial,43.70462,-79.3664,Store potentially hazardous foods at internal temperature between 4 C and 60 C - Sec. 27(1)
CHINA FOOD,2025-04-22,C - Crucial,43.70462,-79.3664,Fail to protect food from contamination or adulteration - Sec. 26(1) 
AMOR A LA MEXICANA,2025-04-23,C - Crucial,43.75125,-79.55202,Fail to ensure food handler in food premise washes hands as necessary to prevent contamination of food areas - Sec.  33(1)(e)
BURRITOZ,2025-04-23,C - Crucial,43.64113,-79.41644,Maintain potentially hazardous foods at internal temperature between 4 C and 60 C -  Sec. 27(1)
COMMISSO BROS.& RACCO BAKERY,2025-04-24,C - Crucial,43.74843,-79.51737,Hot-holding potentially hazardous foods at internal temperature below 60 C - Sec. 30(a)
CRAVEWINGS INC,2025-04-24,C - Crucial,43.70306,-79.41461,Fail to ensure food handler in food premise washes hands as necessary to prevent contamination of food - Sec. 33(1)(e) 
CURRY KITCHEN PLUS FALAFEL HOUSE,2025-04-24,C - Crucial,43.65666,-79.37576,Store potentially hazardous foods at internal temperature between 4 C and 60 C - Sec. 27(1)
CURRY KITCHEN PLUS FALAFEL HOUSE,2025-04-24,C - Crucial,43.65666,-79.37576,Fail to protect food from contamination or adulteration - Sec. 26(1) 
DHAKA KITCHEN,2025-04-23,C - Crucial,43.70506,-79.28855,Maintain potentially hazardous foods at internal temperature between 4 C and 60 C -  Sec. 27(1)
HABIBZ CORNER,2025-04-23,C - Crucial,43.64737,-79.40369,Fail to ensure food handler in food premise washes hands as necessary to prevent contamination of food - Sec. 33(1)(e) 
KAWA SUSHI,2025-04-23,C - Crucial,43.66398,-79.37996,Fail to protect food from contamination or adulteration - Sec. 26(1) 
M WELLNEZZ KITCHEN,2025-04-23,C - Crucial,43.77745,-79.49362,Fail to process food in manner safe to eat - Sec. 26(2)
M WELLNEZZ KITCHEN,2025-04-23,C - Crucial,43.77745,-79.49362,Fail to ensure food handler in food premise washes hands as necessary to prevent contamination of food - Sec. 33(1)(e) 
M WELLNEZZ KITCHEN,2025-04-23,C - Crucial,43.77745,-79.49362,Use equipment not non-toxic in contact with food - Sec. 8(2)(a) 
M WELLNEZZ KITCHEN,2025-04-23,C - Crucial,43.77745,-79.49362,Fail to protect food from contamination or adulteration - Sec. 26(1) 
MEATPOINT,2025-04-23,C - Crucial,43.72769,-79.47873,Fail to ensure food handler in food premise refrains from conduct that could result in contamination of food areas - Sec. 33(1)(h) 
MEATPOINT,2025-04-23,C - Crucial,43.72769,-79.47873,Fail to ensure food handler in food premise washes hands as necessary to prevent contamination of food areas - Sec.  33(1)(e)
MEATPOINT,2025-04-23,C - Crucial,43.72769,-79.47873,Maintain potentially hazardous foods at internal temperature between 4 C and 60 C -  Sec. 27(1)
MR TONKATSU,2025-04-23,C - Crucial,43.66528,-79.41075,Fail to ensure food handler in food premise washes hands as necessary to prevent contamination of food - Sec. 33(1)(e) 
MR TONKATSU,2025-04-23,C - Crucial,43.66528,-79.41075,Distribute potentially hazardous foods at internal temperature between 4 C and 60 C - Sec. 27(1)
SAINT GERMAIN,2025-04-24,C - Crucial,43.65368,-79.38011,Store ice in unsanitary manner - Sec.  26(5) 
TASTE SEDUCTION,2025-04-23,C - Crucial,43.66611,-79.46465,Hot-holding potentially hazardous foods at internal temperature below 60 C - Sec. 30(a)
TASTE SEDUCTION,2025-04-23,C - Crucial,43.66611,-79.46465,Fail to protect food from contamination or adulteration - Sec. 26(1) 
THE KABOB GUYS,2025-04-24,C - Crucial,43.64788,-79.39588,Store potentially hazardous foods at internal temperature between 4 C and 60 C - Sec. 27(1)
WOK & BOWL,2025-04-23,C - Crucial,43.71801,-79.42977,Food premise maintained in manner permitting adverse effect on food - Sec. 7(1)(a)(iii) 
ZHANGLIANG SPICY HOTPOT,2025-04-23,C - Crucial,43.77688,-79.41442,Maintain potentially hazardous foods at internal temperature between 4 C and 60 C -  Sec. 27(1)
ZHANGLIANG SPICY HOTPOT,2025-04-23,C - Crucial,43.77688,-79.41442,Fail to ensure food handler in food premise washes hands as necessary to prevent contamination of food - Sec. 33(1)(e) 
COMMA,2025-04-24,C - Crucial,43.64784,-79.4008,Store ice in unsanitary manner - Sec.  26(5) 
DADDY'S CHICKEN,2025-04-25,C - Crucial,43.66385,-79.32884,Fail to protect food from contamination or adulteration - Sec. 26(1) 
FRANCOBOLLO,2025-04-24,C - Crucial,43.73445,-79.41941,Fail to ensure food handler in food premise washes hands as necessary to prevent contamination of food - Sec. 33(1)(e) 
FRANCOBOLLO,2025-04-24,C - Crucial,43.73445,-79.41941,Fail to protect food from contamination or adulteration - Sec. 26(1) 
FRANCOBOLLO,2025-04-24,C - Crucial,43.73445,-79.41941,Store ice in unsanitary manner - Sec.  26(5) 
FRANCOBOLLO,2025-04-24,C - Crucial,43.73445,-79.41941,Store potentially hazardous foods at internal temperature between 4 C and 60 C - Sec. 27(1)
HOT WOK,2025-04-25,C - Crucial,43.76942,-79.28158,Fail to protect food from contamination or adulteration - Sec. 26(1) 
INSIDE LAGOS KITCHEN,2025-04-25,C - Crucial,43.76485,-79.48988,Fail to ensure food handler in food premise washes hands as necessary to prevent contamination of food - Sec. 33(1)(e) 
INSIDE LAGOS KITCHEN,2025-04-25,C - Crucial,43.76485,-79.48988,Fail to protect food from contamination or adulteration - Sec. 26(1) 
MANGO SUSHI,2025-04-25,C - Crucial,43.68213,-79.33055,Food premise maintained in manner permitting adverse effect on food - Sec. 7(1)(a)(iii) 
MANGO THAI KITCHEN,2025-04-25,C - Crucial,43.71693,-79.44743,Store potentially hazardous foods at internal temperature between 4 C and 60 C - Sec. 27(1)
MORGANS ON THE DANFORTH,2025-04-25,C - Crucial,43.68214,-79.33035,Food premise maintained in manner permitting adverse effect on food - Sec. 7(1)(a)(iii) 
SILVER SPOON,2025-04-25,C - Crucial,43.7915,-79.25159,Sell potentially hazardous foods at internal temperature between 4 C and 60 C - Sec. 27(1)
The Jerk Box,2025-04-25,C - Crucial,43.70264,-79.50409,Fail to protect food from contamination or adulteration - Sec. 26(1) 
The Jerk Box,2025-04-25,C - Crucial,43.70264,-79.50409,Store potentially hazardous foods at internal temperature between 4 C and 60 C - Sec. 27(1)
THE RIVIERA,2025-04-28,C - Crucial,43.62737,-79.35649,Store potentially hazardous foods at internal temperature between 4 C and 60 C - Sec. 27(1)
WAN2 FOOD MART,2025-04-28,C - Crucial,43.67171,-79.37239,Fail to protect food from contamination or adulteration - Sec. 26(1) 
FALAFEL & GRILL EXPRESS,2025-04-29,C - Crucial,43.76485,-79.48988,Refrigerate potentially hazardous foods at internal temperature above 4 C - Sec. 30(a)
HYDERABAD CAFE,2025-04-29,C - Crucial,43.73591,-79.25275,Fail to protect food from contamination or adulteration - Sec. 26(1) 
KANGA RESTAURANT,2025-04-29,C - Crucial,43.71026,-79.29624,Refrigerate potentially hazardous foods at internal temperature above 4 C - Sec. 30(a)
NAIJA JOLLOF,2025-04-29,C - Crucial,43.76485,-79.48988,Fail to process food in manner safe to eat - Sec. 26(2)
NAIJA JOLLOF,2025-04-29,C - Crucial,43.76485,-79.48988,Refrigerate potentially hazardous foods at internal temperature above 4 C - Sec. 30(a)
SADIO RESTAURANT,2025-04-29,C - Crucial,43.65829,-79.36553,Store potentially hazardous foods at internal temperature between 4 C and 60 C - Sec. 27(1)
SADIO RESTAURANT,2025-04-29,C - Crucial,43.65829,-79.36553,Fail to ensure food handler in food premise washes hands as necessary to prevent contamination of food areas - Sec.  33(1)(e)
SARANG KITCHEN,2025-04-26,C - Crucial,43.67968,-79.34216,Fail to ensure room kept free from live birds or animals - Sec. 14(1)
TED'S RESTAURANT,2025-04-29,C - Crucial,43.78455,-79.16908,Food premise maintained in manner to permit contamination of single-service containers - Sec. 7(1)(h)  
Fusion Supermarket,2025-04-30,C - Crucial,43.80111,-79.19979,Food premise maintained in manner to permit contamination of single-service containers - Sec. 7(1)(h)  
KOZ BINGOL EXPRESS,2025-04-30,C - Crucial,43.64719,-79.40405,Fail to protect food from contamination or adulteration - Sec. 26(1) 
MOMOTARO SUSHI,2025-04-30,C - Crucial,43.66529,-79.46646,Fail to protect food from contamination or adulteration - Sec. 26(1) 
N'JOY SHAWARMA,2025-04-30,C - Crucial,43.72124,-79.45583,Store potentially hazardous foods at internal temperature between 4 C and 60 C - Sec. 27(1)
N'JOY SHAWARMA,2025-04-30,C - Crucial,43.72124,-79.45583,Fail to ensure food handler in food premise washes hands as necessary to prevent contamination of food - Sec. 33(1)(e) 
N'JOY SHAWARMA,2025-04-30,C - Crucial,43.72124,-79.45583,Fail to protect food from contamination or adulteration - Sec. 26(1) 
DADDY'S CHICKEN,2025-05-01,C - Crucial,43.66385,-79.32884,Fail to protect food from contamination or adulteration - Sec. 26(1) 
Family Restaurant Wok & Fortune,2025-05-01,C - Crucial,43.73941,-79.23811,Fail to protect food from contamination or adulteration - Sec. 26(1) 
Jacky's Seafood Restaurant,2025-05-01,C - Crucial,43.8093,-79.29035,Food premise maintained in manner permitting adverse effect on food - Sec. 7(1)(a)(iii) 
MONKEY SUSHI,2025-05-01,C - Crucial,43.67478,-79.38825,Store potentially hazardous foods at internal temperature between 4 C and 60 C - Sec. 27(1)
JAVA JOE'S,2025-05-02,C - Crucial,43.64367,-79.39002,Store potentially hazardous foods at internal temperature between 4 C and 60 C - Sec. 27(1)
RAMEN X REMIX,2025-05-02,C - Crucial,43.6486,-79.39818,Store ice in unsanitary manner - Sec.  26(5) 
THE TUMMY SECTION BY DELHI BOYZ,2025-05-05,C - Crucial,43.65383,-79.45114,Store potentially hazardous foods at internal temperature between 4 C and 60 C - Sec. 27(1)
THE WORKS,2025-05-05,C - Crucial,43.64876,-79.37411,Store potentially hazardous foods at internal temperature between 4 C and 60 C - Sec. 27(1)
A CORNER CAFE AND RESTAURANT,2025-05-06,C - Crucial,43.77035,-79.41288,Store ice in unsanitary manner - Sec.  26(5) 
DUFFERIN MEAT MARKET,2025-05-07,C - Crucial,43.70907,-79.45332,Fail to protect food from contamination or adulteration - Sec. 26(1) 
HUTCHIE CATERING AND CARIBBEAN RESTAURANT,2025-05-07,C - Crucial,43.6834,-79.30013,Fail to protect food from contamination or adulteration - Sec. 26(1) 
IMPERFECT FRESH EATS,2025-05-07,C - Crucial,43.76226,-79.41083,Fail to ensure storage racks designed to protect against contamination - Sec. 31
IMPERFECT FRESH EATS,2025-05-07,C - Crucial,43.76226,-79.41083,Hot-holding potentially hazardous foods at internal temperature below 60 C - Sec. 30(a)
JAVA CAFE,2025-05-07,C - Crucial,43.64805,-79.3997,Fail to protect food from contamination or adulteration - Sec. 26(1) 
SALMA CAFE & RESTAURANT,2025-05-07,C - Crucial,43.70092,-79.51794,Store potentially hazardous foods at internal temperature between 4 C and 60 C - Sec. 27(1)
SALMA CAFE & RESTAURANT,2025-05-07,C - Crucial,43.70092,-79.51794,Maintain potentially hazardous foods at internal temperature between 4 C and 60 C -  Sec. 27(1)
SALMA CAFE & RESTAURANT,2025-05-07,C - Crucial,43.70092,-79.51794,Fail to protect food from contamination or adulteration - Sec. 26(1) 
YUK YUK'S,2025-05-06,C - Crucial,43.64978,-79.38841,Store ice in unsanitary manner - Sec.  26(5) 
HAYMISHE BAKERY,2025-05-08,C - Crucial,43.71828,-79.42921,Food premise maintained in manner permitting adverse effect on food - Sec. 7(1)(a)(iii) 
PASTABLE,2025-05-08,C - Crucial,43.70069,-79.51715,Store potentially hazardous foods at internal temperature between 4 C and 60 C - Sec. 27(1)
PASTABLE,2025-05-08,C - Crucial,43.70069,-79.51715,Fail to protect food from contamination or adulteration - Sec. 26(1) 
PASTABLE,2025-05-08,C - Crucial,43.70069,-79.51715,Refrigerate potentially hazardous foods at internal temperature above 4 C - Sec. 30(a)
VATICANO RISTORANTE,2025-05-08,C - Crucial,43.67077,-79.39087,Fail to protect food from contamination or adulteration - Sec. 26(1) 
J & T JAMAICAN RESTAURANT,2025-05-09,C - Crucial,43.70078,-79.51738,Store potentially hazardous foods at internal temperature between 4 C and 60 C - Sec. 27(1)
KOZAK KAPADOKYA,2025-05-09,C - Crucial,43.76281,-79.49141,Refrigerate potentially hazardous foods at internal temperature above 4 C - Sec. 30(a)
KOZAK KAPADOKYA,2025-05-09,C - Crucial,43.76281,-79.49141,Fail to protect food from contamination or adulteration - Sec. 26(1) 
PUNJABI CHAAP CORNER,2025-05-12,C - Crucial,43.65778,-79.3833,Food premise maintained in manner permitting adverse effect on food - Sec. 7(1)(a)(iii) 
SAM'S FOOD STORE,2025-05-09,C - Crucial,43.66235,-79.35862,Offer for sale potentially hazardous foods at internal temperature between 4 C and 60 C - Sec. 27(1)
STEELES BAKERY,2025-05-12,C - Crucial,43.79099,-79.44515,Fail to ensure food handler in food premise refrains from conduct that could result in contamination of food - Sec. 33(1)(h) 
WHAT A BAGEL,2025-05-12,C - Crucial,43.78067,-79.46986,Fail to protect food from contamination or adulteration - Sec. 26(1) 
WHAT A BAGEL,2025-05-12,C - Crucial,43.78067,-79.46986,Refrigerate potentially hazardous foods at internal temperature above 4 C - Sec. 30(a)
CALIFORNIA THAI,2025-05-13,C - Crucial,43.65669,-79.38069,Fail to protect food from contamination or adulteration - Sec. 26(1) 
LAJAWAB BIRYANI N GRILLS INC,2025-05-13,C - Crucial,43.65491,-79.40869,Fail to protect food from contamination or adulteration - Sec. 26(1) 
TAVORA BBQ CHICKEN & GRILL,2025-05-13,C - Crucial,43.67463,-79.4566,Store potentially hazardous foods at internal temperature between 4 C and 60 C - Sec. 27(1)
TAVORA BBQ CHICKEN & GRILL,2025-05-13,C - Crucial,43.67463,-79.4566,Fail to protect food from contamination or adulteration - Sec. 26(1) 
GRAB & GO DESHI KITCHEN,2025-05-13,C - Crucial,43.66061,-79.34291,Offer for sale potentially hazardous foods at internal temperature between 4 C and 60 C - Sec. 27(1)
GRAB & GO DESHI KITCHEN,2025-05-13,C - Crucial,43.66061,-79.34291,Operate food premise --- refrigeration equipment for potentially hazardous food not of sufficient size - Sec. 30(a)
GRAB & GO DESHI KITCHEN,2025-05-13,C - Crucial,43.66061,-79.34291,Fail to process food in manner safe to eat - Sec. 26(2)
GRAB & GO DESHI KITCHEN,2025-05-13,C - Crucial,43.66061,-79.34291,Fail to obtain food from source subject to inspection - Sec. 29(1)  
LIBERTY SHAWARMA,2025-05-14,C - Crucial,43.64096,-79.39385,Refrigerate potentially hazardous foods at internal temperature above 4 C - Sec. 30(a)
PI CO.,2025-05-14,C - Crucial,43.77775,-79.3445,Refrigerate potentially hazardous foods at internal temperature above 4 C - Sec. 30(a)
SHAHI RASOI,2025-05-14,C - Crucial,43.70555,-79.34626,Store potentially hazardous foods at internal temperature between 4 C and 60 C - Sec. 27(1)
TWO BROTHERS SHAWARMA,2025-05-14,C - Crucial,43.6894,-79.29536,Refrigerate potentially hazardous foods at internal temperature above 4 C - Sec. 30(a)
SIENNA SENIOR LIVING,2025-05-15,C - Crucial,43.75682,-79.52618,Refrigerate potentially hazardous foods at internal temperature above 4 C - Sec. 30(a)
ST CLAIR BAKERY,2025-05-15,C - Crucial,43.67494,-79.45768,Fail to protect food from contamination or adulteration - Sec. 26(1) 
CRAB BOIL,2025-05-16,C - Crucial,43.71057,-79.53525,Refrigerate potentially hazardous foods at internal temperature above 4 C - Sec. 30(a)
CRAB BOIL,2025-05-16,C - Crucial,43.71057,-79.53525,Fail to protect food from contamination or adulteration - Sec. 26(1) 
ELEMENT LOUNGE & RESTAURANT,2025-05-15,C - Crucial,43.75697,-79.52863,Fail to protect food from contamination or adulteration - Sec. 26(1) 
ELEMENT LOUNGE & RESTAURANT,2025-05-15,C - Crucial,43.75697,-79.52863,Refrigerate potentially hazardous foods at internal temperature above 4 C - Sec. 30(a)
ELEMENT LOUNGE & RESTAURANT,2025-05-15,C - Crucial,43.75697,-79.52863,Store ice in unsanitary manner - Sec.  26(5) 
THE BIRYANI WALLA/CHICHA'S,2025-05-16,C - Crucial,43.75062,-79.27698,Refrigerate potentially hazardous foods at internal temperature above 4 C - Sec. 30(a)
KA CHI KOREAN RESTAURANT,2025-05-20,C - Crucial,43.65367,-79.39504,Fail to protect food from contamination or adulteration - Sec. 26(1) 
KA CHI KOREAN RESTAURANT,2025-05-20,C - Crucial,43.65367,-79.39504,Store potentially hazardous foods at internal temperature between 4 C and 60 C - Sec. 27(1)
MAGICAL TASTE OF CHINA,2025-05-20,C - Crucial,43.6533,-79.3969,Fail to protect food from contamination or adulteration - Sec. 26(1) 
Triple Tree Sports Bar & Grill,2025-05-20,C - Crucial,43.67838,-79.44006,Food premise maintained in manner permitting adverse effect on food - Sec. 7(1)(a)(iii) 
HAZUKIDO UNION STATION,2025-05-21,C - Crucial,43.64528,-79.38049,Fail to protect food from contamination or adulteration - Sec. 26(1) 
UDUPI PALACE VEGETARIAN,2025-05-21,C - Crucial,43.67202,-79.32242,Fail to protect food from contamination or adulteration - Sec. 26(1) 
UDUPI PALACE VEGETARIAN,2025-05-21,C - Crucial,43.67202,-79.32242,Store potentially hazardous foods at internal temperature between 4 C and 60 C - Sec. 27(1)
ANGARA,2025-05-22,C - Crucial,43.65004,-79.60354,Fail to ensure food handler in food premise washes hands as necessary to prevent contamination of food - Sec. 33(1)(e) 
ANGARA,2025-05-22,C - Crucial,43.65004,-79.60354,Fail to protect food from contamination or adulteration - Sec. 26(1) 
THE BIRYANI WALLA,2025-05-22,C - Crucial,43.72892,-79.40286,Fail to protect food from contamination or adulteration - Sec. 26(1) 
BHOJAN GHAR,2025-05-23,C - Crucial,43.68495,-79.31724,Fail to protect food from contamination or adulteration - Sec. 26(1) 
INDIAN RASOI,2025-05-23,C - Crucial,43.67208,-79.32199,Fail to protect food from contamination or adulteration - Sec. 26(1) 
FARM BOY,2025-05-23,C - Crucial,43.70413,-79.39754,Fail to protect food from contamination or adulteration - Sec. 26(1) 
BOYO AFRICAN SUPERSTORE,2025-05-29,C - Crucial,43.75919,-79.5709,Maintain potentially hazardous foods at internal temperature between 4 C and 60 C -  Sec. 27(1)
CITY SOUTH PIZZA,2025-05-29,C - Crucial,43.7312,-79.60061,Fail to protect food from contamination or adulteration - Sec. 26(1) 
DAKGOGI,2025-05-28,C - Crucial,43.6649,-79.38318,Fail to protect food from contamination or adulteration - Sec. 26(1) 
DOMINO'S,2025-05-29,C - Crucial,43.68357,-79.39248,Refrigerate potentially hazardous foods at internal temperature above 4 C - Sec. 30(a)
EAT BKK THAI KITCHEN,2025-05-26,C - Crucial,43.79573,-79.41915,Fail to protect food from contamination or adulteration - Sec. 26(1) 
FIRKIN ON THE DANFORTH,2025-05-28,C - Crucial,43.6851,-79.31338,Maintain potentially hazardous foods at internal temperature between 4 C and 60 C -  Sec. 27(1)
FIRKIN ON THE DANFORTH,2025-05-28,C - Crucial,43.6851,-79.31338,Fail to protect food from contamination or adulteration - Sec. 26(1) 
FORTUNE SEAFOOD RESTAURANT,2025-05-26,C - Crucial,43.81403,-79.29152,Fail to protect food from contamination or adulteration - Sec. 26(1) 
INDIA PAAN,2025-05-29,C - Crucial,43.67206,-79.3223,Fail to protect food from contamination or adulteration - Sec. 26(1) 
INDIA PAAN,2025-05-29,C - Crucial,43.67206,-79.3223,Display potentially hazardous foods at internal temperature between 4 C and 60 C - Sec. 27(1)
KAITO SUSHI,2025-05-28,C - Crucial,43.67738,-79.44456,Fail to protect food from contamination or adulteration - Sec. 26(1) 
KATHMANDU RESTAURANT,2025-05-27,C - Crucial,43.67114,-79.38797,Fail to protect food from contamination or adulteration - Sec. 26(1) 
LAHORE BBQ AND PAAN CENTRE,2025-05-29,C - Crucial,43.67204,-79.32201,Food premise maintained in manner to permit contamination of single-service containers - Sec. 7(1)(h)  
LAHORE BBQ AND PAAN CENTRE,2025-05-29,C - Crucial,43.67204,-79.32201,Store potentially hazardous foods at internal temperature between 4 C and 60 C - Sec. 27(1)
PAPE VILLAGE ORIGINAL GREEK RESTAURANT,2025-05-28,C - Crucial,43.68671,-79.34813,Fail to protect food from contamination or adulteration - Sec. 26(1) 
PAPE VILLAGE ORIGINAL GREEK RESTAURANT,2025-05-28,C - Crucial,43.68671,-79.34813,Maintain potentially hazardous foods at internal temperature between 4 C and 60 C -  Sec. 27(1)
SAM'S FOOD STORE,2025-05-27,C - Crucial,43.65798,-79.3712,Fail to protect food from contamination or adulteration - Sec. 26(1) 
W.A.CAFE,2025-05-27,C - Crucial,43.73006,-79.43415,Fail to ensure food handler in food premise washes hands as necessary to prevent contamination of food - Sec. 33(1)(e) 
W.A.CAFE,2025-05-27,C - Crucial,43.73006,-79.43415,Sell potentially hazardous foods at internal temperature between 4 C and 60 C - Sec. 27(1)
WAN2 FOOD MART,2025-05-27,C - Crucial,43.67171,-79.37239,Fail to protect food from contamination or adulteration - Sec. 26(1) 
DHAKA KITCHEN,2025-05-30,C - Crucial,43.70506,-79.28855,Maintain potentially hazardous foods at internal temperature between 4 C and 60 C -  Sec. 27(1)
DATTA FOOD MANUFACTORY,2025-06-02,C - Crucial,43.8113,-79.25744,Store potentially hazardous foods at internal temperature between 4 C and 60 C - Sec. 27(1)
Kairali,2025-06-02,C - Crucial,43.75491,-79.27701,Maintain potentially hazardous foods at internal temperature between 4 C and 60 C -  Sec. 27(1)
Kairali,2025-06-02,C - Crucial,43.75491,-79.27701,Fail to protect food from contamination or adulteration - Sec. 26(1) 
LAHORE TIKKA HOUSE,2025-05-30,C - Crucial,43.67149,-79.32456,Fail to protect food from contamination or adulteration - Sec. 26(1) 
LAHORE TIKKA HOUSE,2025-05-30,C - Crucial,43.67149,-79.32456,Store ice in unsanitary manner - Sec.  26(5) 
TAGPUAN 5,2025-06-02,C - Crucial,43.65735,-79.38097,Fail to protect food from contamination or adulteration - Sec. 26(1) 
TAGPUAN 5,2025-06-02,C - Crucial,43.65735,-79.38097,Store potentially hazardous foods at internal temperature between 4 C and 60 C - Sec. 27(1)
INDIA PAAN,2025-06-03,C - Crucial,43.67206,-79.3223,Store potentially hazardous foods at internal temperature between 4 C and 60 C - Sec. 27(1)
INDIA PAAN,2025-06-03,C - Crucial,43.67206,-79.3223,Fail to protect food from contamination or adulteration - Sec. 26(1) 
J STAR CAFE,2025-06-03,C - Crucial,43.73623,-79.25021,Food premise maintained in manner to permit contamination of single-service articles - Sec. 7(1)(h)  
ROCCO'S PLUM TOMATO,2025-06-03,C - Crucial,43.63022,-79.48489,Store potentially hazardous foods at internal temperature between 4 C and 60 C - Sec. 27(1)
CANTON KITCHEN,2025-06-04,C - Crucial,43.79796,-79.27118,Fail to ensure food handler in food premise washes hands as necessary to prevent contamination of food - Sec. 33(1)(e) 
CANTON KITCHEN,2025-06-04,C - Crucial,43.79796,-79.27118,Store potentially hazardous foods at internal temperature between 4 C and 60 C - Sec. 27(1)
CANTON KITCHEN,2025-06-04,C - Crucial,43.79796,-79.27118,Maintain potentially hazardous foods at internal temperature between 4 C and 60 C -  Sec. 27(1)
FULL HOUSE CHINESE,2025-06-04,C - Crucial,43.80374,-79.28682,Food premise maintained in manner permitting adverse effect on food - Sec. 7(1)(a)(iii) 
GOOD BITE RESTAURANT,2025-06-04,C - Crucial,43.71148,-79.39908,Fail to protect food from contamination or adulteration - Sec. 26(1) 
JOEY YORKDALE,2025-06-04,C - Crucial,43.72608,-79.45147,Maintain potentially hazardous foods at internal temperature between 4 C and 60 C -  Sec. 27(1)
KACHIGUDA JUNCTION,2025-06-04,C - Crucial,43.79381,-79.32956,Maintain potentially hazardous foods at internal temperature between 4 C and 60 C -  Sec. 27(1)
LAZY SHACK/Mala Boy Restaurant,2025-06-04,C - Crucial,43.65566,-79.39222,Fail to protect food from contamination or adulteration - Sec. 26(1) 
LEELA INDIAN FOOD BAR,2025-06-04,C - Crucial,43.66566,-79.47349,Store potentially hazardous foods at internal temperature between 4 C and 60 C - Sec. 27(1)
MANDIAFANDI,2025-06-04,C - Crucial,43.70779,-79.34348,Refrigerate potentially hazardous foods at internal temperature above 4 C - Sec. 30(a)
REAL FRUIT BUBBLE TEA,2025-06-04,C - Crucial,43.72608,-79.45147,Fail to ensure food handler in food premise washes hands as necessary to prevent contamination of food - Sec. 33(1)(e) 
RUTH'S CATERING AND TAKEOUT,2025-06-04,C - Crucial,43.77421,-79.24126,Maintain potentially hazardous foods at internal temperature between 4 C and 60 C -  Sec. 27(1)
RUTH'S CATERING AND TAKEOUT,2025-06-04,C - Crucial,43.77421,-79.24126,Fail to protect food from contamination or adulteration - Sec. 26(1) 
EGGLICIOUS CAFE,2025-06-05,C - Crucial,43.6064,-79.52083,Food premise maintained in manner permitting adverse effect on food - Sec. 7(1)(a)(iii) 
GINZA SUSHI,2025-06-05,C - Crucial,43.78804,-79.38107,Fail to ensure food handler in food premise washes hands as necessary to prevent contamination of food areas - Sec.  33(1)(e)
SUN-UP BARBECUE CO,2025-06-05,C - Crucial,43.72697,-79.43127,Store potentially hazardous foods at internal temperature between 4 C and 60 C - Sec. 27(1)
SUN-UP BARBECUE CO,2025-06-05,C - Crucial,43.72697,-79.43127,Food premise maintained in manner permitting adverse effect on food - Sec. 7(1)(a)(iii) 
SUN-UP BARBECUE CO,2025-06-05,C - Crucial,43.72697,-79.43127,Food premise maintained in manner to permit contamination of single-service containers - Sec. 7(1)(h)  
SUN-UP BARBECUE CO,2025-06-05,C - Crucial,43.72697,-79.43127,Fail to protect food from contamination or adulteration - Sec. 26(1) 
SUN-UP BARBECUE CO,2025-06-05,C - Crucial,43.72697,-79.43127,Fail to ensure food handler in food premise washes hands as necessary to prevent contamination of food - Sec. 33(1)(e) 
GUELAGUETZA RESTAURANT & GRILL,2025-06-04,C - Crucial,43.7047,-79.50458,Refrigerate potentially hazardous foods at internal temperature above 4 C - Sec. 30(a)
PALMYRA MEDITERRANEAN HOUSE,2025-06-06,C - Crucial,43.65004,-79.60354,Store potentially hazardous foods at internal temperature between 4 C and 60 C - Sec. 27(1)
THE HOMEWAY,2025-06-06,C - Crucial,43.71256,-79.39147,Fail to ensure food handler in food premise washes hands as necessary to prevent contamination of food - Sec. 33(1)(e) 
THE HOMEWAY,2025-06-06,C - Crucial,43.71256,-79.39147,Food premise maintained in manner permitting adverse effect on food - Sec. 7(1)(a)(iii) 
THE HOMEWAY,2025-06-06,C - Crucial,43.71256,-79.39147,Store potentially hazardous foods at internal temperature between 4 C and 60 C - Sec. 27(1)
GRODZINSKI,2025-06-09,C - Crucial,43.72791,-79.43134,Fail to protect food from contamination or adulteration - Sec. 26(1) 
KORDOG,2025-06-09,C - Crucial,43.65735,-79.38097,Maintain potentially hazardous foods at internal temperature between 4 C and 60 C -  Sec. 27(1)
SHATTER ABBAS PERSIAN CUISINE,2025-06-10,C - Crucial,43.76988,-79.37445,Fail to protect food from contamination or adulteration - Sec. 26(1) 
SWATOW RESTAURANT,2025-06-10,C - Crucial,43.65382,-79.39816,Fail to protect food from contamination or adulteration - Sec. 26(1) 
BEST FRESH BUY MARKET,2025-06-11,C - Crucial,43.71141,-79.39869,Distribute potentially hazardous foods at internal temperature between 4 C and 60 C - Sec. 27(1)
BEST FRESH BUY MARKET,2025-06-11,C - Crucial,43.71141,-79.39869,Food premise maintained in manner permitting adverse effect on food - Sec. 7(1)(a)(iii) 
MESOBS RESTAURANT INC.,2025-06-11,C - Crucial,43.6588,-79.44289,Maintain potentially hazardous foods at internal temperature between 4 C and 60 C -  Sec. 27(1)
THE BRADGATE ARMS,2025-06-11,C - Crucial,43.68575,-79.40059,Fail to protect food from contamination or adulteration - Sec. 26(1) 
VESTA LUNCH,2025-06-11,C - Crucial,43.67315,-79.41429,Fail to protect food from contamination or adulteration - Sec. 26(1) 
VESTA LUNCH,2025-06-11,C - Crucial,43.67315,-79.41429,Hot-holding potentially hazardous foods at internal temperature below 60 C - Sec. 30(a)
VESTA LUNCH,2025-06-11,C - Crucial,43.67315,-79.41429,Refrigerate potentially hazardous foods at internal temperature above 4 C - Sec. 30(a)
XPRESS TROPICAL FOODS & MEAT,2025-06-11,C - Crucial,43.70378,-79.50434,Fail to obtain food from source subject to inspection - Sec. 29(1)  
CASA MANILA,2025-06-11,C - Crucial,43.67843,-79.34886,Fail to protect food from contamination or adulteration - Sec. 26(1) 
HAVEN TORONTO,2025-06-12,C - Crucial,43.65557,-79.37436,Fail to protect food from contamination or adulteration - Sec. 26(1) 
MR DIZI,2025-06-12,C - Crucial,43.76734,-79.46983,Fail to process food in manner safe to eat - Sec. 26(2)
MR DIZI,2025-06-12,C - Crucial,43.76734,-79.46983,Fail to protect food from contamination or adulteration - Sec. 26(1) 
TASTY SHAWARMA AND GRILL,2025-06-12,C - Crucial,43.68703,-79.39344,Refrigerate potentially hazardous foods at internal temperature above 4 C - Sec. 30(a)
THE OVEN FRESH,2025-06-12,C - Crucial,43.77937,-79.30653,Maintain potentially hazardous foods at internal temperature between 4 C and 60 C -  Sec. 27(1)
FAT BASTARD BURRITO CO.,2025-06-13,C - Crucial,43.64995,-79.48287,Fail to process food in manner safe to eat - Sec. 26(2)
FAT BASTARD BURRITO CO.,2025-06-13,C - Crucial,43.64995,-79.48287,Distribute potentially hazardous foods at internal temperature between 4 C and 60 C - Sec. 27(1)
FOODY MART,2025-06-13,C - Crucial,43.81553,-79.32202,Maintain potentially hazardous foods at internal temperature between 4 C and 60 C -  Sec. 27(1)
HI YOGURT,2025-06-13,C - Crucial,43.77644,-79.41511,Fail to protect food from contamination or adulteration - Sec. 26(1) 
HI YOGURT,2025-06-13,C - Crucial,43.77644,-79.41511,Fail to ensure food handler in food premise washes hands as necessary to prevent contamination of food - Sec. 33(1)(e) 
CHACHEE'S CHAI CAFE,2025-06-16,C - Crucial,43.70779,-79.34348,Store potentially hazardous foods at internal temperature between 4 C and 60 C - Sec. 27(1)
DR. LAFFA ON THE GO,2025-06-16,C - Crucial,43.7293,-79.43174,Maintain potentially hazardous foods at internal temperature between 4 C and 60 C -  Sec. 27(1)
DR. LAFFA ON THE GO,2025-06-16,C - Crucial,43.7293,-79.43174,Fail to process food in manner safe to eat - Sec. 26(2)
ELFS STUCCO EMPLOYERS SOCIETY,2025-06-16,C - Crucial,43.76357,-79.48945,Refrigerate potentially hazardous foods at internal temperature above 4 C - Sec. 30(a)
JEYAM DINING AND CATERING,2025-06-13,C - Crucial,43.76412,-79.3008,Maintain potentially hazardous foods at internal temperature between 4 C and 60 C -  Sec. 27(1)
ONKOD,2025-06-16,C - Crucial,43.69769,-79.51031,Refrigerate potentially hazardous foods at internal temperature above 4 C - Sec. 30(a)
ONKOD,2025-06-16,C - Crucial,43.69769,-79.51031,"Fail to subject meat products to process to destroy bacteria, parasites and other forms of contamination - Sec. 36(1)  "
WU MING HOT POT,2025-06-16,C - Crucial,43.7785,-79.41488,Fail to protect food from contamination or adulteration - Sec. 26(1) 
BIRYANIS AND MORE,2025-06-17,C - Crucial,43.77425,-79.32244,Maintain potentially hazardous foods at internal temperature between 4 C and 60 C -  Sec. 27(1)
ISLAND PRINCESS,2025-06-17,C - Crucial,43.63782,-79.39023,Food premise maintained in manner permitting health hazard - Sec. 7(1)(a)(i)    
EASTDALE COLLEGIATE INSTITUTE,2025-06-18,C - Crucial,43.66594,-79.34882,Store potentially hazardous foods at internal temperature between 4 C and 60 C - Sec. 27(1)
PI-CO,2025-06-18,C - Crucial,43.72608,-79.45147,Display potentially hazardous foods at internal temperature between 4 C and 60 C - Sec. 27(1)
THE HERITAGE CAFE & KITCHEN,2025-06-17,C - Crucial,43.65577,-79.3637,Food premise maintained in manner to permit contamination of single-service articles - Sec. 7(1)(h)  
THE HERITAGE CAFE & KITCHEN,2025-06-17,C - Crucial,43.65577,-79.3637,Store potentially hazardous foods at internal temperature between 4 C and 60 C - Sec. 27(1)
EL MESON DEL CHARRO,2025-06-18,C - Crucial,43.70727,-79.50531,Fail to protect food from contamination or adulteration - Sec. 26(1) 
EL MESON DEL CHARRO,2025-06-18,C - Crucial,43.70727,-79.50531,Store potentially hazardous foods at internal temperature between 4 C and 60 C - Sec. 27(1)
EL MESON DEL CHARRO,2025-06-18,C - Crucial,43.70727,-79.50531,Refrigerate potentially hazardous foods at internal temperature above 4 C - Sec. 30(a)
FOOD WORLD,2025-06-19,C - Crucial,43.73447,-79.60444,Fail to protect food from contamination or adulteration - Sec. 26(1) 
SUBWAY,2025-06-19,C - Crucial,43.68495,-79.52398,Store potentially hazardous foods at internal temperature between 4 C and 60 C - Sec. 27(1)
EURO DELI LTD,2025-06-20,C - Crucial,43.68495,-79.52398,Fail to protect food from contamination or adulteration - Sec. 26(1) 
FRESH VALUE MARKET,2025-06-20,C - Crucial,43.77298,-79.32114,Fail to protect food from contamination or adulteration - Sec. 26(1) 
Indian Roti House,2025-06-19,C - Crucial,43.66448,-79.38008,Fail to protect food from contamination or adulteration - Sec. 26(1) 
LAHORI TASTE & BURGER HOUSE,2025-06-19,C - Crucial,43.67208,-79.32466,Fail to protect food from contamination or adulteration - Sec. 26(1) 
LAHORI TASTE & BURGER HOUSE,2025-06-19,C - Crucial,43.67208,-79.32466,Fail to ensure food handler in food premise washes hands as necessary to prevent contamination of food - Sec. 33(1)(e) 
MARHABA SUPERMARKET,2025-06-19,C - Crucial,43.69096,-79.29073,Food premise maintained in manner permitting health hazard (Insects) - Sec. 7(1)(a)(i)    
MARHABA SUPERMARKET,2025-06-19,C - Crucial,43.69096,-79.29073,Food premise maintained in manner permitting adverse effect on food - Sec. 7(1)(a)(iii) 
PITA LAND,2025-06-20,C - Crucial,43.71693,-79.44743,Store potentially hazardous foods at internal temperature between 4 C and 60 C - Sec. 27(1)
SOY BOYS,2025-06-19,C - Crucial,43.66448,-79.38008,Fail to protect food from contamination or adulteration - Sec. 26(1) 
THE HERITAGE CAFE & KITCHEN,2025-06-20,C - Crucial,43.65577,-79.3637,Food premise maintained in manner to permit contamination of single-service articles - Sec. 7(1)(h)  
THE HERITAGE CAFE & KITCHEN,2025-06-20,C - Crucial,43.65577,-79.3637,Fail to protect food from contamination or adulteration - Sec. 26(1) 
THE HERITAGE CAFE & KITCHEN,2025-06-20,C - Crucial,43.65577,-79.3637,Food premise maintained in manner adversely affecting sanitary operation - Sec. 7(1)(a)(ii)
THE HERITAGE CAFE & KITCHEN,2025-06-20,C - Crucial,43.65577,-79.3637,Fail to ensure food handler in food premise washes hands as necessary to prevent contamination of food - Sec. 33(1)(e) 
THE HERITAGE CAFE & KITCHEN,2025-06-20,C - Crucial,43.65577,-79.3637,Store potentially hazardous foods at internal temperature between 4 C and 60 C - Sec. 27(1)
RUTH'S CATERING AND TAKEOUT,2025-06-20,C - Crucial,43.77421,-79.24126,Fail to protect food from contamination or adulteration - Sec. 26(1) 
RUTH'S CATERING AND TAKEOUT,2025-06-20,C - Crucial,43.77421,-79.24126,Maintain potentially hazardous foods at internal temperature between 4 C and 60 C -  Sec. 27(1)
DANISH PASTRY HOUSE,2025-06-23,C - Crucial,43.77775,-79.3445,Handle ice in unsanitary manner - Sec.  26(5) 
GABBY'S ROADHOUSE,2025-06-23,C - Crucial,43.72929,-79.4029,Food premise maintained in manner permitting adverse effect on food - Sec. 7(1)(a)(iii) 
Q'S SIGNATURE,2025-06-20,C - Crucial,43.65555,-79.36527,Fail to protect food from contamination or adulteration - Sec. 26(1) 
Q'S SIGNATURE,2025-06-20,C - Crucial,43.65555,-79.36527,Handle ice in unsanitary manner - Sec.  26(5) 
TINUNO,2025-06-23,C - Crucial,43.72911,-79.43242,Store potentially hazardous foods at internal temperature between 4 C and 60 C - Sec. 27(1)
ANJAPPAR CHETTINAD,2025-06-25,C - Crucial,43.74176,-79.2269,Fail to protect food from contamination or adulteration - Sec. 26(1) 
BANH MI TRUNG SON,2025-06-25,C - Crucial,43.72423,-79.5091,Fail to protect food from contamination or adulteration - Sec. 26(1) 
FOOD BASICS,2025-06-24,C - Crucial,43.70555,-79.34626,Refrigerate potentially hazardous foods at internal temperature above 4 C - Sec. 30(a)
FORTINO'S,2025-06-24,C - Crucial,43.71693,-79.44743,Offer for sale potentially hazardous foods at internal temperature between 4 C and 60 C - Sec. 27(1)
GRACE O'MALLEY'S,2025-06-25,C - Crucial,43.64758,-79.38841,Store potentially hazardous foods at internal temperature between 4 C and 60 C - Sec. 27(1)
HAZUKIDO,2025-06-25,C - Crucial,43.77775,-79.3445,Fail to ensure food handler in food premise washes hands as necessary to prevent contamination of food areas - Sec.  33(1)(e)
HAZUKIDO,2025-06-25,C - Crucial,43.77775,-79.3445,Display potentially hazardous foods at internal temperature between 4 C and 60 C - Sec. 27(1)
JOY FOODS EAT & SWEET,2025-06-25,C - Crucial,43.64168,-79.57669,Fail to protect food from contamination or adulteration - Sec. 26(1) 
LUCULLUS BAKERY,2025-06-25,C - Crucial,43.77775,-79.3445,Display potentially hazardous foods at internal temperature between 4 C and 60 C - Sec. 27(1)
PANTRY,2025-06-25,C - Crucial,43.72811,-79.43209,Store potentially hazardous foods at internal temperature between 4 C and 60 C - Sec. 27(1)
PIZZA MARU,2025-06-25,C - Crucial,43.65996,-79.37887,Store potentially hazardous foods at internal temperature between 4 C and 60 C - Sec. 27(1)
PIZZA MARU,2025-06-25,C - Crucial,43.65996,-79.37887,Fail to protect food from contamination or adulteration - Sec. 26(1) 
TIM HORTONS,2025-06-24,C - Crucial,43.78928,-79.41754,Maintain potentially hazardous foods at internal temperature between 4 C and 60 C -  Sec. 27(1)
VINAHOUSE BILLIARDS & LOUNGE,2025-06-24,C - Crucial,43.70745,-79.47336,Refrigerate potentially hazardous foods at internal temperature above 4 C - Sec. 30(a)
VINAHOUSE BILLIARDS & LOUNGE,2025-06-24,C - Crucial,43.70745,-79.47336,Store ice in unsanitary manner - Sec.  26(5) 
AMSTERDAM BREWHOUSE,2025-06-25,C - Crucial,43.63895,-79.38517,Fail to protect food from contamination or adulteration - Sec. 26(1) 
COLUMBUS BAKERY - CAFE INC,2025-06-25,C - Crucial,43.71898,-79.5078,Store potentially hazardous foods at internal temperature between 4 C and 60 C - Sec. 27(1)
COLUMBUS BAKERY - CAFE INC,2025-06-25,C - Crucial,43.71898,-79.5078,Maintain potentially hazardous foods at internal temperature between 4 C and 60 C -  Sec. 27(1)
COLUMBUS BAKERY - CAFE INC,2025-06-25,C - Crucial,43.71898,-79.5078,Fail to protect food from contamination or adulteration - Sec. 26(1) 
COLUMBUS BAKERY - CAFE INC,2025-06-25,C - Crucial,43.71898,-79.5078,Fail to ensure food handler in food premise washes hands as necessary to prevent contamination of food - Sec. 33(1)(e) 
YUMEI SUSHI,2025-06-25,C - Crucial,43.67135,-79.29489,Food premise maintained in manner to permit contamination of single-service articles - Sec. 7(1)(h)  
YUMEI SUSHI,2025-06-25,C - Crucial,43.67135,-79.29489,Fail to protect food from contamination or adulteration - Sec. 26(1) 
ADOBO FRESH BURRITOS,2025-06-27,C - Crucial,43.6481,-79.39486,Maintain potentially hazardous foods at internal temperature between 4 C and 60 C -  Sec. 27(1)
DESI BURGER,2025-06-26,C - Crucial,43.67183,-79.32474,Store potentially hazardous foods at internal temperature between 4 C and 60 C - Sec. 27(1)
DESI BURGER,2025-06-26,C - Crucial,43.67183,-79.32474,Food premise maintained in manner to permit contamination of single-service containers - Sec. 7(1)(h)  
GABBY'S ROADHOUSE,2025-06-27,C - Crucial,43.72929,-79.4029,Store potentially hazardous foods at internal temperature between 4 C and 60 C - Sec. 27(1)
KIBO SUSHI,2025-06-27,C - Crucial,43.64664,-79.39426,Store potentially hazardous foods at internal temperature between 4 C and 60 C - Sec. 27(1)
MAZADAR,2025-06-26,C - Crucial,43.66652,-79.31708,Fail to protect food from contamination or adulteration - Sec. 26(1) 
REYNA ON KING,2025-06-27,C - Crucial,43.65342,-79.3623,Food premise maintained in manner to permit contamination of single-service articles - Sec. 7(1)(h)  
REYNA ON KING,2025-06-27,C - Crucial,43.65342,-79.3623,Fail to protect food from contamination or adulteration - Sec. 26(1) 
TIQUICIA RESTAURANT,2025-06-27,C - Crucial,43.70398,-79.5044,Store potentially hazardous foods at internal temperature between 4 C and 60 C - Sec. 27(1)
TIQUICIA RESTAURANT,2025-06-27,C - Crucial,43.70398,-79.5044,Hot-holding potentially hazardous foods at internal temperature below 60 C - Sec. 30(a)
HEART BROKEN CANTINA,2025-06-27,C - Crucial,43.70463,-79.49224,Refrigerate potentially hazardous foods at internal temperature above 4 C - Sec. 30(a)
HEART BROKEN CANTINA,2025-06-27,C - Crucial,43.70463,-79.49224,Handle ice in unsanitary manner - Sec.  26(5) 
HEART BROKEN CANTINA,2025-06-27,C - Crucial,43.70463,-79.49224,Fail to protect food from contamination or adulteration - Sec. 26(1) 
SZECHUAN EXPRESS,2025-06-30,C - Crucial,43.72608,-79.45147,Fail to ensure food handler in food premise washes hands as necessary to prevent contamination of food - Sec. 33(1)(e) 
TAI CHI RESTAURANT,2025-06-30,C - Crucial,43.75963,-79.19799,Fail to protect food from contamination or adulteration - Sec. 26(1) 
TAI CHI RESTAURANT,2025-06-30,C - Crucial,43.75963,-79.19799,Food premise maintained in manner to permit contamination of single-service containers - Sec. 7(1)(h)  
ALTON RESTAURANT,2025-07-02,C - Crucial,43.82485,-79.27754,Maintain potentially hazardous foods at internal temperature between 4 C and 60 C -  Sec. 27(1)
ALTON RESTAURANT,2025-07-02,C - Crucial,43.82485,-79.27754,Fail to protect food from contamination or adulteration - Sec. 26(1) 
MUAY THAI BAR & RESTAURANT,2025-07-02,C - Crucial,43.64971,-79.39175,Store potentially hazardous foods at internal temperature between 4 C and 60 C - Sec. 27(1)
PHO DAC BIET,2025-07-02,C - Crucial,43.77289,-79.41354,Fail to protect food from contamination or adulteration - Sec. 26(1) 
KIBO SUSHI,2025-07-03,C - Crucial,43.7919,-79.41851,Store ice in unsanitary manner - Sec.  26(5) 
THE BIRYANI WALA,2025-07-03,C - Crucial,43.6642,-79.41506,Store potentially hazardous foods at internal temperature between 4 C and 60 C - Sec. 27(1)
THE CAT PUB AND EATERY,2025-07-04,C - Crucial,43.66545,-79.48923,Store potentially hazardous foods at internal temperature between 4 C and 60 C - Sec. 27(1)
THE CAT PUB AND EATERY,2025-07-04,C - Crucial,43.66545,-79.48923,Store ice in unsanitary manner - Sec.  26(5) 
BALAJI MESS,2025-07-04,C - Crucial,43.74496,-79.29824,Fail to protect food from contamination or adulteration - Sec. 26(1) 
GWALIA SWEETS & RESTAURANT,2025-07-03,C - Crucial,43.73546,-79.60582,Fail to protect food from contamination or adulteration - Sec. 26(1) 
NATIONS FRESH FOODS,2025-07-04,C - Crucial,43.67288,-79.47085,Fail to protect food from contamination or adulteration - Sec. 26(1) 
PI CO.,2025-07-04,C - Crucial,43.66164,-79.37958,Fail to protect food from contamination or adulteration - Sec. 26(1) 
5 SPICE DINING,2025-07-07,C - Crucial,43.82307,-79.24781,Fail to protect food from contamination or adulteration - Sec. 26(1) 
HUY-KY,2025-07-07,C - Crucial,43.66932,-79.33648,Fail to protect food from contamination or adulteration - Sec. 26(1) 
HUY-KY,2025-07-07,C - Crucial,43.66932,-79.33648,Store potentially hazardous foods at internal temperature between 4 C and 60 C - Sec. 27(1)
KEBAB PIZZA,2025-07-07,C - Crucial,43.70665,-79.53171,Fail to protect food from contamination or adulteration - Sec. 26(1) 
ONKOD,2025-07-07,C - Crucial,43.69769,-79.51031,Fail to protect food from contamination or adulteration - Sec. 26(1) 
ONKOD,2025-07-07,C - Crucial,43.69769,-79.51031,Refrigerate potentially hazardous foods at internal temperature above 4 C - Sec. 30(a)
OSMOW'S,2025-07-07,C - Crucial,43.72608,-79.45147,Store potentially hazardous foods at internal temperature between 4 C and 60 C - Sec. 27(1)
OSMOW'S,2025-07-07,C - Crucial,43.72608,-79.45147,Fail to ensure food handler in food premise washes hands as necessary to prevent contamination of food - Sec. 33(1)(e) 
OSMOW'S,2025-07-07,C - Crucial,43.72608,-79.45147,Fail to protect food from contamination or adulteration - Sec. 26(1) 
GRANDMA LOVES YOU,2025-07-08,C - Crucial,43.75283,-79.45256,Display potentially hazardous foods at internal temperature between 4 C and 60 C - Sec. 27(1)
RUI'S BBQ,2025-07-08,C - Crucial,43.68262,-79.46471,Display potentially hazardous foods at internal temperature between 4 C and 60 C - Sec. 27(1)
RUI'S BBQ,2025-07-08,C - Crucial,43.68262,-79.46471,Fail to protect food from contamination or adulteration - Sec. 26(1) 
MONTEGO JERK,2025-07-09,C - Crucial,43.75851,-79.51944,Fail to protect food from contamination or adulteration - Sec. 26(1) 
MONTEGO JERK,2025-07-09,C - Crucial,43.75851,-79.51944,Refrigerate potentially hazardous foods at internal temperature above 4 C - Sec. 30(a)
PANCHVATI SUPERMARKETS,2025-07-08,C - Crucial,43.73703,-79.6059,Store potentially hazardous foods at internal temperature between 4 C and 60 C - Sec. 27(1)
PANCHVATI SUPERMARKETS,2025-07-08,C - Crucial,43.73703,-79.6059,Fail to protect food from contamination or adulteration - Sec. 26(1) 
QUEEN SHAWARMA,2025-07-09,C - Crucial,43.64426,-79.41865,Refrigerate potentially hazardous foods at internal temperature above 4 C - Sec. 30(a)
REHRI HOUSE,2025-07-09,C - Crucial,43.73597,-79.60225,Fail to protect food from contamination or adulteration - Sec. 26(1) 
1910 LA MEXICANA SABOR A PATRIA,2025-07-10,C - Crucial,43.7301,-79.47043,Fail to protect food from contamination or adulteration - Sec. 26(1) 
BELLY BUSTER SUBMARINES,2025-07-10,C - Crucial,43.70016,-79.4536,Fail to protect food from contamination or adulteration - Sec. 26(1) 
BELLY BUSTER SUBMARINES,2025-07-10,C - Crucial,43.70016,-79.4536,Refrigerate potentially hazardous foods at internal temperature above 4 C - Sec. 30(a)
KUNG FU TEA,2025-07-10,C - Crucial,43.65207,-79.39812,Store potentially hazardous foods at internal temperature between 4 C and 60 C - Sec. 27(1)
MJ CURRY KITCHEN AND SHAWARMA,2025-07-10,C - Crucial,43.65711,-79.37361,Fail to protect food from contamination or adulteration - Sec. 26(1) 
PIZZA PIZZA,2025-07-10,C - Crucial,43.79835,-79.36962,Refrigerate potentially hazardous foods at internal temperature above 4 C - Sec. 30(a)
2-4-1 PIZZA,2025-07-11,C - Crucial,43.66893,-79.3379,Store potentially hazardous foods at internal temperature between 4 C and 60 C - Sec. 27(1)
THE FAMOUS OWL OF MINERVA,2025-07-11,C - Crucial,43.65261,-79.39803,Fail to protect food from contamination or adulteration - Sec. 26(1) 
WOODS RESTAURANT AND BAR,2025-07-10,C - Crucial,43.64899,-79.37503,Fail to protect food from contamination or adulteration - Sec. 26(1) 
