Establishment Name,Inspection Date,Severity,Latitude,Longitude,Infraction Details
# HASHTAG INDIA RESTAURANT,2022-08-10,C - Crucial,43.722528710619756,-79.30356803301893,Store potentially hazardous foods at internal temperature between 4 C and 60 C - Sec. 27(1)
# HASHTAG INDIA RESTAURANT,2023-04-04,C - Crucial,43.72160299918052,-79.3036822033778,Food premise maintained in manner to permit contamination of single-service articles - Sec. 7(1)(h)  
1688 DIM SUM,2022-09-22,C - Crucial,43.785071816168625,-79.27739172952104,Fail to protect food from contamination or adulteration - Sec. 26(1) 
19 EATERY,2023-02-16,C - Crucial,43.77949630217799,-79.41743835450987,Fail to protect food from contamination or adulteration - Sec. 26(1) 
19 EATERY,2023-02-16,C - Crucial,43.77893009611431,-79.41733526889797,Fail to ensure food handler in food premise washes hands as necessary to prevent contamination of food areas - Sec.  33(1)(e)
19 EATERY,2023-02-16,C - Crucial,43.779178776198684,-79.41722135844523,Maintain potentially hazardous foods at internal temperature between 4 C and 60 C -  Sec. 27(1)
2-4-1 PIZZA,2023-09-28,C - Crucial,43.743001589982285,-79.30791494066371,Store potentially hazardous foods at internal temperature between 4 C and 60 C - Sec. 27(1)
225 MORNINGSIDE FOOD BANK,2022-09-30,C - Crucial,43.766666598816315,-79.1847389286561,Distribute potentially hazardous foods at internal temperature between 4 C and 60 C - Sec. 27(1)
244 PIZZA & WINGS,2023-09-08,C - Crucial,43.68727921341746,-79.4906065561554,Fail to protect food from contamination or adulteration - Sec. 26(1) 
3 EGGS ALL DAY PUB & GRILL,2024-02-08,C - Crucial,43.70062525982913,-79.42810880204259,Store potentially hazardous foods at internal temperature between 4 C and 60 C - Sec. 27(1)
34 CAFE,2023-12-13,C - Crucial,43.726313291448186,-79.48084687930589,Fail to protect food from contamination or adulteration - Sec. 26(1) 
369 MART,2024-02-26,C - Crucial,43.71858559372065,-79.50787706855039,Food premise maintained in manner permitting adverse effect on food - Sec. 7(1)(a)(iii) 
5 ELEMENTS ESPRESSO BAR,2022-10-25,C - Crucial,43.67403621222126,-79.39601363394239,Fail to protect food from contamination or adulteration - Sec. 26(1) 
5 ELEMENTS ESPRESSO BAR,2022-10-25,C - Crucial,43.67374271527313,-79.39613369395636,Store potentially hazardous foods at internal temperature between 4 C and 60 C - Sec. 27(1)
5 ELEMENTS ESPRESSO BAR,2023-06-07,C - Crucial,43.67342601238874,-79.39565173593512,Offer for sale potentially hazardous foods at internal temperature between 4 C and 60 C - Sec. 27(1)
5 ELEMENTS ESPRESSO BAR,2023-06-07,C - Crucial,43.67333418583669,-79.3954994078341,Fail to protect food from contamination or adulteration - Sec. 26(1) 
5 SPICE DINING,2022-08-19,C - Crucial,43.822618739027696,-79.24782343999516,Store potentially hazardous foods at internal temperature between 4 C and 60 C - Sec. 27(1)
5 SPICE DINING,2022-08-19,C - Crucial,43.82321340248105,-79.24787269900548,Food premise maintained in manner permitting adverse effect on food - Sec. 7(1)(a)(iii) 
5 SPICE DINING,2024-02-26,C - Crucial,43.82286195395337,-79.24822649408577,Fail to protect food from contamination or adulteration - Sec. 26(1) 
TCHC COMMUNITY KITCHEN,2023-02-14,C - Crucial,43.706307727558105,-79.27888564927002,Fail to protect food from contamination or adulteration - Sec. 26(1) 
TCHC COMMUNITY KITCHEN,2023-08-25,C - Crucial,43.70594603851837,-79.27908329361631,Food premise maintained in manner permitting adverse effect on food - Sec. 7(1)(a)(iii) 
6ixTriangles,2023-06-30,C - Crucial,43.6392591573189,-79.42235107018026,Fail to protect food from contamination or adulteration - Sec. 26(1) 
7-ELEVEN,2024-04-24,C - Crucial,43.720352480494796,-79.51388901102973,Distribute potentially hazardous foods at internal temperature between 4 C and 60 C - Sec. 27(1)
8 MILE PIZZA,2024-05-14,C - Crucial,43.66834184295294,-79.38666485107277,Fail to protect food from contamination or adulteration - Sec. 26(1) 
955 CHINESE FOOD,2024-05-24,C - Crucial,43.67303015568893,-79.28672910805648,Food premise maintained in manner permitting adverse effect on food - Sec. 7(1)(a)(iii) 
99 SUSHI,2023-08-21,C - Crucial,43.707776984339674,-79.39342206554346,Store ice in unsanitary manner - Sec.  26(5) 
99 SUSHI,2023-08-21,C - Crucial,43.708178927162,-79.39295620532522,Fail to protect food from contamination or adulteration - Sec. 26(1) 
A & C HOT PEPPER TAKE-OUT RESTAURANT,2024-02-22,C - Crucial,43.67423731476853,-79.45995776615158,Hot-holding potentially hazardous foods at internal temperature below 60 C - Sec. 30(a)
A & C HOT PEPPER TAKE-OUT RESTAURANT,2024-02-22,C - Crucial,43.674035059541396,-79.4607201078497,Food premise maintained in manner to permit contamination of single-service containers - Sec. 7(1)(h)  
A BBQ HOUSE,2024-05-06,C - Crucial,43.666903700473924,-79.38604071118118,Fail to protect food from contamination or adulteration - Sec. 26(1) 
A SUNSHINE RESTAURANT,2022-06-27,C - Crucial,43.769791386839074,-79.37482434844522,Food premise maintained in manner permitting health hazard (Insects) - Sec. 7(1)(a)(i)    
A SUNSHINE RESTAURANT,2022-06-27,C - Crucial,43.7705243639081,-79.37499265636032,Food premise maintained in manner permitting adverse effect on food - Sec. 7(1)(a)(iii) 
A SZECHUAN RESTAURANT,2022-10-07,C - Crucial,43.65678689764067,-79.40016296141864,Fail to protect food from contamination or adulteration - Sec. 26(1) 
A&W,2024-02-08,C - Crucial,43.66515084257154,-79.41097338434274,Maintain potentially hazardous foods at internal temperature between 4 C and 60 C -  Sec. 27(1)
ABBIRAMI CATERING & TAKE-OUT,2023-07-12,C - Crucial,43.73526653524687,-79.25224143273523,Fail to protect food from contamination or adulteration - Sec. 26(1) 
ABBIRAMI CATERING & TAKE-OUT,2023-07-12,C - Crucial,43.73473349003932,-79.25170833208507,Maintain potentially hazardous foods at internal temperature between 4 C and 60 C -  Sec. 27(1)
ABBIRAMI CATERING & TAKE-OUT,2024-02-20,C - Crucial,43.735515671070004,-79.2528718140273,Distribute potentially hazardous foods at internal temperature between 4 C and 60 C - Sec. 27(1)
ABSOLUTE COMEDY,2023-04-25,C - Crucial,43.708546811739545,-79.39856917282692,Fail to protect food from contamination or adulteration - Sec. 26(1) 
ACR HOT ROTI & DOUBLES,2022-09-15,C - Crucial,43.752219252884224,-79.2625046057912,Fail to protect food from contamination or adulteration - Sec. 26(1) 
ACR HOT ROTI & DOUBLES,2022-09-15,C - Crucial,43.752247546127556,-79.26206254619626,Hot-holding potentially hazardous foods at internal temperature below 60 C - Sec. 30(a)
ADDA,2023-04-11,C - Crucial,43.694217216086756,-79.27713521433094,Maintain potentially hazardous foods at internal temperature between 4 C and 60 C -  Sec. 27(1)
ADDA,2023-04-11,C - Crucial,43.69398209578101,-79.2779032928838,Food premise maintained in manner permitting adverse effect on food - Sec. 7(1)(a)(iii) 
ADI BIKRAMPUR SWEETS & FAST FOOD,2023-08-02,C - Crucial,43.69079920266772,-79.29144676353876,Store potentially hazardous foods at internal temperature between 4 C and 60 C - Sec. 27(1)
ADOBO FRESH BURRITO MEXICAN GRILL,2023-12-05,C - Crucial,43.64563026622925,-79.368999574667,Fail to ensure food handler in food premise washes hands as necessary to prevent contamination of food - Sec. 33(1)(e) 
ADOBO FRESH BURRITO MEXICAN GRILL,2024-06-17,C - Crucial,43.64528045901535,-79.36862093948486,Fail to protect food from contamination or adulteration - Sec. 26(1) 
AFRICA MART,2024-03-18,C - Crucial,43.75403906196592,-79.24438709648693,Fail to ensure storage shelves designed to protect against contamination - Sec. 31
AFRICAN KING MEAT SHOP,2022-09-14,C - Crucial,43.72368323139068,-79.50891282028813,Fail to protect food from contamination or adulteration - Sec. 26(1) 
AFRICAN KING MEAT SHOP,2022-09-14,C - Crucial,43.72413690339888,-79.50877342421117,Food premise maintained in manner permitting health hazard (Rodents) - Sec. 7(1)(a)(i)    
AFRO CARIBBEAN FOODS,2023-06-08,C - Crucial,43.7197732153184,-79.50788776436444,Fail to protect food from contamination or adulteration - Sec. 26(1) 
AH-SO SUSHI,2023-11-20,C - Crucial,43.63932219599366,-79.41034672194382,Display potentially hazardous foods at internal temperature between 4 C and 60 C - Sec. 27(1)
AISH TANOOR,2022-09-08,C - Crucial,43.700089130822185,-79.4294008486643,Food premise maintained in manner permitting health hazard (Rodents) - Sec. 7(1)(a)(i)    
AISH TANOOR,2023-11-29,C - Crucial,43.70106509815965,-79.42901917560431,Food premise maintained in manner permitting adverse effect on food - Sec. 7(1)(a)(iii) 
AISLE 24,2022-07-15,C - Crucial,43.6550657530267,-79.35509954610201,Fail to protect food from contamination or adulteration - Sec. 26(1) 
AITAIKER TAIWANESE FRIED CHICKEN,2024-03-04,C - Crucial,43.77522347922895,-79.41601844357965,Fail to ensure food handler in food premise washes hands as necessary to prevent contamination of food - Sec. 33(1)(e) 
AKAI,2023-06-20,C - Crucial,43.66312130227432,-79.40492112309572,Fail to protect food from contamination or adulteration - Sec. 26(1) 
AKAI,2023-06-20,C - Crucial,43.66302877648729,-79.40562276243553,Refrigerate potentially hazardous foods at internal temperature above 4 C - Sec. 30(a)
AKHIGBE AFRICAN-CARIBBEAN FOOD MARKET,2022-07-28,C - Crucial,43.75284785047017,-79.62167746325984,Fail to protect food from contamination or adulteration - Sec. 26(1) 
AL DIWAN RESTAURANT,2023-01-09,C - Crucial,43.75986985404601,-79.22602327589905,Fail to protect food from contamination or adulteration - Sec. 26(1) 
AL MEEZAN GROCERY & TAKE OUT,2022-07-13,C - Crucial,43.737640159748295,-79.56673290038971,Fail to protect food from contamination or adulteration - Sec. 26(1) 
AL-MINA HALAL MEAT & GROCERY/ MADINA NAAN & KABOB,2023-03-29,C - Crucial,43.70456318104857,-79.35007390963096,Fail to protect food from contamination or adulteration - Sec. 26(1) 
AL-MINA HALAL MEAT & GROCERY/ MADINA NAAN & KABOB,2023-03-29,C - Crucial,43.70492588393202,-79.34917624616348,Fail to ensure food handler in food premise washes hands as necessary to prevent contamination of food areas - Sec.  33(1)(e)
AL-MINA HALAL MEAT & GROCERY/ MADINA NAAN & KABOB,2023-07-24,C - Crucial,43.70464616991728,-79.34986727392749,Fail to protect food from contamination or adulteration - Sec. 26(1) 
AL-MINA HALAL MEAT & GROCERY/ MADINA NAAN & KABOB,2023-08-18,C - Crucial,43.70437184098797,-79.34952085661595,Fail to protect food from contamination or adulteration - Sec. 26(1) 
ALBERTO'S SPORTS BAR & GRILL,2024-03-05,C - Crucial,43.74911391730007,-79.56063264558384,Store ice in unsanitary manner - Sec.  26(5) 
ALBERTO'S SPORTS BAR & GRILL,2024-03-05,C - Crucial,43.749091381548844,-79.56106107067072,Food premise maintained in manner to permit contamination of single-service containers - Sec. 7(1)(h)  
ALEXANDROS TAKE OUT,2023-11-29,C - Crucial,43.64125332973421,-79.37553536294517,Fail to protect food from contamination or adulteration - Sec. 26(1) 
ALI BABA 'S,2024-05-07,C - Crucial,43.641769223947996,-79.41146817978398,Food premise maintained in manner to permit contamination of single-service articles - Sec. 7(1)(h)  
ALI BABA 'S,2024-05-07,C - Crucial,43.642164095579126,-79.41197278176168,Fail to ensure food handler in food premise refrains from conduct that could result in contamination of food - Sec. 33(1)(h) 
Samosa + Patty,2023-02-03,C - Crucial,43.66292140571859,-79.41916610504525,Store potentially hazardous foods at internal temperature between 4 C and 60 C - Sec. 27(1)
ALI BABA'S,2024-02-22,C - Crucial,43.76951665098798,-79.54874513613868,Fail to ensure food handler in food premise washes hands as necessary to prevent contamination of food - Sec. 33(1)(e) 
ALI BABA'S MIDDLE EASTERN CUISINE,2023-02-21,C - Crucial,43.64087428455818,-79.43595927881954,Fail to protect food from contamination or adulteration - Sec. 26(1) 
ALI BABA'S MIDDLE EASTERN CUISINE,2023-07-13,C - Crucial,43.640686148756636,-79.43538195145769,Store potentially hazardous foods at internal temperature between 4 C and 60 C - Sec. 27(1)
ALI BABA'S MIDDLE EASTERN CUISINE,2023-11-20,C - Crucial,43.65105602828657,-79.47700982672953,Fail to protect food from contamination or adulteration - Sec. 26(1) 
ALI'S NO FRILLS,2022-06-21,C - Crucial,43.66329408119825,-79.36725945364506,Display potentially hazardous foods at internal temperature between 4 C and 60 C - Sec. 27(1)
ALL IN ONE ENTERPRISE,2023-06-20,C - Crucial,43.692387772480785,-79.44044765112596,Store potentially hazardous foods at internal temperature between 4 C and 60 C - Sec. 27(1)
ALL SEASON FOOD MARKET,2023-10-19,C - Crucial,43.697581573507,-79.44192653827328,Store ice in unsanitary manner - Sec.  26(5) 
ALMINZ BAKESHOP,2023-08-23,C - Crucial,43.73854992617766,-79.4342634805355,Fail to ensure food handler in food premise washes hands as necessary to prevent contamination of food - Sec. 33(1)(e) 
ALOETTE GO,2023-11-08,C - Crucial,43.708872987257706,-79.39912028680119,Store potentially hazardous foods at internal temperature between 4 C and 60 C - Sec. 27(1)
ALTONA KABOB,2024-05-17,C - Crucial,43.79066756259231,-79.41837746511153,Store potentially hazardous foods at internal temperature between 4 C and 60 C - Sec. 27(1)
AMAYA,2023-04-03,C - Crucial,43.7262329090677,-79.45146155933931,Fail to protect food from contamination or adulteration - Sec. 26(1) 
AMAYA,2023-04-03,C - Crucial,43.72618092022206,-79.45127002187623,Fail to ensure food handler in food premise washes hands as necessary to prevent contamination of food - Sec. 33(1)(e) 
AMAYA,2023-04-03,C - Crucial,43.72627659600879,-79.4511437057807,Store potentially hazardous foods at internal temperature between 4 C and 60 C - Sec. 27(1)
AMAZING SICHUAN CUISINE,2024-04-24,C - Crucial,43.75828924421478,-79.19953088602986,Fail to protect food from contamination or adulteration - Sec. 26(1) 
AMBASSADOR SAUNA,2023-12-06,C - Crucial,43.755770757923976,-79.44104483961728,Fail to protect food from contamination or adulteration - Sec. 26(1) 
AMIRTHAM TAKE-OUT,2024-06-10,C - Crucial,43.80262726969527,-79.19901586526595,Hot-holding potentially hazardous foods at internal temperature below 60 C - Sec. 30(a)
AMMA MOMO HOUSE,2024-05-10,C - Crucial,43.673585466641725,-79.28299800511832,Store potentially hazardous foods at internal temperature between 4 C and 60 C - Sec. 27(1)
AMOR A LA MEXICANA,2024-01-11,C - Crucial,43.75161807932071,-79.55214616066351,Fail to ensure food handler in food premise washes hands as necessary to prevent contamination of food - Sec. 33(1)(e) 
AMPLE FOOD MARKET,2023-10-10,C - Crucial,43.6819343544588,-79.47508768830453,Display potentially hazardous foods at internal temperature between 4 C and 60 C - Sec. 27(1)
AMTU  DISCOUNT &CONVENIENCE,2023-10-23,C - Crucial,43.680666486748365,-79.28680934592893,Fail to ensure storage racks designed to protect against contamination - Sec. 31
ANEJO RESTAURANT,2022-10-27,C - Crucial,43.734368040373504,-79.3457423441632,Hot-holding potentially hazardous foods at internal temperature below 60 C - Sec. 30(a)
ANIMAL LIBRATION KITCHEN,2023-07-28,C - Crucial,43.65831244168774,-79.35043957277303,Store potentially hazardous foods at internal temperature between 4 C and 60 C - Sec. 27(1)
ANJAPPAR CHETTINAD,2022-07-22,C - Crucial,43.74156575960276,-79.22669544220327,Store potentially hazardous foods at internal temperature between 4 C and 60 C - Sec. 27(1)
ANNALAKSHMI,2022-08-10,C - Crucial,43.64496941002523,-79.3918328065597,Fail to protect food from contamination or adulteration - Sec. 26(1) 
ANNALAKSHMI,2023-09-22,C - Crucial,43.644929548612346,-79.39180938382381,Fail to protect food from contamination or adulteration - Sec. 26(1) 
ANOUSH MIDDLE EASTERN CUISINE,2023-10-04,C - Crucial,43.643239251322726,-79.39120158615141,Fail to protect food from contamination or adulteration - Sec. 26(1) 
ANTHONY'S CAFE,2022-09-09,C - Crucial,43.72348971627649,-79.33703491941428,Maintain potentially hazardous foods at internal temperature between 4 C and 60 C -  Sec. 27(1)
ANTONIO PARK RESTAURANT,2023-05-24,C - Crucial,43.66952297656273,-79.38909708007832,Refrigerate potentially hazardous foods at internal temperature above 4 C - Sec. 30(a)
APOTEX JEWISH HOME FOR THE AGED,2024-01-19,C - Crucial,43.7308469864994,-79.43428524749538,Fail to protect food from contamination or adulteration - Sec. 26(1) 
APOTEX JEWISH HOME FOR THE AGED,2024-01-19,C - Crucial,43.73001146146746,-79.43365001733194,Store potentially hazardous foods at internal temperature between 4 C and 60 C - Sec. 27(1)
APOTEX JEWISH HOME FOR THE AGED,2024-01-19,C - Crucial,43.73007746688703,-79.43453270702696,Refrigerate potentially hazardous foods at internal temperature above 4 C - Sec. 30(a)
ARAMARK CANADA,2022-10-12,C - Crucial,43.78226316253137,-79.24241395705216,Refrigerate potentially hazardous foods at internal temperature above 4 C - Sec. 30(a)
ARIAM CAFE,2024-04-25,C - Crucial,43.68193437413657,-79.33088793638606,Fail to protect food from contamination or adulteration - Sec. 26(1) 
ARIZONA B-BAR & GRILL,2023-03-29,C - Crucial,43.68349615549341,-79.59274760701906,Maintain potentially hazardous foods at internal temperature between 4 C and 60 C -  Sec. 27(1)
ARMENIAN KITCHEN,2022-08-03,C - Crucial,43.73073112537007,-79.30601059594235,Fail to ensure food handler in food premise washes hands as necessary to prevent contamination of food - Sec. 33(1)(e) 
ARMENIAN KITCHEN,2023-10-24,C - Crucial,43.73076509356819,-79.30549719387541,Fail to ensure food handler in food premise washes hands as necessary to prevent contamination of food - Sec. 33(1)(e) 
AROMA ESPRESSO BAR,2022-08-24,C - Crucial,43.70762724732435,-79.39935612972548,Refrigerate potentially hazardous foods at internal temperature above 4 C - Sec. 30(a)
AROMA ESPRESSO BAR,2023-07-18,C - Crucial,43.70715771022229,-79.399312240798,Refrigerate potentially hazardous foods at internal temperature above 4 C - Sec. 30(a)
AROMA FINE INDIAN CUISINE,2022-06-30,C - Crucial,43.64617566190433,-79.38914892354647,Fail to protect food from contamination or adulteration - Sec. 26(1) 
ARSENIOS KITCHEN,2022-08-08,C - Crucial,43.70827699737445,-79.30204456996906,Food premise maintained in manner permitting adverse effect on food - Sec. 7(1)(a)(iii) 
ARSENIOS KITCHEN,2022-12-19,C - Crucial,43.70795140934125,-79.3023321684083,Food premise maintained in manner permitting adverse effect on food - Sec. 7(1)(a)(iii) 
ARSENIOS KITCHEN,2023-08-01,C - Crucial,43.707830466197386,-79.302163775607,Food premise maintained in manner permitting adverse effect on food - Sec. 7(1)(a)(iii) 
ASIA DELIGHT,2022-07-27,C - Crucial,43.75693486461149,-79.31227828872385,Maintain potentially hazardous foods at internal temperature between 4 C and 60 C -  Sec. 27(1)
ASIA DELIGHT,2022-07-27,C - Crucial,43.75709791936103,-79.31296267566218,Fail to protect food from contamination or adulteration - Sec. 26(1) 
ASIA DELIGHT,2023-10-25,C - Crucial,43.75725553569036,-79.31211635295321,Fail to protect food from contamination or adulteration - Sec. 26(1) 
ASIA DELIGHT,2024-06-06,C - Crucial,43.757098520273864,-79.3123910801834,Fail to protect food from contamination or adulteration - Sec. 26(1) 
ASIA FOOD MART,2024-02-28,C - Crucial,43.814914249014016,-79.2962266431718,Store potentially hazardous foods at internal temperature between 4 C and 60 C - Sec. 27(1)
ASIAN BUFFET,2023-06-21,C - Crucial,43.71080420128418,-79.5683390342286,Fail to protect food from contamination or adulteration - Sec. 26(1) 
ASIAN BUFFET,2023-06-21,C - Crucial,43.71103131322316,-79.5690335867629,Maintain potentially hazardous foods at internal temperature between 4 C and 60 C -  Sec. 27(1)
ASIAN FOOD CENTRE GOCERY SHOP,2023-06-23,C - Crucial,43.74189228468062,-79.60459230266757,Fail to protect food from contamination or adulteration - Sec. 26(1) 
ASIAN GOURMET,2024-03-11,C - Crucial,43.71692503000754,-79.4470752326398,Fail to protect food from contamination or adulteration - Sec. 26(1) 
ASIAN GOURMET,2024-03-11,C - Crucial,43.71712930535435,-79.44764672554186,Store potentially hazardous foods at internal temperature between 4 C and 60 C - Sec. 27(1)
ASIAN GOURMET,2024-03-11,C - Crucial,43.71665975704172,-79.44782170901074,Fail to ensure food handler in food premise washes hands as necessary to prevent contamination of food - Sec. 33(1)(e) 
ASIAN LEGEND,2024-03-11,C - Crucial,43.726957598995874,-79.34168397664237,Maintain potentially hazardous foods at internal temperature between 4 C and 60 C -  Sec. 27(1)
ASIAN LEGEND,2024-03-11,C - Crucial,43.727295585611174,-79.34219718103975,Fail to ensure food handler in food premise washes hands as necessary to prevent contamination of food - Sec. 33(1)(e) 
ASMERA BAR AND RESTAURANT,2024-04-18,C - Crucial,43.68207589621269,-79.33184742479598,Fail to protect food from contamination or adulteration - Sec. 26(1) 
ASTORIA,2024-01-31,C - Crucial,43.67835839928877,-79.3515826658693,Fail to protect food from contamination or adulteration - Sec. 26(1) 
ASTRO VARIETY & GIFTS,2023-02-03,C - Crucial,43.70790123837299,-79.45340175329503,Fail to ensure room kept free from live birds or animals - Sec. 14(1)
AU PAIN DORE,2023-04-20,C - Crucial,43.64800088278374,-79.38023686187418,Store potentially hazardous foods at internal temperature between 4 C and 60 C - Sec. 27(1)
AU PAIN DORE,2023-11-10,C - Crucial,43.662559604848795,-79.3861788746407,Fail to protect food from contamination or adulteration - Sec. 26(1) 
AYOKA-ADE AFRICAN DELICACIES INC,2024-01-11,C - Crucial,43.75102585399808,-79.5521520277185,Fail to protect food from contamination or adulteration - Sec. 26(1) 
AYOKA-ADE AFRICAN DELICACIES INC,2024-01-11,C - Crucial,43.751235258698976,-79.55221486580498,Fail to ensure food handler in food premise washes hands as necessary to prevent contamination of food - Sec. 33(1)(e) 
Ababeel Supermarket,2022-09-15,C - Crucial,43.691435442552574,-79.28952828516472,Food premise maintained in manner permitting adverse effect on food - Sec. 7(1)(a)(iii) 
Adonna's Residential Support Care Inc.,2023-02-14,C - Crucial,43.75372756819782,-79.24983865073276,Store potentially hazardous foods at internal temperature between 4 C and 60 C - Sec. 27(1)
Al-Nour Halal Meat and Grocery,2024-04-16,C - Crucial,43.794271561189916,-79.23556855342493,Refrigerate potentially hazardous foods at internal temperature above 4 C - Sec. 30(a)
Aquarela Restaurant,2022-06-22,C - Crucial,43.722594198242284,-79.49785362997055,Fail to protect food from contamination or adulteration - Sec. 26(1) 
Aquarela Restaurant,2022-06-22,C - Crucial,43.72262732010012,-79.49784069923669,Fail to process food in manner safe to eat - Sec. 26(2)
Aquarela Restaurant,2022-06-22,C - Crucial,43.722681578870706,-79.49811135671726,Store potentially hazardous foods at internal temperature between 4 C and 60 C - Sec. 27(1)
Atithi Pure Veg,2022-10-19,C - Crucial,43.77593553629843,-79.23071420320677,Fail to ensure food handler in food premise washes hands as necessary to prevent contamination of food - Sec. 33(1)(e) 
Azad Supermarket,2022-12-09,C - Crucial,43.69452970868141,-79.29302420355803,Fail to protect food from contamination or adulteration - Sec. 26(1) 
B'NAI BRITH CANADA,2022-07-07,C - Crucial,43.75169034893984,-79.43731265561748,Store potentially hazardous foods at internal temperature between 4 C and 60 C - Sec. 27(1)
B'S SIZZLING KITCHEN,2022-08-24,C - Crucial,43.60367110027177,-79.53717769641982,Fail to ensure storage pallets designed to protect against contamination - Sec. 31
B.K. Natural Foods,2022-12-01,C - Crucial,43.72466316749389,-79.30111488344774,Refrigerate potentially hazardous foods at internal temperature above 4 C - Sec. 30(a)
BABOS DONER POINT,2024-04-04,C - Crucial,43.693299990199776,-79.46170471908451,Fail to protect food from contamination or adulteration - Sec. 26(1) 
BABOS DONER POINT,2024-04-04,C - Crucial,43.6927969338385,-79.46206851664537,Fail to ensure food handler in food premise washes hands as necessary to prevent contamination of food - Sec. 33(1)(e) 
BABOS DONER POINT,2024-04-04,C - Crucial,43.693370680785726,-79.46208846412871,Fail to process food in manner safe to eat - Sec. 26(2)
BABU CATERING & TAKE OUT,2023-02-14,C - Crucial,43.79198770360504,-79.25031124826263,Maintain potentially hazardous foods at internal temperature between 4 C and 60 C -  Sec. 27(1)
BABU CATERING & TAKE OUT,2023-02-14,C - Crucial,43.79153118192007,-79.25041965276922,Fail to protect food from contamination or adulteration - Sec. 26(1) 
BAGELS ON FIRE,2023-06-27,C - Crucial,43.6732523879064,-79.28694499879852,Store potentially hazardous foods at internal temperature between 4 C and 60 C - Sec. 27(1)
BAHARAK MARKET,2023-04-20,C - Crucial,43.74175292531187,-79.31821528896786,Fail to protect food from contamination or adulteration - Sec. 26(1) 
BAHARAK MARKET,2024-03-19,C - Crucial,43.74174059151932,-79.31789780579707,Fail to protect food from contamination or adulteration - Sec. 26(1) 
BAHARAK MARKET,2024-03-19,C - Crucial,43.741277221493625,-79.31784329734498,Refrigerate potentially hazardous foods at internal temperature above 4 C - Sec. 30(a)
BAHN MI VINA,2024-04-25,C - Crucial,43.64892931878579,-79.42377478124891,Fail to obtain food from source subject to inspection - Sec. 29(1)  
BAHN MI VINA,2024-04-25,C - Crucial,43.6497734661674,-79.42321928343151,Display potentially hazardous foods at internal temperature between 4 C and 60 C - Sec. 27(1)
BAKER DUCK,2023-06-16,C - Crucial,43.80879239404714,-79.26878140299988,Display potentially hazardous foods at internal temperature between 4 C and 60 C - Sec. 27(1)
BAKER DUCK,2023-09-11,C - Crucial,43.80966656421162,-79.26933228243443,Offer for sale potentially hazardous foods at internal temperature between 4 C and 60 C - Sec. 27(1)
BAKER DUCK,2023-11-02,C - Crucial,43.809425896982376,-79.26903790733734,Food premise maintained in manner permitting adverse effect on food - Sec. 7(1)(a)(iii) 
BAKER DUCK,2023-11-02,C - Crucial,43.80885303932602,-79.26908909213627,Fail to protect food from contamination or adulteration - Sec. 26(1) 
BAKER DUCK,2023-11-02,C - Crucial,43.808929219853894,-79.26885017441826,Offer for sale potentially hazardous foods at internal temperature between 4 C and 60 C - Sec. 27(1)
BAKER DUCK,2023-11-06,C - Crucial,43.80891262773884,-79.2693202435751,Food premise maintained in manner permitting adverse effect on food - Sec. 7(1)(a)(iii) 
BAKER DUCK,2023-11-06,C - Crucial,43.80976173751319,-79.26926075821265,Offer for sale potentially hazardous foods at internal temperature between 4 C and 60 C - Sec. 27(1)
BAKERY ON THE GO,2022-09-02,C - Crucial,43.711731478826344,-79.27971580319075,Fail to ensure food handler in food premise washes hands as necessary to prevent contamination of food - Sec. 33(1)(e) 
BALA SUPERMARKET,2022-08-08,C - Crucial,43.64054568148094,-79.4366785682373,Fail to protect food from contamination or adulteration - Sec. 26(1) 
BAMIYAN KABOB,2023-06-22,C - Crucial,43.708032023240584,-79.34372255515522,Fail to protect food from contamination or adulteration - Sec. 26(1) 
BAMIYAN KABOB,2023-06-22,C - Crucial,43.707544581898446,-79.34304896225598,Refrigerate potentially hazardous foods at internal temperature above 4 C - Sec. 30(a)
BAMIYAN KABOB,2023-06-22,C - Crucial,43.70809624092309,-79.34386388239125,Fail to ensure food handler in food premise washes hands as necessary to prevent contamination of food - Sec. 33(1)(e) 
BANH CUON TO THANH,2024-03-14,C - Crucial,43.673892899445065,-79.46113198884079,Fail to protect food from contamination or adulteration - Sec. 26(1) 
BANH MI BA LE,2023-05-02,C - Crucial,43.65309478794384,-79.39948664146404,Fail to protect food from contamination or adulteration - Sec. 26(1) 
BANH MI BOYS,2023-11-16,C - Crucial,43.70914298949007,-79.39909860032375,Fail to ensure food handler in food premise washes hands as necessary to prevent contamination of food - Sec. 33(1)(e) 
BANJARA INDIAN CUISINE,2023-02-15,C - Crucial,43.66229119619988,-79.42134198557724,Store potentially hazardous foods at internal temperature between 4 C and 60 C - Sec. 27(1)
BANJARA INDIAN CUISINE,2023-10-17,C - Crucial,43.66325918130289,-79.42152879793595,Fail to protect food from contamination or adulteration - Sec. 26(1) 
BANJARA INDIAN CUISINE,2024-01-08,C - Crucial,43.721823686383765,-79.25569064110951,Food premise maintained in manner to permit contamination of single-service containers - Sec. 7(1)(h)  
BANJARA INDIAN CUISINE,2024-01-08,C - Crucial,43.72139273861338,-79.25626929157373,Fail to protect food from contamination or adulteration - Sec. 26(1) 
BANQUET BURGER,2023-08-24,C - Crucial,43.661319329804506,-79.427967996823,Store potentially hazardous foods at internal temperature between 4 C and 60 C - Sec. 27(1)
BANTAMA SUPERMARKET,2024-05-01,C - Crucial,43.7534182827395,-79.54207827315477,Fail to protect food from contamination or adulteration - Sec. 26(1) 
BAO BAO EXPRESS/ KUNG FU TEA,2023-07-11,C - Crucial,43.65117085368108,-79.47944398295023,Store ice in unsanitary manner - Sec.  26(5) 
BAR BURRITO,2023-03-20,C - Crucial,43.67768625546369,-79.44467242418942,Fail to ensure food handler in food premise washes hands as necessary to prevent contamination of food - Sec. 33(1)(e) 
BAR ST. LO,2023-10-11,C - Crucial,43.64877737472303,-79.37244627933937,Fail to protect food from contamination or adulteration - Sec. 26(1) 
BARCODE CAFE,2023-07-06,C - Crucial,43.68811903067503,-79.34835597073491,Store ice in unsanitary manner - Sec.  26(5) 
BARGAIN STOP,2022-09-21,C - Crucial,43.70071914123486,-79.51768121355151,Fail to protect food from contamination or adulteration - Sec. 26(1) 
BARNSTEINER'S,2023-04-12,C - Crucial,43.685531924228876,-79.39368083437307,Fail to protect food from contamination or adulteration - Sec. 26(1) 
BARNSTEINER'S,2023-04-12,C - Crucial,43.685758689083364,-79.39303625662168,Store ice in unsanitary manner - Sec.  26(5) 
BAYCREST - KITCHEN,2024-01-16,C - Crucial,43.7302783747838,-79.43399882631243,Fail to protect food from contamination or adulteration - Sec. 26(1) 
BAYCREST - KITCHEN,2024-01-16,C - Crucial,43.7298231024003,-79.43447047372663,Fail to ensure food handler in food premise washes hands as necessary to prevent contamination of food - Sec. 33(1)(e) 
BAYCREST W.A CAFE,2023-03-14,C - Crucial,43.72979353542552,-79.43455113190144,Fail to ensure food handler in food premise washes hands as necessary to prevent contamination of food - Sec. 33(1)(e) 
BAYCREST W.A CAFE,2023-03-14,C - Crucial,43.729446062939644,-79.43325055193851,Store ice in unsanitary manner - Sec.  26(5) 
BAYCREST W.A CAFE,2023-06-29,C - Crucial,43.72982740475814,-79.43452256109299,Store ice in unsanitary manner - Sec.  26(5) 
BAYCREST W.A CAFE,2023-06-29,C - Crucial,43.730096019728876,-79.43393241810325,Store potentially hazardous foods at internal temperature between 4 C and 60 C - Sec. 27(1)
BAYCREST W.A CAFE,2023-06-29,C - Crucial,43.729758928216306,-79.43403613028735,Fail to protect food from contamination or adulteration - Sec. 26(1) 
BAYCREST W.A CAFE,2023-06-29,C - Crucial,43.730000323689275,-79.43464416399885,Fail to ensure food handler in food premise washes hands as necessary to prevent contamination of food - Sec. 33(1)(e) 
BAYCREST W.A CAFE,2024-01-26,C - Crucial,43.730090734327106,-79.4348172402086,Fail to protect food from contamination or adulteration - Sec. 26(1) 
BAYCREST W.A CAFE,2024-01-26,C - Crucial,43.730795437104625,-79.43406444311432,Store potentially hazardous foods at internal temperature between 4 C and 60 C - Sec. 27(1)
BB'S,2023-12-15,C - Crucial,43.642237553354846,-79.43248943799428,Maintain potentially hazardous foods at internal temperature between 4 C and 60 C -  Sec. 27(1)
BB.Q CHICKEN,2022-09-29,C - Crucial,43.66306366208523,-79.40271634209813,Maintain potentially hazardous foods at internal temperature between 4 C and 60 C -  Sec. 27(1)
BB.Q CHICKEN,2023-03-22,C - Crucial,43.66319448241205,-79.40263730160666,Fail to protect food from contamination or adulteration - Sec. 26(1) 
BB.Q CHICKEN,2024-03-19,C - Crucial,43.67786740190907,-79.34940564685894,Fail to protect food from contamination or adulteration - Sec. 26(1) 
BB.Q CHICKEN AND PUB,2022-09-23,C - Crucial,43.7105013816151,-79.39884776823952,Store ice in unsanitary manner - Sec.  26(5) 
BB.Q CHICKEN AND PUB,2022-09-23,C - Crucial,43.709919762892305,-79.39919703721374,Refrigerate potentially hazardous foods at internal temperature above 4 C - Sec. 30(a)
BB.Q CHICKEN AND PUB,2023-11-16,C - Crucial,43.71053024993508,-79.39882586297088,Refrigerate potentially hazardous foods at internal temperature above 4 C - Sec. 30(a)
BB.Q CHICKEN AND PUB,2023-11-16,C - Crucial,43.71077506190859,-79.39896690219396,Store ice in unsanitary manner - Sec.  26(5) 
BB.Q CHICKEN YONGE&BLOOR,2024-04-23,C - Crucial,43.66861085260857,-79.38564327274915,Fail to protect food from contamination or adulteration - Sec. 26(1) 
BB.Q CHICKEN YONGE&BLOOR,2024-04-23,C - Crucial,43.669015773341364,-79.38545478984162,Store potentially hazardous foods at internal temperature between 4 C and 60 C - Sec. 27(1)
BEAUTIFUL CITY RESTAURANT,2023-06-20,C - Crucial,43.706461405342424,-79.45337958748763,Fail to protect food from contamination or adulteration - Sec. 26(1) 
BEIJING HOTPOT RESTAURANT,2023-11-30,C - Crucial,43.77381925769586,-79.33970361825793,Fail to protect food from contamination or adulteration - Sec. 26(1) 
BELLE'S BAKERY AND BAKED GOODIES,2023-04-20,C - Crucial,43.67464881969734,-79.40710017252609,Fail to protect food from contamination or adulteration - Sec. 26(1) 
BELVEDERE BAR & GRILL,2024-01-12,C - Crucial,43.67733987164914,-79.44885362414145,Handle ice in unsanitary manner - Sec.  26(5) 
BELVEDERE BAR & GRILL,2024-02-07,C - Crucial,43.67653231068967,-79.44829262789659,Store ice in unsanitary manner - Sec.  26(5) 
BENEFEASTO BURGERS & DONER,2024-04-15,C - Crucial,43.73161794844808,-79.40401741293778,Store potentially hazardous foods at internal temperature between 4 C and 60 C - Sec. 27(1)
BENTO KING,2024-05-14,C - Crucial,43.77282136788591,-79.41377672685377,Maintain potentially hazardous foods at internal temperature between 4 C and 60 C -  Sec. 27(1)
BERNARD'S PILIPINO SPECIALTIES,2022-12-08,C - Crucial,43.64034321753821,-79.43955330233082,Food premise maintained in manner permitting adverse effect on food - Sec. 7(1)(a)(iii) 
BEST CHOICE VEGETABLE & GROCERY,2023-08-11,C - Crucial,43.692483555450316,-79.44049761335377,Refrigerate potentially hazardous foods at internal temperature above 4 C - Sec. 30(a)
BESTCO FRESH FOOD MART,2023-02-10,C - Crucial,43.796122812508266,-79.27030324379704,Refrigerate potentially hazardous foods at internal temperature above 4 C - Sec. 30(a)
BETH EMETH BAIS YEHUDA BANQUET HALL,2022-10-19,C - Crucial,43.760700105190274,-79.45360922025618,Fail to protect food from contamination or adulteration - Sec. 26(1) 
BETTA YAAD TASTE JAMAICAN KITCHEN,2023-09-08,C - Crucial,43.69778021254655,-79.44280655613771,Store potentially hazardous foods at internal temperature between 4 C and 60 C - Sec. 27(1)
BIG CITY CATERING (SMOKIN' BONES BBQ CATERING),2024-06-04,C - Crucial,43.67658268714009,-79.47070159297299,Fail to protect food from contamination or adulteration - Sec. 26(1) 
BISHA (HOTEL),2023-10-26,C - Crucial,43.64608866997787,-79.3924859569364,Maintain potentially hazardous foods at internal temperature between 4 C and 60 C -  Sec. 27(1)
BLACK DOG PUB,2023-05-02,C - Crucial,43.797996662553366,-79.1396426654131,Fail to protect food from contamination or adulteration - Sec. 26(1) 
BLESSINGLICIOUS,2022-07-21,C - Crucial,43.72086454652994,-79.23640980948885,Food premise maintained in manner permitting adverse effect on food - Sec. 7(1)(a)(iii) 
BLESSINGLICIOUS,2023-08-21,C - Crucial,43.72149331833972,-79.23597169242211,Food premise maintained in manner permitting adverse effect on food - Sec. 7(1)(a)(iii) 
BLOOMING GARDEN,2022-07-28,C - Crucial,43.80946137792768,-79.26937144736573,Fail to ensure storage racks designed to protect against contamination - Sec. 31
BLOOMING GARDEN,2022-07-28,C - Crucial,43.80884666888302,-79.2691570527051,Fail to protect food from contamination or adulteration - Sec. 26(1) 
BLOOMING GARDEN,2022-07-29,C - Crucial,43.809119121268516,-79.26951464501266,Fail to protect food from contamination or adulteration - Sec. 26(1) 
BLOOMING GARDEN,2023-06-13,C - Crucial,43.80936265871493,-79.26888398835608,Fail to protect food from contamination or adulteration - Sec. 26(1) 
BLOOMING ORCHID,2023-03-31,C - Crucial,43.70375021370882,-79.41453585814862,Fail to protect food from contamination or adulteration - Sec. 26(1) 
BLOOR MEAT MARKET,2023-10-19,C - Crucial,43.65098831940569,-79.47809984051817,Fail to protect food from contamination or adulteration - Sec. 26(1) 
BLUE NILE RESTAURANT,2023-04-26,C - Crucial,43.682368597107306,-79.33040694651018,Food premise maintained in manner to permit contamination of single-service articles - Sec. 7(1)(h)  
BOCA BRUNCH,2023-11-03,C - Crucial,43.69299543607393,-79.33350219003825,Food premise maintained in manner to permit contamination of single-service articles - Sec. 7(1)(h)  
BOLE MARKET,2024-01-22,C - Crucial,43.71499120673175,-79.4473918859586,Fail to obtain food from source subject to inspection - Sec. 29(1)  
BOLE MARKET,2024-01-22,C - Crucial,43.714892637728695,-79.44759690390825,Fail to maintain records of food purchased  - Sec. 29(2)  
BOLET'S BURRITO,2023-11-27,C - Crucial,43.650301017711605,-79.36763925250074,Hot-holding potentially hazardous foods at internal temperature below 60 C - Sec. 30(a)
BOLET'S BURRITO,2023-11-27,C - Crucial,43.65008036465653,-79.3681519154492,Fail to process food in manner safe to eat - Sec. 26(2)
BOMBAY ROTI,2024-05-21,C - Crucial,43.66514968811179,-79.40979170337444,Store potentially hazardous foods at internal temperature between 4 C and 60 C - Sec. 27(1)
BOMBAY ROTI,2024-05-21,C - Crucial,43.66534792162117,-79.40958968933954,Fail to protect food from contamination or adulteration - Sec. 26(1) 
BOMBAY ROTI,2024-02-06,C - Crucial,43.760232777224935,-79.41092730404351,Fail to protect food from contamination or adulteration - Sec. 26(1) 
BOMBAY ROTI,2024-02-06,C - Crucial,43.75980943254501,-79.41166019362657,Store potentially hazardous foods at internal temperature between 4 C and 60 C - Sec. 27(1)
BOMOU,2022-10-25,C - Crucial,43.7065462740405,-79.37610259244883,Food premise maintained in manner to permit contamination of single-service articles - Sec. 7(1)(h)  
BOMOU,2022-10-25,C - Crucial,43.70702976161523,-79.37552751724728,Fail to protect food from contamination or adulteration - Sec. 26(1) 
BOMOU,2022-10-25,C - Crucial,43.70702718479053,-79.37600701211494,Offer for sale potentially hazardous foods at internal temperature between 4 C and 60 C - Sec. 27(1)
BOMOU,2024-04-19,C - Crucial,43.70656383266592,-79.37624988502333,Store ice in unsanitary manner - Sec.  26(5) 
BOOM BREAKFAST CO.,2024-02-02,C - Crucial,43.678652076682155,-79.4388466301032,Maintain potentially hazardous foods at internal temperature between 4 C and 60 C -  Sec. 27(1)
BOOSTER JUICE,2023-05-05,C - Crucial,43.64199404021234,-79.40150878825585,Fail to ensure food handler in food premise washes hands as necessary to prevent contamination of food - Sec. 33(1)(e) 
BOURBON ST GRILL,2022-08-17,C - Crucial,43.65404500859587,-79.38064070523559,Fail to protect food from contamination or adulteration - Sec. 26(1) 
BROADVIEW ESPRESSO,2023-06-07,C - Crucial,43.678327796256035,-79.35822160240745,Store potentially hazardous foods at internal temperature between 4 C and 60 C - Sec. 27(1)
BRUCE/WOODGREEN EARLY LEARNING CENTRE,2023-05-05,C - Crucial,43.66163579198033,-79.33318220904997,Fail to protect food from contamination or adulteration - Sec. 26(1) 
TIARRES'S BRUNCH N CAKES,2024-04-09,C - Crucial,43.70591988270972,-79.37554747045567,Maintain potentially hazardous foods at internal temperature between 4 C and 60 C -  Sec. 27(1)
BUA THAI,2024-03-20,C - Crucial,43.626236202079596,-79.50330560671674,Fail to ensure food handler in food premise washes hands as necessary to prevent contamination of food - Sec. 33(1)(e) 
BUBBY'S BAGELS,2024-01-29,C - Crucial,43.71872848123691,-79.42972510666687,Store potentially hazardous foods at internal temperature between 4 C and 60 C - Sec. 27(1)
BUNCH OF FUN PLAYLAND,2022-09-12,C - Crucial,43.75356031276812,-79.46571618788482,Store ice in unsanitary manner - Sec.  26(5) 
BURGER ST.,2022-09-09,C - Crucial,43.769235344680254,-79.18437739979072,Fail to protect food from contamination or adulteration - Sec. 26(1) 
BUTTER CHICKEN ROTI,2023-03-13,C - Crucial,43.666392897435394,-79.31644259997836,Food premise maintained in manner permitting adverse effect on food - Sec. 7(1)(a)(iii) 
BUTTER CHICKEN ROTI,2023-03-16,C - Crucial,43.66696608572936,-79.38529817669985,Fail to protect food from contamination or adulteration - Sec. 26(1) 
BUTTER CHICKEN ROTI,2023-08-09,C - Crucial,43.648041675478844,-79.383774822608,Fail to protect food from contamination or adulteration - Sec. 26(1) 
BUTTER CHICKEN ROTI,2023-08-31,C - Crucial,43.69578113329015,-79.44926211178712,Fail to process food in manner safe to eat - Sec. 26(2)
BY DAVE,2023-01-25,C - Crucial,43.73108652272273,-79.43214154177711,Maintain potentially hazardous foods at internal temperature between 4 C and 60 C -  Sec. 27(1)
BY DAVE,2023-01-25,C - Crucial,43.73158090374989,-79.43295170047793,Fail to protect food from contamination or adulteration - Sec. 26(1) 
Bawachi Indian Cuisine,2022-07-14,C - Crucial,43.768165152276396,-79.2816010078883,Fail to ensure storage shelves designed to protect against contamination - Sec. 31
Bawachi Indian Cuisine,2022-07-14,C - Crucial,43.76824095044552,-79.28152275025242,Fail to ensure food handler in food premise washes hands as necessary to prevent contamination of food - Sec. 33(1)(e) 
Bawachi Indian Cuisine,2022-07-14,C - Crucial,43.76869919708607,-79.28152533533355,Maintain potentially hazardous foods at internal temperature between 4 C and 60 C -  Sec. 27(1)
Bawachi Indian Cuisine,2022-07-14,C - Crucial,43.768300089191555,-79.28174150888104,Food premise maintained in manner permitting adverse effect on food - Sec. 7(1)(a)(iii) 
Bawarchi Indian Cuisine,2024-04-22,C - Crucial,43.76836943526901,-79.28125055808032,Fail to protect food from contamination or adulteration - Sec. 26(1) 
Bawarchi Indian Cuisine,2024-04-22,C - Crucial,43.76831012331281,-79.281468087879,Fail to ensure food handler in food premise washes hands as necessary to prevent contamination of food - Sec. 33(1)(e) 
Bella's Lechon,2023-03-28,C - Crucial,43.80047565152714,-79.19957737961595,Maintain potentially hazardous foods at internal temperature between 4 C and 60 C -  Sec. 27(1)
Bindaz Biryanis,2022-11-07,C - Crucial,43.708103543264514,-79.39331866404856,Refrigerate potentially hazardous foods at internal temperature above 4 C - Sec. 30(a)
Bindaz Biryanis,2023-02-28,C - Crucial,43.70793483901744,-79.39389456961548,Fail to protect food from contamination or adulteration - Sec. 26(1) 
Bindaz Biryanis,2023-05-26,C - Crucial,43.70829388135547,-79.3935268123246,Fail to protect food from contamination or adulteration - Sec. 26(1) 
Bindaz Biryanis,2023-05-26,C - Crucial,43.70807630315764,-79.39313696470806,Fail to ensure food handler in food premise washes hands as necessary to prevent contamination of food - Sec. 33(1)(e) 
Bindaz Biryanis,2023-05-26,C - Crucial,43.70802517671501,-79.39352953443345,Maintain potentially hazardous foods at internal temperature between 4 C and 60 C -  Sec. 27(1)
Bindaz Biryanis,2024-01-19,C - Crucial,43.707430658535586,-79.39439466498283,Fail to protect food from contamination or adulteration - Sec. 26(1) 
Bindaz Biryanis,2024-01-19,C - Crucial,43.70807249849834,-79.39331742884018,Offer for sale potentially hazardous foods at internal temperature between 4 C and 60 C - Sec. 27(1)
Bombay Foods,2022-11-15,C - Crucial,43.753821903926195,-79.2529390904631,Store potentially hazardous foods at internal temperature between 4 C and 60 C - Sec. 27(1)
Bombay Foods,2022-11-15,C - Crucial,43.75397725171695,-79.2536261450389,Fail to protect food from contamination or adulteration - Sec. 26(1) 
Bombay Foods,2023-05-03,C - Crucial,43.75361129283045,-79.2534328947911,Fail to protect food from contamination or adulteration - Sec. 26(1) 
Bombay Foods,2023-05-03,C - Crucial,43.75374223474159,-79.25359495290233,Maintain potentially hazardous foods at internal temperature between 4 C and 60 C -  Sec. 27(1)
Bombay Roti,2022-10-19,C - Crucial,43.707375435464954,-79.30326596072146,Food premise maintained in manner permitting adverse effect on food - Sec. 7(1)(a)(iii) 
Bombay Roti,2023-03-10,C - Crucial,43.70738373392953,-79.30308461861682,Maintain potentially hazardous foods at internal temperature between 4 C and 60 C -  Sec. 27(1)
Bombay Roti,2023-08-14,C - Crucial,43.70747284651803,-79.30274543412065,Maintain potentially hazardous foods at internal temperature between 4 C and 60 C -  Sec. 27(1)
Bombay Roti,2023-08-14,C - Crucial,43.707749879119,-79.30288982507554,Food premise maintained in manner permitting adverse effect on food - Sec. 7(1)(a)(iii) 
C & C FOOD COURT,2023-03-31,C - Crucial,43.725369415710475,-79.34149976152794,Hot-holding potentially hazardous foods at internal temperature below 60 C - Sec. 30(a)
C & C FOOD COURT,2023-03-31,C - Crucial,43.72541693840928,-79.34130137219286,Store potentially hazardous foods at internal temperature between 4 C and 60 C - Sec. 27(1)
C & C FOOD COURT,2023-05-25,C - Crucial,43.72606370457909,-79.34169130802596,Store potentially hazardous foods at internal temperature between 4 C and 60 C - Sec. 27(1)
C & C FOOD COURT,2023-11-29,C - Crucial,43.72609366285663,-79.34135861503015,Store potentially hazardous foods at internal temperature between 4 C and 60 C - Sec. 27(1)
C & C SUPERMARKET,2023-03-31,C - Crucial,43.72598783606444,-79.34136095525734,Store ice in unsanitary manner - Sec.  26(5) 
C MARKET EUROPEAN DELI,2024-01-12,C - Crucial,43.68856358965934,-79.34940211931239,Fail to ensure food handler in food premise washes hands as necessary to prevent contamination of food - Sec. 33(1)(e) 
C'EST BON RESTAURANT,2022-12-12,C - Crucial,43.71668771943477,-79.39951279051488,Fail to protect food from contamination or adulteration - Sec. 26(1) 
C'EST BON RESTAURANT,2024-02-22,C - Crucial,43.71743762082941,-79.39968886713882,Fail to process food in manner safe to eat - Sec. 26(2)
C'EST BON RESTAURANT,2024-02-22,C - Crucial,43.71706456217754,-79.39965273898298,Operate food premise --- refrigeration equipment for potentially hazardous food not of sufficient size - Sec. 30(a)
C'EST BON RESTAURANT,2024-02-22,C - Crucial,43.71703944994228,-79.40021444291696,Fail to protect food from contamination or adulteration - Sec. 26(1) 
CAFE DE PAAN,2023-03-10,C - Crucial,43.745157848272434,-79.2963575943349,Fail to protect food from contamination or adulteration - Sec. 26(1) 
CAFE DE PAAN,2023-07-05,C - Crucial,43.74491692522107,-79.29661742324683,Fail to protect food from contamination or adulteration - Sec. 26(1) 
CAFE LANDWER,2023-10-17,C - Crucial,43.72637978612597,-79.45156670455783,Store potentially hazardous foods at internal temperature between 4 C and 60 C - Sec. 27(1)
CAFE LANDWER,2023-10-17,C - Crucial,43.72593525026444,-79.45113283113142,Fail to protect food from contamination or adulteration - Sec. 26(1) 
CAFE LANDWER,2023-10-17,C - Crucial,43.72628166365958,-79.45144303979887,Fail to ensure food handler in food premise washes hands as necessary to prevent contamination of food - Sec. 33(1)(e) 
CAFE MAXIM'S PATISSERIE,2023-11-15,C - Crucial,43.788354626905125,-79.38081068604986,Store potentially hazardous foods at internal temperature between 4 C and 60 C - Sec. 27(1)
CAKE HOUSE BAKERY,2022-08-25,C - Crucial,43.75059266423286,-79.27662041743628,Fail to protect food from contamination or adulteration - Sec. 26(1) 
CAKE HOUSE BAKERY,2023-02-27,C - Crucial,43.750436679992696,-79.2768607005589,Fail to protect food from contamination or adulteration - Sec. 26(1) 
CAKE HOUSE BAKERY,2023-07-24,C - Crucial,43.75105072666148,-79.27672162039455,Fail to protect food from contamination or adulteration - Sec. 26(1) 
CAKE RUSH,2024-04-19,C - Crucial,43.751168465095994,-79.56349831376782,Food premise maintained in manner to permit contamination of single-service articles - Sec. 7(1)(h)  
CALABRIA BAKERY,2022-09-26,C - Crucial,43.76178948946492,-79.26961625761955,Fail to ensure room kept free from live birds or animals - Sec. 14(1)
CALABRIA BAKERY,2022-09-26,C - Crucial,43.76189358777779,-79.27016797712328,Refrigerate potentially hazardous foods at internal temperature above 4 C - Sec. 30(a)
CALDENSE BAKERY,2023-06-02,C - Crucial,43.66575336360668,-79.48893688600675,Refrigerate potentially hazardous foods at internal temperature above 4 C - Sec. 30(a)
CALDENSE BAKERY,2024-02-16,C - Crucial,43.692128578780746,-79.48662577036504,Fail to ensure storage racks designed to protect against contamination - Sec. 31
CALI MEXICAN GRILL,2023-12-05,C - Crucial,43.72034061178854,-79.45643081914777,Store potentially hazardous foods at internal temperature between 4 C and 60 C - Sec. 27(1)
CALIFORNIA SANDWICHES,2024-06-04,C - Crucial,43.700290982031525,-79.45175783705962,Fail to protect food from contamination or adulteration - Sec. 26(1) 
CALII LOVE,2023-07-10,C - Crucial,43.64899416045746,-79.38412417966967,Fail to protect food from contamination or adulteration - Sec. 26(1) 
CAMBRIDGE LEAF MONTESSORI SCHOOL,2022-07-22,C - Crucial,43.825554357183854,-79.23714221358458,Fail to protect food from contamination or adulteration - Sec. 26(1) 
CANADIAN TIRE STORE 654,2024-01-03,C - Crucial,43.65788146792198,-79.32988391301426,Food premise maintained in manner permitting adverse effect on food - Sec. 7(1)(a)(iii) 
CANO RESTAURANT,2022-07-29,C - Crucial,43.678983293521654,-79.44061828844731,Fail to protect food from contamination or adulteration - Sec. 26(1) 
CANTON KITCHEN,2022-11-24,C - Crucial,43.79761312431367,-79.27158787079813,Fail to ensure food handler in food premise refrains from conduct that could result in contamination of food - Sec. 33(1)(h) 
CANTON KITCHEN,2023-02-10,C - Crucial,43.798109795048745,-79.27074971117715,Fail to ensure food handler in food premise refrains from conduct that could result in contamination of food - Sec. 33(1)(h) 
CANTON NOODLE,2022-11-24,C - Crucial,43.79814786787232,-79.27115023913633,Fail to ensure food handler in food premise refrains from conduct that could result in contamination of food - Sec. 33(1)(h) 
CAPITAL SWEET SAMOSA,2023-07-20,C - Crucial,43.70780350970524,-79.34384989332077,Fail to ensure food handler in food premise refrains from conduct that could result in contamination of food - Sec. 33(1)(h) 
CAPRI BAGELS AND BUNS,2024-03-08,C - Crucial,43.76023764754163,-79.56953322955142,Maintain potentially hazardous foods at internal temperature between 4 C and 60 C -  Sec. 27(1)
CAPRI BAGELS AND BUNS,2024-03-08,C - Crucial,43.75963869635735,-79.57092510083433,Fail to ensure storage shelves designed to protect against contamination - Sec. 31
CAPRI BAGELS AND BUNS,2024-03-08,C - Crucial,43.759638740668166,-79.57047084613855,Fail to ensure food handler in food premise washes hands as necessary to prevent contamination of food - Sec. 33(1)(e) 
CAPTAIN JACK,2022-08-12,C - Crucial,43.67010458035447,-79.29883359451352,Handle ice in unsanitary manner - Sec.  26(5) 
CAPTAIN JOHN DONLANDS FISH AND CHIPS,2023-05-25,C - Crucial,43.693603731570306,-79.34228191873737,Fail to protect food from contamination or adulteration - Sec. 26(1) 
CAPTAIN'S BOIL,2023-12-18,C - Crucial,43.715517966988116,-79.39996528127526,Store potentially hazardous foods at internal temperature between 4 C and 60 C - Sec. 27(1)
CAPTAIN'S BOIL,2023-12-18,C - Crucial,43.715668544480025,-79.39950525541082,Fail to ensure food handler in food premise washes hands as necessary to prevent contamination of food - Sec. 33(1)(e) 
CARIBBEAN CORNER,2023-03-14,C - Crucial,43.65435693724292,-79.40043637592504,Fail to protect food from contamination or adulteration - Sec. 26(1) 
CARIBBEAN CUISINE,2023-07-10,C - Crucial,43.716384148643066,-79.45517942154181,Fail to ensure food handler in food premise washes hands as necessary to prevent contamination of food - Sec. 33(1)(e) 
CARIBBEAN FARM FRESH,2024-02-05,C - Crucial,43.697394552032854,-79.44334759678064,Maintain potentially hazardous foods at internal temperature between 4 C and 60 C -  Sec. 27(1)
CARIBBEAN HEAT FAMILY RESTAURANT 2,2022-08-12,C - Crucial,43.7423694589604,-79.58469449065666,Fail to protect food from contamination or adulteration - Sec. 26(1) 
CARIBBEAN HEAT FAMILY RESTAURANT 3,2022-12-13,C - Crucial,43.751759067970376,-79.54386974453443,Fail to protect food from contamination or adulteration - Sec. 26(1) 
CARIBBEAN QUEEN,2023-03-10,C - Crucial,43.72061008829591,-79.60065855846591,Maintain potentially hazardous foods at internal temperature between 4 C and 60 C -  Sec. 27(1)
CARIBBEAN QUEEN OF PATTIES,2023-12-11,C - Crucial,43.65832049821758,-79.44194599343787,Fail to protect food from contamination or adulteration - Sec. 26(1) 
CARIBBEAN SUN,2023-01-24,C - Crucial,43.753381868374824,-79.61975939826098,Fail to protect food from contamination or adulteration - Sec. 26(1) 
CARLOAD ON YONGE,2024-04-22,C - Crucial,43.71243691693524,-79.39899484705867,Fail to protect food from contamination or adulteration - Sec. 26(1) 
CARLOAD ON YONGE,2024-04-22,C - Crucial,43.711965300350194,-79.39875957563328,Fail to ensure food handler in food premise washes hands as necessary to prevent contamination of food - Sec. 33(1)(e) 
CARMEN PERUVIAN CUISINE,2023-03-25,C - Crucial,43.748731724165886,-79.47930529857277,Store potentially hazardous foods at internal temperature between 4 C and 60 C - Sec. 27(1)
CARMEN PERUVIAN CUISINE,2023-03-25,C - Crucial,43.74854686188369,-79.47943026105646,Hot-holding potentially hazardous foods at internal temperature below 60 C - Sec. 30(a)
CARMEN PERUVIAN CUISINE,2023-03-25,C - Crucial,43.74866422309898,-79.47953381733106,Refrigerate potentially hazardous foods at internal temperature above 4 C - Sec. 30(a)
CARMEN PERUVIAN CUISINE,2023-03-25,C - Crucial,43.747199969841866,-79.47894007389048,Fail to ensure food handler in food premise washes hands as necessary to prevent contamination of food - Sec. 33(1)(e) 
CARMEN PERUVIAN CUISINE,2023-07-23,C - Crucial,43.748360736716776,-79.47893847532966,Fail to ensure food handler in food premise washes hands as necessary to prevent contamination of food - Sec. 33(1)(e) 
CARMEN PERUVIAN CUISINE,2023-07-23,C - Crucial,43.747704257532234,-79.47918816246275,Maintain potentially hazardous foods at internal temperature between 4 C and 60 C -  Sec. 27(1)
CARMEN PERUVIAN CUISINE,2023-11-11,C - Crucial,43.74818084485097,-79.47878235513618,Fail to protect food from contamination or adulteration - Sec. 26(1) 
CASA IMPERIAL FINE CHINESE CUISINE,2024-02-23,C - Crucial,43.81970716767582,-79.32231850728344,Food premise maintained in manner to permit contamination of single-service containers - Sec. 7(1)(h)  
CASA IMPERIAL FINE CHINESE CUISINE,2024-02-23,C - Crucial,43.81979356583799,-79.32170965404934,Fail to protect food from contamination or adulteration - Sec. 26(1) 
CASA SUSHI,2023-07-13,C - Crucial,43.67762414483882,-79.34991558955059,Refrigerate potentially hazardous foods at internal temperature above 4 C - Sec. 30(a)
CASA SUSHI,2023-07-13,C - Crucial,43.6777179133662,-79.34987422105706,Fail to protect food from contamination or adulteration - Sec. 26(1) 
CHACHU'S,2022-11-02,C - Crucial,43.747980567139166,-79.34901165903686,Maintain potentially hazardous foods at internal temperature between 4 C and 60 C -  Sec. 27(1)
CHACHU'S,2022-11-02,C - Crucial,43.74748122744332,-79.34850327656599,Fail to ensure food handler in food premise washes hands as necessary to prevent contamination of food areas - Sec.  33(1)(e)
CHAMPION DONER,2024-04-29,C - Crucial,43.74379685036362,-79.48654873610916,Store potentially hazardous foods at internal temperature between 4 C and 60 C - Sec. 27(1)
CHAMPION DONER,2024-04-29,C - Crucial,43.7441750691078,-79.48687948855293,Fail to protect food from contamination or adulteration - Sec. 26(1) 
CHAMSINE RESTAURANT,2023-05-19,C - Crucial,43.68062029876943,-79.43062967947544,Store potentially hazardous foods at internal temperature between 4 C and 60 C - Sec. 27(1)
CHAMSINE RESTAURANT,2023-05-19,C - Crucial,43.680376534491465,-79.43032107315032,Food premise maintained in manner adversely affecting sanitary operation - Sec. 7(1)(a)(ii)
CHAMSINE RESTAURANT,2023-10-13,C - Crucial,43.68054990134949,-79.43029377654808,Maintain potentially hazardous foods at internal temperature between 4 C and 60 C -  Sec. 27(1)
CHAMSINE RESTAURANT,2023-10-13,C - Crucial,43.680627417825534,-79.43016983185592,Store potentially hazardous foods at internal temperature between 4 C and 60 C - Sec. 27(1)
CHANDNI CHOWK,2024-04-03,C - Crucial,43.672423445674326,-79.32218090594684,Fail to protect food from contamination or adulteration - Sec. 26(1) 
CHARCOAL AND SALT,2022-09-07,C - Crucial,43.778640002938126,-79.41488656514197,Have on food premise meat not labelled - Sec. 38(1)
CHARCOAL BIRYANI,2023-05-11,C - Crucial,43.648480702992416,-79.38033098700937,Fail to protect food from contamination or adulteration - Sec. 26(1) 
CHARCOAL BIRYANI,2023-05-11,C - Crucial,43.64863661604326,-79.3796707416884,Store potentially hazardous foods at internal temperature between 4 C and 60 C - Sec. 27(1)
CHARLIE'S MEATS,2023-11-20,C - Crucial,43.64662317368991,-79.43895317892995,Refrigerate potentially hazardous foods at internal temperature above 4 C - Sec. 30(a)
CHARLOTTE'S ROOM,2024-01-10,C - Crucial,43.64735612842579,-79.38677073353452,Store potentially hazardous foods at internal temperature between 4 C and 60 C - Sec. 27(1)
CHARMINAR INDIAN CUISINE,2023-01-27,C - Crucial,43.731435822150324,-79.28827568899291,Store potentially hazardous foods at internal temperature between 4 C and 60 C - Sec. 27(1)
CHARMINAR INDIAN CUISINE,2023-01-27,C - Crucial,43.73158734289575,-79.28820755889153,Fail to protect food from contamination or adulteration - Sec. 26(1) 
CHARMINAR INDIAN CUISINE,2023-11-13,C - Crucial,43.731109899040455,-79.28811257377099,Fail to protect food from contamination or adulteration - Sec. 26(1) 
CHARMINAR INDIAN CUISINE,2023-11-13,C - Crucial,43.73103896751054,-79.28775010179153,Maintain potentially hazardous foods at internal temperature between 4 C and 60 C -  Sec. 27(1)
CHARMINAR INDIAN CUISINE,2023-11-13,C - Crucial,43.73171242194159,-79.28820249590613,Hot-holding potentially hazardous foods at internal temperature below 60 C - Sec. 30(a)
CHAT BAR RESTAURANT,2023-04-12,C - Crucial,43.65347123214225,-79.39798587611644,Fail to ensure food handler in food premise washes hands as necessary to prevent contamination of food - Sec. 33(1)(e) 
CHAT BAR RESTAURANT,2023-04-12,C - Crucial,43.65343575962942,-79.39832136763152,Store potentially hazardous foods at internal temperature between 4 C and 60 C - Sec. 27(1)
CHAT BAR RESTAURANT,2023-04-12,C - Crucial,43.65418800646283,-79.39818758727064,Fail to protect food from contamination or adulteration - Sec. 26(1) 
CHAT ONE,2023-08-30,C - Crucial,43.73631810104419,-79.43708427832598,Fail to protect food from contamination or adulteration - Sec. 26(1) 
CHAT ONE,2023-08-30,C - Crucial,43.73653071655636,-79.43799556575497,Refrigerate potentially hazardous foods at internal temperature above 4 C - Sec. 30(a)
CHATOREY,2024-05-09,C - Crucial,43.72319310445657,-79.28975500652871,Fail to protect food from contamination or adulteration - Sec. 26(1) 
CHAWK BAZAR,2022-06-28,C - Crucial,43.74222862834565,-79.30830367350616,Maintain potentially hazardous foods at internal temperature between 4 C and 60 C -  Sec. 27(1)
CHEF COCOY,2024-05-14,C - Crucial,43.71846854007649,-79.42906435352737,Fail to process food in manner safe to eat - Sec. 26(2)
CHEF COCOY,2024-05-14,C - Crucial,43.717902161054965,-79.43000193211637,Maintain potentially hazardous foods at internal temperature between 4 C and 60 C -  Sec. 27(1)
CHEF COCOY,2024-05-14,C - Crucial,43.7182428414234,-79.42946751457713,Fail to protect food from contamination or adulteration - Sec. 26(1) 
CHEF MUSTAFA,2024-02-21,C - Crucial,43.678267326311314,-79.34875300662615,Fail to protect food from contamination or adulteration - Sec. 26(1) 
CHEF MUSTAFA,2024-02-21,C - Crucial,43.67854567299287,-79.3490640957266,Store ice in unsanitary manner - Sec.  26(5) 
CHEFFYS,2023-08-10,C - Crucial,43.71483024870778,-79.30554511958303,Maintain potentially hazardous foods at internal temperature between 4 C and 60 C -  Sec. 27(1)
CHELSEA HOTEL - MARKET GARDEN,2022-06-27,C - Crucial,43.659305086274045,-79.37989200853156,Store potentially hazardous foods at internal temperature between 4 C and 60 C - Sec. 27(1)
CHENG DU SPICY,2022-10-31,C - Crucial,43.80487621519423,-79.28786956709074,Store potentially hazardous foods at internal temperature between 4 C and 60 C - Sec. 27(1)
CHENG DU SPICY,2022-10-31,C - Crucial,43.80484931116221,-79.28779226521038,Fail to protect food from contamination or adulteration - Sec. 26(1) 
CHENG DU SPICY,2023-03-02,C - Crucial,43.805294793450365,-79.28757443439102,Fail to protect food from contamination or adulteration - Sec. 26(1) 
MS. SHEN,2024-02-13,C - Crucial,43.760586071173925,-79.4114843564457,Store potentially hazardous foods at internal temperature between 4 C and 60 C - Sec. 27(1)
MS. SHEN,2024-04-19,C - Crucial,43.76017609636932,-79.41048823649427,Fail to ensure storage pallets designed to protect against contamination - Sec. 31
CHERRY STREET BAR-B-QUE,2023-11-28,C - Crucial,43.64542915943261,-79.35272455202328,Fail to protect food from contamination or adulteration - Sec. 26(1) 
CHESTER VILLAGE,2023-06-09,C - Crucial,43.69396857341949,-79.27463426116576,Food premise maintained in manner permitting adverse effect on food - Sec. 7(1)(a)(iii) 
CHEW CHEW'S DINER,2023-08-03,C - Crucial,43.66321460638849,-79.37282731155476,Store potentially hazardous foods at internal temperature between 4 C and 60 C - Sec. 27(1)
CHIANG MAI THAI KITCHEN & BAR JUNCTION,2024-02-20,C - Crucial,43.66634991295716,-79.46952129405072,Fail to protect food from contamination or adulteration - Sec. 26(1) 
CHIANG RAI,2023-07-20,C - Crucial,43.736826257230526,-79.41997302365968,Fail to protect food from contamination or adulteration - Sec. 26(1) 
CHIANG RAI,2023-07-20,C - Crucial,43.73632703495158,-79.42028628595288,Store ice in unsanitary manner - Sec.  26(5) 
CHIANG RAI,2024-06-07,C - Crucial,43.73620210999549,-79.42061030065582,Fail to protect food from contamination or adulteration - Sec. 26(1) 
CHICK FIESTA,2024-03-08,C - Crucial,43.76232861852681,-79.22563747567482,Fail to protect food from contamination or adulteration - Sec. 26(1) 
CHICK FIESTA,2024-03-08,C - Crucial,43.762122994982754,-79.22650012605989,Food premise maintained in manner to permit contamination of single-service articles - Sec. 7(1)(h)  
CHICK FIESTA,2023-02-23,C - Crucial,43.76193117854115,-79.22555569350511,Store potentially hazardous foods at internal temperature between 4 C and 60 C - Sec. 27(1)
CHICK-N-BURGER RESTAURANT,2022-11-04,C - Crucial,43.70488113752867,-79.25298267279307,Food premise maintained in manner permitting adverse effect on food - Sec. 7(1)(a)(iii) 
CHICKEN HAUS,2022-08-04,C - Crucial,43.705441214721596,-79.34683802024497,Store ice in unsanitary manner - Sec.  26(5) 
CHICKEN HAUS,2024-03-26,C - Crucial,43.70518851736009,-79.34609765013411,Store ice in unsanitary manner - Sec.  26(5) 
CHICKEN KITCHEN,2023-11-29,C - Crucial,43.7916532704944,-79.24940920759185,Store potentially hazardous foods at internal temperature between 4 C and 60 C - Sec. 27(1)
CHICKEN N DOUGH,2023-07-11,C - Crucial,43.70006711762485,-79.43222394004125,Fail to protect food from contamination or adulteration - Sec. 26(1) 
CHILDREN OF TOMORROW - MCCRAE,2023-11-28,C - Crucial,43.744217829792476,-79.23944970176198,Maintain potentially hazardous foods at internal temperature between 4 C and 60 C -  Sec. 27(1)
CHILLIY PEPPER,2024-04-09,C - Crucial,43.67530994713051,-79.40404664975789,Store potentially hazardous foods at internal temperature between 4 C and 60 C - Sec. 27(1)
CHIN CHIN STREET SIDE KITCHEN,2022-10-18,C - Crucial,43.640393402313904,-79.39272874124163,Fail to ensure food handler in food premise refrains from conduct that could result in contamination of food - Sec. 33(1)(h) 
CHINA FOOD,2023-03-30,C - Crucial,43.70488669973192,-79.3664644099212,Store potentially hazardous foods at internal temperature between 4 C and 60 C - Sec. 27(1)
CHINA FOOD,2023-03-30,C - Crucial,43.70480942857473,-79.36625885035939,Fail to protect food from contamination or adulteration - Sec. 26(1) 
CHINA GOURMET,2022-11-01,C - Crucial,43.75501992429558,-79.34893360476627,Fail to ensure food handler in food premise refrains from conduct that could result in contamination of food - Sec. 33(1)(h) 
CHINA GOURMET,2022-11-01,C - Crucial,43.75469587228878,-79.34894968206352,Fail to ensure food handler in food premise washes hands as necessary to prevent contamination of food areas - Sec.  33(1)(e)
CHINA GOURMET,2023-06-16,C - Crucial,43.75478089317894,-79.34848868080405,Fail to ensure food handler in food premise washes hands as necessary to prevent contamination of food - Sec. 33(1)(e) 
CHINA GOURMET,2023-11-27,C - Crucial,43.75520962296954,-79.34823369902108,Fail to ensure food handler in food premise refrains from conduct that could result in contamination of food - Sec. 33(1)(h) 
CHINA GOURMET,2024-05-14,C - Crucial,43.75494585380709,-79.34903192958151,Fail to ensure food handler in food premise refrains from conduct that could result in contamination of food - Sec. 33(1)(h) 
CHINA WOK,2024-04-12,C - Crucial,43.648806997668004,-79.38059859263853,Fail to protect food from contamination or adulteration - Sec. 26(1) 
CHITOS PIZZA,2024-04-09,C - Crucial,43.65875050686476,-79.44235368832021,Fail to protect food from contamination or adulteration - Sec. 26(1) 
CHITOS PIZZA,2024-04-09,C - Crucial,43.65821304730144,-79.44236456674908,Store potentially hazardous foods at internal temperature between 4 C and 60 C - Sec. 27(1)
CHO MING'S RESTAURANT,2022-06-29,C - Crucial,43.703478960296785,-79.50400565780949,Maintain potentially hazardous foods at internal temperature between 4 C and 60 C -  Sec. 27(1)
CHRIS BREAD BAKERY,2023-03-28,C - Crucial,43.73565083253437,-79.25258133071887,Store potentially hazardous foods at internal temperature between 4 C and 60 C - Sec. 27(1)
CHUNGCHUN RICE DOG,2023-01-03,C - Crucial,43.80528594903537,-79.28703146807041,Fail to protect food from contamination or adulteration - Sec. 26(1) 
CHUNGCHUN RICE HOTDOG,2023-10-26,C - Crucial,43.674409981618254,-79.47024277788309,Food premise maintained in manner to permit contamination of single-service containers - Sec. 7(1)(h)  
CHURCH'S TEXAS CHICKEN,2022-07-05,C - Crucial,43.743627000268575,-79.48577701321551,Fail to protect food from contamination or adulteration - Sec. 26(1) 
CHURRASCO OF ST CLAIR,2022-11-09,C - Crucial,43.68167300537252,-79.425276253197,Fail to protect food from contamination or adulteration - Sec. 26(1) 
CHURRASCO OF ST CLAIR,2022-11-09,C - Crucial,43.68141545996329,-79.42548708667766,Food premise maintained in manner permitting adverse effect on food - Sec. 7(1)(a)(iii) 
CHURRASCO OF ST CLAIR,2022-11-09,C - Crucial,43.68184924918414,-79.42541256620453,Maintain potentially hazardous foods at internal temperature between 4 C and 60 C -  Sec. 27(1)
CIBO,2022-11-09,C - Crucial,43.7117423558366,-79.40021979982336,Store potentially hazardous foods at internal temperature between 4 C and 60 C - Sec. 27(1)
CIRCLE K,2023-02-16,C - Crucial,43.72291129357055,-79.33860143461474,Maintain potentially hazardous foods at internal temperature between 4 C and 60 C -  Sec. 27(1)
CITY BISTRO,2023-11-29,C - Crucial,43.74446487055869,-79.31166792105891,Fail to ensure food handler in food premise washes hands as necessary to prevent contamination of food - Sec. 33(1)(e) 
CITY FISH MARKET,2022-06-22,C - Crucial,43.70869195528977,-79.45379156342827,Fail to protect food from contamination or adulteration - Sec. 26(1) 
CITY FISH MARKET,2022-06-22,C - Crucial,43.708920870510816,-79.45342878441141,Store ice in unsanitary manner - Sec.  26(5) 
CITY FRIED CHICKEN & PIZZA,2022-10-12,C - Crucial,43.68110266622598,-79.33723312402395,Refrigerate potentially hazardous foods at internal temperature above 4 C - Sec. 30(a)
CITY FRIED CHICKEN & PIZZA,2022-10-12,C - Crucial,43.680541013671196,-79.33782786223001,Food premise maintained in manner to permit contamination of single-service containers - Sec. 7(1)(h)  
CITY KEBAB,2024-06-11,C - Crucial,43.71559244278763,-79.39980942785022,Fail to protect food from contamination or adulteration - Sec. 26(1) 
COCO KARAOKE,2022-12-08,C - Crucial,43.79657939145735,-79.41976348337235,Store ice in unsanitary manner - Sec.  26(5) 
COCONUT SEASONS,2022-11-08,C - Crucial,43.822649208947176,-79.30054513573623,Fail to protect food from contamination or adulteration - Sec. 26(1) 
COCONUT SEASONS,2023-07-24,C - Crucial,43.82285521413168,-79.30097331050926,Food premise maintained in manner to permit contamination of single-service containers - Sec. 7(1)(h)  
COFFEE ISLAND,2022-08-17,C - Crucial,43.663984609717765,-79.38665366551527,Store potentially hazardous foods at internal temperature between 4 C and 60 C - Sec. 27(1)
COFFEE TIME,2024-05-22,C - Crucial,43.73189687281038,-79.45899183529744,Maintain potentially hazardous foods at internal temperature between 4 C and 60 C -  Sec. 27(1)
COLOSSAL ONION - CNE 2019,2022-08-19,C - Crucial,43.635047928981216,-79.41119457689138,Fail to process food in manner safe to eat - Sec. 26(2)
COLOSSAL ONION - CNE 2019,2022-08-19,C - Crucial,43.63538597898367,-79.41155497532388,Maintain potentially hazardous foods at internal temperature between 4 C and 60 C -  Sec. 27(1)
COLOSSAL ONION - CNE 2019,2022-08-19,C - Crucial,43.634645729755455,-79.41100684531277,Fail to protect food from contamination or adulteration - Sec. 26(1) 
COLOSSAL ONION - CNE 2019,2023-08-31,C - Crucial,43.63511687616074,-79.41173830087983,Fail to protect food from contamination or adulteration - Sec. 26(1) 
COLOSSAL ONION - CNE 2019,2023-08-31,C - Crucial,43.63511773439821,-79.41065460482803,Fail to ensure food handler in food premise washes hands as necessary to prevent contamination of food - Sec. 33(1)(e) 
COLUMBUS BAKERY,2024-01-23,C - Crucial,43.75091875209136,-79.55198218423314,Fail to ensure food handler in food premise washes hands as necessary to prevent contamination of food areas - Sec.  33(1)(e)
COLUMBUS BAKERY,2024-01-23,C - Crucial,43.751247936031874,-79.55169668809783,Fail to protect food from contamination or adulteration - Sec. 26(1) 
COLUMBUS BAKERY,2024-03-14,C - Crucial,43.71464446644082,-79.46817510230682,Fail to protect food from contamination or adulteration - Sec. 26(1) 
COLUMBUS BAKERY,2024-03-14,C - Crucial,43.713687004322956,-79.46785771101689,Fail to ensure food handler in food premise washes hands as necessary to prevent contamination of food - Sec. 33(1)(e) 
COMMISSO BROS & RACCO ITALIAN BAKERY,2023-12-04,C - Crucial,43.69865666245384,-79.4687995615139,Fail to protect food from contamination or adulteration - Sec. 26(1) 
COMMISSO BROS & RACCO ITALIAN BAKERY,2023-12-11,C - Crucial,43.698255198057744,-79.46911602396183,Fail to protect food from contamination or adulteration - Sec. 26(1) 
COMMISSO BROS & RACCO ITALIAN BAKERY,2024-02-14,C - Crucial,43.69881013647304,-79.4690169554756,Fail to protect food from contamination or adulteration - Sec. 26(1) 
COMMISSO BROS & RACCO ITALIAN BAKERY,2024-02-14,C - Crucial,43.69840686908473,-79.46918059978981,Sell potentially hazardous foods at internal temperature between 4 C and 60 C - Sec. 27(1)
CONGEE QUEEN,2023-10-11,C - Crucial,43.736051362574734,-79.34787721228844,Fail to protect food from contamination or adulteration - Sec. 26(1) 
CONGEE QUEEN,2023-09-28,C - Crucial,43.79522198696025,-79.41950132841075,Fail to protect food from contamination or adulteration - Sec. 26(1) 
CONGEE QUEEN,2024-03-26,C - Crucial,43.79499358279083,-79.41998701072619,Store ice in unsanitary manner - Sec.  26(5) 
CONGEE QUEEN,2024-03-26,C - Crucial,43.7956748363896,-79.4199405887001,Fail to protect food from contamination or adulteration - Sec. 26(1) 
CONVENIENCE CANADA,2022-10-03,C - Crucial,43.64059264039697,-79.43745030891922,Sell potentially hazardous foods at internal temperature between 4 C and 60 C - Sec. 27(1)
CONVENIENCE CANADA,2022-10-03,C - Crucial,43.640671671942876,-79.43738709587612,Fail to protect food from contamination or adulteration - Sec. 26(1) 
CONVENIENCE CANADA,2023-06-26,C - Crucial,43.64086359686608,-79.43791665512522,Fail to protect food from contamination or adulteration - Sec. 26(1) 
CORN STAND,2023-07-23,C - Crucial,43.74843447573449,-79.47881115153262,Maintain potentially hazardous foods at internal temperature between 4 C and 60 C -  Sec. 27(1)
CORN STAND,2023-07-23,C - Crucial,43.747829936088316,-79.47844439196395,Fail to ensure food handler in food premise washes hands as necessary to prevent contamination of food - Sec. 33(1)(e) 
CORRECT AFRICAN FOOD MARKET/NAIJA KITCHEN,2024-03-05,C - Crucial,43.73033230473321,-79.46900515657957,Store potentially hazardous foods at internal temperature between 4 C and 60 C - Sec. 27(1)
CRAVEWINGS INC,2023-08-11,C - Crucial,43.703669685598705,-79.4145231574661,Fail to protect food from contamination or adulteration - Sec. 26(1) 
CRAVEWINGS INC,2023-08-11,C - Crucial,43.70284783609634,-79.41508137295328,Maintain potentially hazardous foods at internal temperature between 4 C and 60 C -  Sec. 27(1)
CREAM AND SUGAR,2022-07-26,C - Crucial,43.778615682101666,-79.34839193418287,Display potentially hazardous foods at internal temperature between 4 C and 60 C - Sec. 27(1)
CRISTAL THANI,2023-01-06,C - Crucial,43.65532912199033,-79.41266318334507,Fail to protect food from contamination or adulteration - Sec. 26(1) 
CUCINI XPRESS,2024-03-01,C - Crucial,43.658743189046,-79.38211844448948,Distribute potentially hazardous foods at internal temperature between 4 C and 60 C - Sec. 27(1)
CULINARY BOYZ,2024-01-11,C - Crucial,43.714052719987215,-79.58446624567155,Fail to protect food from contamination or adulteration - Sec. 26(1) 
CUP OF TE Cafe,2022-11-28,C - Crucial,43.71505079529821,-79.45305189444068,Fail to protect food from contamination or adulteration - Sec. 26(1) 
CUPPA TEA,2023-05-25,C - Crucial,43.66706200137685,-79.40411806924902,Fail to protect food from contamination or adulteration - Sec. 26(1) 
CUPPA TEA,2023-09-11,C - Crucial,43.666501626716396,-79.40387709993027,Fail to protect food from contamination or adulteration - Sec. 26(1) 
Casa Deluz,2022-11-18,C - Crucial,43.80951078458694,-79.26942323179382,Fail to ensure food handler in food premise washes hands as necessary to prevent contamination of food - Sec. 33(1)(e) 
Casa Deluz,2023-03-03,C - Crucial,43.80897494902964,-79.26949559698724,Fail to protect food from contamination or adulteration - Sec. 26(1) 
Casa Deluz,2023-06-27,C - Crucial,43.80951171184203,-79.26948861642799,Fail to protect food from contamination or adulteration - Sec. 26(1) 
Casa Deluz,2023-12-06,C - Crucial,43.80979213402697,-79.26918725885619,Fail to protect food from contamination or adulteration - Sec. 26(1) 
Casa Deluz,2024-02-02,C - Crucial,43.80946966057974,-79.26932186657103,Store potentially hazardous foods at internal temperature between 4 C and 60 C - Sec. 27(1)
Casa Deluz,2024-02-02,C - Crucial,43.80896723757108,-79.26945147627738,Fail to protect food from contamination or adulteration - Sec. 26(1) 
Chicken Plus Liberty Village,2024-03-20,C - Crucial,43.63973979467694,-79.42165216774079,Fail to ensure food handler in food premise washes hands as necessary to prevent contamination of food - Sec. 33(1)(e) 
Chongqing Lao Jiu Men Hotpot,2022-12-06,C - Crucial,43.82546470546545,-79.29864970763546,Maintain potentially hazardous foods at internal temperature between 4 C and 60 C -  Sec. 27(1)
Chongqing Lao Jiu Men Hotpot,2022-12-06,C - Crucial,43.82542643089396,-79.29916649373342,Fail to protect food from contamination or adulteration - Sec. 26(1) 
Congee Queen,2023-06-19,C - Crucial,43.78370883941431,-79.29201969595657,Display potentially hazardous foods at internal temperature between 4 C and 60 C - Sec. 27(1)
Coppa's,2023-09-07,C - Crucial,43.7717172604802,-79.16620152209858,Store potentially hazardous foods at internal temperature between 4 C and 60 C - Sec. 27(1)
Coppa's,2023-09-07,C - Crucial,43.77142369381124,-79.16525460512806,Food premise maintained in manner permitting adverse effect on food - Sec. 7(1)(a)(iii) 
Crown Pastries,2023-02-16,C - Crucial,43.746271435329874,-79.29281091795151,Fail to ensure food handler in food premise washes hands as necessary to prevent contamination of food - Sec. 33(1)(e) 
D.G.A. FILIPINO VARIETY STORE,2024-01-19,C - Crucial,43.700785244545976,-79.44099255744165,Store potentially hazardous foods at internal temperature between 4 C and 60 C - Sec. 27(1)
DAILY PRESS JUICERY,2022-07-12,C - Crucial,43.65055301411668,-79.38902364855205,Display potentially hazardous foods at internal temperature between 4 C and 60 C - Sec. 27(1)
DAIRY QUEEN,2023-04-20,C - Crucial,43.7680081753135,-79.41211889110838,Store potentially hazardous foods at internal temperature between 4 C and 60 C - Sec. 27(1)
DALDONGHAE,2022-12-01,C - Crucial,43.664533771985134,-79.41569319558835,Store ice in unsanitary manner - Sec.  26(5) 
DALDONGHAE,2022-12-01,C - Crucial,43.663674688039585,-79.41623208826917,Fail to protect food from contamination or adulteration - Sec. 26(1) 
DALDONGHAE,2023-12-15,C - Crucial,43.66408352081615,-79.41597272800077,Fail to protect food from contamination or adulteration - Sec. 26(1) 
DAM SANDWICH,2022-08-03,C - Crucial,43.687403555333404,-79.43801679489181,Fail to protect food from contamination or adulteration - Sec. 26(1) 
DAMDA,2023-05-03,C - Crucial,43.664230082571834,-79.41562797198685,Fail to protect food from contamination or adulteration - Sec. 26(1) 
DARBAND RESTAURANT,2022-07-06,C - Crucial,43.75546450910463,-79.34900353905523,Maintain potentially hazardous foods at internal temperature between 4 C and 60 C -  Sec. 27(1)
DARBAND RESTAURANT,2022-07-06,C - Crucial,43.75525912099088,-79.34869997651211,Fail to ensure food handler in food premise washes hands as necessary to prevent contamination of food - Sec. 33(1)(e) 
DARBAR PERSIAN GRILL,2023-03-03,C - Crucial,43.73536609512192,-79.41959724355159,Store ice in unsanitary manner - Sec.  26(5) 
DARNA,2023-04-13,C - Crucial,43.706826451141964,-79.37487904312827,Fail to protect food from contamination or adulteration - Sec. 26(1) 
DATTA FOOD MANUFACTORY,2022-12-01,C - Crucial,43.811119797559,-79.25812944867576,Display potentially hazardous foods at internal temperature between 4 C and 60 C - Sec. 27(1)
DATTA FOOD MANUFACTORY,2023-04-05,C - Crucial,43.81154717985159,-79.25706104738953,Store potentially hazardous foods at internal temperature between 4 C and 60 C - Sec. 27(1)
DATTA FOOD MANUFACTORY,2023-07-19,C - Crucial,43.8118067091731,-79.2574250853342,Maintain potentially hazardous foods at internal temperature between 4 C and 60 C -  Sec. 27(1)
DAVID MINTZ CATERING (CHRISTINA),2024-05-13,C - Crucial,43.65420526965892,-79.34244858918682,Food premise maintained in manner permitting health hazard - Sec. 7(1)(a)(i)    
DAWES CAFE,2023-04-19,C - Crucial,43.702543249969146,-79.29728662933987,Food premise maintained in manner permitting adverse effect on food - Sec. 7(1)(a)(iii) 
DAY'S KITCHEN,2023-05-29,C - Crucial,43.80653499432792,-79.22190450371626,Store potentially hazardous foods at internal temperature between 4 C and 60 C - Sec. 27(1)
DELHI TOUCH,2023-10-26,C - Crucial,43.72787506360148,-79.43170097033543,Fail to protect food from contamination or adulteration - Sec. 26(1) 
DELHI TOUCH,2023-10-26,C - Crucial,43.72791344519198,-79.43222513339751,Fail to ensure food handler in food premise washes hands as necessary to prevent contamination of food - Sec. 33(1)(e) 
DELHI TOUCH,2023-10-26,C - Crucial,43.72771241936681,-79.43215449991999,Store potentially hazardous foods at internal temperature between 4 C and 60 C - Sec. 27(1)
DELICIOUS EMPANADAS,2023-05-10,C - Crucial,43.69750352015385,-79.4522327435537,Store potentially hazardous foods at internal temperature between 4 C and 60 C - Sec. 27(1)
DELICIOUS EMPANADAS,2023-09-12,C - Crucial,43.69813354036507,-79.45166826238999,Store potentially hazardous foods at internal temperature between 4 C and 60 C - Sec. 27(1)
DELYSEES,2023-07-28,C - Crucial,43.65538498848134,-79.3408508976242,Store potentially hazardous foods at internal temperature between 4 C and 60 C - Sec. 27(1)
DELYSEES LUXURY DESSERTS,2023-07-07,C - Crucial,43.72578416725381,-79.45141841062424,Fail to ensure food handler in food premise washes hands as necessary to prevent contamination of food - Sec. 33(1)(e) 
DESI CHATKA RESTAURANT,2022-07-25,C - Crucial,43.762993463788206,-79.20872704041467,Fail to protect food from contamination or adulteration - Sec. 26(1) 
DESTA MARKET,2022-12-05,C - Crucial,43.67969355359796,-79.34050132762809,Fail to protect food from contamination or adulteration - Sec. 26(1) 
DHAKA KEBAB,2022-07-15,C - Crucial,43.69127617178252,-79.2896087771434,Food premise maintained in manner permitting adverse effect on food - Sec. 7(1)(a)(iii) 
DHAKA KITCHEN,2024-06-11,C - Crucial,43.7049937555401,-79.28886415033973,Hot-holding potentially hazardous foods at internal temperature below 60 C - Sec. 30(a)
DHAKA KITCHEN,2024-06-11,C - Crucial,43.705578685449076,-79.28849609746563,Fail to protect food from contamination or adulteration - Sec. 26(1) 
DILSE INDIAN RESTAURANT & BAR,2023-05-18,C - Crucial,43.64906476212156,-79.45046321370775,Fail to protect food from contamination or adulteration - Sec. 26(1) 
DIMITRI'S PLACE,2024-02-09,C - Crucial,43.59954573289052,-79.50907447715883,Fail to protect food from contamination or adulteration - Sec. 26(1) 
DISTRICT 28,2023-04-06,C - Crucial,43.654931517125306,-79.34074755380038,Fail to protect food from contamination or adulteration - Sec. 26(1) 
DIYIJIA,2022-12-28,C - Crucial,43.66386109229722,-79.38413127769113,Store potentially hazardous foods at internal temperature between 4 C and 60 C - Sec. 27(1)
DONER G TURKISH CUISINE,2023-05-31,C - Crucial,43.730571279176374,-79.46679151097935,Fail to protect food from contamination or adulteration - Sec. 26(1) 
DONER G TURKISH CUISINE,2023-05-31,C - Crucial,43.7309257531749,-79.46627630949037,Fail to process food in manner safe to eat - Sec. 26(2)
DONER G TURKISH CUISINE,2023-05-31,C - Crucial,43.73065595800417,-79.46695950750738,Fail to ensure food handler in food premise washes hands as necessary to prevent contamination of food - Sec. 33(1)(e) 
DONER G TURKISH CUISINE,2023-05-31,C - Crucial,43.73047801911675,-79.46662872723189,Maintain potentially hazardous foods at internal temperature between 4 C and 60 C -  Sec. 27(1)
DONG KEE CHINESE RESTAURANT,2023-07-12,C - Crucial,43.81925379421131,-79.29479128577495,Fail to protect food from contamination or adulteration - Sec. 26(1) 
DONWAY PLACE,2024-01-03,C - Crucial,43.734460688188264,-79.34053062719241,Handle ice in unsanitary manner - Sec.  26(5) 
DOWNSVIEW MARKET & CONVENIENCE,2023-04-18,C - Crucial,43.722538777854126,-79.49851093908143,Food premise maintained in manner permitting adverse effect on food - Sec. 7(1)(a)(iii) 
DR. LAFFA ON THE GO,2023-01-17,C - Crucial,43.72921814801988,-79.43202299128609,Store potentially hazardous foods at internal temperature between 4 C and 60 C - Sec. 27(1)
DRINK JUICE CO.,2022-09-16,C - Crucial,43.70753607728952,-79.37620721172793,Store ice in unsanitary manner - Sec.  26(5) 
DRUMS N FLATS,2022-08-10,C - Crucial,43.73519689751199,-79.42087330205503,Fail to protect food from contamination or adulteration - Sec. 26(1) 
DRUMS N FLATS,2023-06-09,C - Crucial,43.73448388819766,-79.42077244789614,Fail to protect food from contamination or adulteration - Sec. 26(1) 
DRUMS N FLATS,2023-06-09,C - Crucial,43.7347877237637,-79.4199681830704,Refrigerate potentially hazardous foods at internal temperature above 4 C - Sec. 30(a)
DRUXY'S FAMOUS DELI,2023-05-25,C - Crucial,43.64849693286624,-79.37945646588084,Store potentially hazardous foods at internal temperature between 4 C and 60 C - Sec. 27(1)
DRUXY'S FAMOUS DELI,2023-05-25,C - Crucial,43.64869892001181,-79.37978384784844,Fail to protect food from contamination or adulteration - Sec. 26(1) 
DUFF'S FAMOUS WINGS,2022-11-10,C - Crucial,43.70640071729547,-79.37545110204249,Maintain potentially hazardous foods at internal temperature between 4 C and 60 C -  Sec. 27(1)
DUFF'S FAMOUS WINGS,2022-11-10,C - Crucial,43.70619013416206,-79.37547981718487,Food premise maintained in manner to permit contamination of single-service articles - Sec. 7(1)(h)  
DUFF'S FAMOUS WINGS,2022-11-10,C - Crucial,43.70622148367082,-79.37516678990725,Store ice in unsanitary manner - Sec.  26(5) 
DUNDAS SPRING GARDEN,2022-11-02,C - Crucial,43.65322285127762,-79.39520907893714,Fail to protect food from contamination or adulteration - Sec. 26(1) 
DURBAR INDIAN CUISINE,2023-05-17,C - Crucial,43.64811978672198,-79.48479875662841,Fail to protect food from contamination or adulteration - Sec. 26(1) 
DURBAR INDIAN CUISINE,2023-05-17,C - Crucial,43.64915234745286,-79.4847599089028,Maintain potentially hazardous foods at internal temperature between 4 C and 60 C -  Sec. 27(1)
DV AFRICAN FOOD,2022-11-03,C - Crucial,43.72386053225416,-79.493593534364,Fail to protect food from contamination or adulteration - Sec. 26(1) 
DYNASTY HOUSE SEAFOOD RESTAURANT,2022-12-19,C - Crucial,43.70439342551024,-79.49256723409052,Fail to ensure storage racks designed to protect against contamination - Sec. 31
Da Ke Yi Snacks,2022-10-07,C - Crucial,43.81391940553423,-79.29162620584992,Fail to protect food from contamination or adulteration - Sec. 26(1) 
Delicious Food,2022-12-08,C - Crucial,43.78663061204173,-79.27674251384491,Fail to protect food from contamination or adulteration - Sec. 26(1) 
Ge's Green Kitchen,2023-09-28,C - Crucial,43.7865996992507,-79.27627868417827,Fail to ensure food handler in food premise refrains from conduct that could result in contamination of food - Sec. 33(1)(h) 
Delicious Paradise Kitchen,2022-10-13,C - Crucial,43.821817442868145,-79.29903961024841,Refrigerate potentially hazardous foods at internal temperature above 4 C - Sec. 30(a)
Delicious Paradise Kitchen,2022-10-13,C - Crucial,43.82207341002336,-79.29952626206763,Store potentially hazardous foods at internal temperature between 4 C and 60 C - Sec. 27(1)
Delicious Paradise Kitchen,2022-10-28,C - Crucial,43.8222939873926,-79.29960005778955,Maintain potentially hazardous foods at internal temperature between 4 C and 60 C -  Sec. 27(1)
EARL'S KITCHEN + BAR,2024-01-17,C - Crucial,43.614670448841274,-79.55573719740585,Handle ice in unsanitary manner - Sec.  26(5) 
EARL'S RESTAURANT,2023-10-18,C - Crucial,43.72607685994743,-79.45131691905993,Refrigerate potentially hazardous foods at internal temperature above 4 C - Sec. 30(a)
EARL'S RESTAURANT,2023-10-18,C - Crucial,43.72595362784482,-79.45120849465842,Hot-holding potentially hazardous foods at internal temperature below 60 C - Sec. 30(a)
EARL'S RESTAURANT,2023-10-18,C - Crucial,43.72659364816449,-79.45142474308471,Fail to protect food from contamination or adulteration - Sec. 26(1) 
EARL'S RESTAURANT,2023-10-18,C - Crucial,43.726143327994784,-79.4515738319275,Store potentially hazardous foods at internal temperature between 4 C and 60 C - Sec. 27(1)
EARL'S RESTAURANT,2023-10-18,C - Crucial,43.72594236076697,-79.45128136451603,Fail to ensure food handler in food premise washes hands as necessary to prevent contamination of food - Sec. 33(1)(e) 
EAST SIDE MARIO'S,2023-05-02,C - Crucial,43.724259616599056,-79.2905306863285,Fail to protect food from contamination or adulteration - Sec. 26(1) 
EAST YORK RESTAURANT,2023-10-31,C - Crucial,43.68871257107842,-79.34895680723146,Store ice in unsanitary manner - Sec.  26(5) 
EAT BKK THAI KITCHEN,2022-08-26,C - Crucial,43.66028068922046,-79.34277330770807,Distribute potentially hazardous foods at internal temperature between 4 C and 60 C - Sec. 27(1)
EAT BKK THAI KITCHEN,2023-06-02,C - Crucial,43.66085066153007,-79.3435299327429,Store potentially hazardous foods at internal temperature between 4 C and 60 C - Sec. 27(1)
EAT BKK THAI KITCHEN,2023-06-02,C - Crucial,43.661335439616046,-79.34345544786207,Fail to protect food from contamination or adulteration - Sec. 26(1) 
EAT BKK THAI KITCHEN,2022-08-29,C - Crucial,43.665756578962934,-79.4086893378298,Food premise maintained in manner permitting health hazard (Rodents) - Sec. 7(1)(a)(i)    
EAT BKK THAI KITCHEN,2022-08-29,C - Crucial,43.66516709622125,-79.4087766845227,Fail to protect food from contamination or adulteration - Sec. 26(1) 
EAT BKK THAI KITCHEN,2022-09-07,C - Crucial,43.75901690123828,-79.41128067735146,Maintain potentially hazardous foods at internal temperature between 4 C and 60 C -  Sec. 27(1)
EAT BKK THAI KITCHEN,2022-09-07,C - Crucial,43.75942587384028,-79.41079270730964,Fail to protect food from contamination or adulteration - Sec. 26(1) 
EAT BKK THAI KITCHEN,2022-09-07,C - Crucial,43.75915366750473,-79.41101720212768,Store ice in unsanitary manner - Sec.  26(5) 
EAT BKK THAI KITCHEN,2022-10-05,C - Crucial,43.759221622501535,-79.41044948788868,Fail to protect food from contamination or adulteration - Sec. 26(1) 
EAT BKK THAI KITCHEN,2022-10-05,C - Crucial,43.75933646599929,-79.41067862945542,Store potentially hazardous foods at internal temperature between 4 C and 60 C - Sec. 27(1)
EAT LUNCH,2023-03-10,C - Crucial,43.70242569125477,-79.45609979715599,Store potentially hazardous foods at internal temperature between 4 C and 60 C - Sec. 27(1)
ECHO SUSHI,2024-04-19,C - Crucial,43.701530098497734,-79.39725728352421,Food premise maintained in manner permitting adverse effect on food - Sec. 7(1)(a)(iii) 
ECHO SUSHI,2024-04-19,C - Crucial,43.70125444024958,-79.39703547639692,Fail to protect food from contamination or adulteration - Sec. 26(1) 
EDGE BBQ & GRILL FILIPINO CUISINE,2023-02-24,C - Crucial,43.82711955992182,-79.29104619182377,Food premise maintained in manner permitting adverse effect on food - Sec. 7(1)(a)(iii) 
EDGE BBQ & GRILL FILIPINO CUISINE,2023-02-24,C - Crucial,43.82698400121951,-79.29154186832842,Store potentially hazardous foods at internal temperature between 4 C and 60 C - Sec. 27(1)
EGGSMART,2023-03-21,C - Crucial,43.66182616585639,-79.42427832315613,Fail to protect food from contamination or adulteration - Sec. 26(1) 
EGGSTATIC,2023-07-20,C - Crucial,43.70485287218124,-79.37575978987118,Fail to ensure food handler in food premise refrains from conduct that could result in contamination of food areas - Sec. 33(1)(h) 
EHWA,2023-08-24,C - Crucial,43.668068355387305,-79.38520497566024,Store potentially hazardous foods at internal temperature between 4 C and 60 C - Sec. 27(1)
EHWA,2023-08-24,C - Crucial,43.66789100178595,-79.38509921512113,Food premise maintained in manner permitting adverse effect on food - Sec. 7(1)(a)(iii) 
EL NOUR HALAL PIZZA & WINGS,2023-08-31,C - Crucial,43.69100751622694,-79.471227807401,Fail to protect food from contamination or adulteration - Sec. 26(1) 
EL RINCON GUERRERENSE,2024-01-29,C - Crucial,43.72159804205821,-79.23506271869232,Fail to protect food from contamination or adulteration - Sec. 26(1) 
EL SAZON DE LA TIA FLOR,2023-02-07,C - Crucial,43.69750127311954,-79.4462129629842,Store potentially hazardous foods at internal temperature between 4 C and 60 C - Sec. 27(1)
EL SAZON MEXICANO,2023-03-20,C - Crucial,43.677001553342876,-79.44805274576517,Fail to protect food from contamination or adulteration - Sec. 26(1) 
EL VENEZOLANO 2,2022-08-04,C - Crucial,43.680189318271346,-79.34120859624132,Handle ice in unsanitary manner - Sec.  26(5) 
EL VENEZOLANO 2,2023-11-23,C - Crucial,43.679779332758045,-79.34096152386253,Refrigerate potentially hazardous foods at internal temperature above 4 C - Sec. 30(a)
ELEMENT LOUNGE & RESTAURANT,2022-08-11,C - Crucial,43.757115651870464,-79.52837675008915,Fail to protect food from contamination or adulteration - Sec. 26(1) 
ELEMENT LOUNGE & RESTAURANT,2022-08-11,C - Crucial,43.75688907912554,-79.528981991907,Handle ice in unsanitary manner - Sec.  26(5) 
ELFS STUCCO EMPLOYERS SOCIETY,2024-02-16,C - Crucial,43.76369182211151,-79.48907306023047,Maintain potentially hazardous foods at internal temperature between 4 C and 60 C -  Sec. 27(1)
ELMER'S FINE FOODS,2023-10-27,C - Crucial,43.68882165606813,-79.34841546115625,Store ice in unsanitary manner - Sec.  26(5) 
ELMER'S FINE FOODS,2023-10-27,C - Crucial,43.68900712232507,-79.34835520222323,Fail to protect food from contamination or adulteration - Sec. 26(1) 
ELMER'S FINE FOODS,2023-10-27,C - Crucial,43.68862214193718,-79.34824142838595,Display potentially hazardous foods at internal temperature between 4 C and 60 C - Sec. 27(1)
EMBASSY RESTAURANT SAMOSA KING TAKE OUT,2023-11-15,C - Crucial,43.810453683042454,-79.25695703013197,Maintain potentially hazardous foods at internal temperature between 4 C and 60 C -  Sec. 27(1)
EMBASSY RESTAURANT SAMOSA KING TAKE OUT,2023-11-15,C - Crucial,43.81056181445693,-79.25720718787983,Fail to protect food from contamination or adulteration - Sec. 26(1) 
EMBASSY RESTAURANT SAMOSA KING TAKE OUT,2024-04-05,C - Crucial,43.81030304975407,-79.25695170769256,Maintain potentially hazardous foods at internal temperature between 4 C and 60 C -  Sec. 27(1)
EMEYE INJERA & MINI  MART VARIETY,2023-03-08,C - Crucial,43.691502785103076,-79.47096570004129,Fail to ensure room kept free from live birds or animals - Sec. 14(1)
EMPIRE BAKERY,2022-11-22,C - Crucial,43.779689352894465,-79.48056471929708,Fail to ensure food handler in food premise washes hands as necessary to prevent contamination of food - Sec. 33(1)(e) 
EMPIRE BAKERY,2022-11-22,C - Crucial,43.77939009689136,-79.48075874462194,Fail to protect food from contamination or adulteration - Sec. 26(1) 
EPOCHAL IMP,2024-04-10,C - Crucial,43.67636993830437,-79.35752423669629,Fail to ensure room kept free from live birds or animals - Sec. 14(1)
"ESTHER, QUEEN OF SOUPS",2023-02-01,C - Crucial,43.67008465662907,-79.38726936638757,Maintain potentially hazardous foods at internal temperature between 4 C and 60 C -  Sec. 27(1)
ESTO ES COLOMBIA RESTAURANT,2023-10-24,C - Crucial,43.70656091176034,-79.45351125411288,Fail to protect food from contamination or adulteration - Sec. 26(1) 
ESTO ES COLOMBIA RESTAURANT,2023-10-24,C - Crucial,43.706606005961746,-79.45322839220607,Fail to ensure food handler in food premise washes hands as necessary to prevent contamination of food - Sec. 33(1)(e) 
ETOBICOKE DANFORTH FOOD MARKET,2023-05-05,C - Crucial,43.75146501486252,-79.59946167020588,Fail to protect food from contamination or adulteration - Sec. 26(1) 
ETOBICOKE DANFORTH FOOD MARKET,2024-06-03,C - Crucial,43.75162901323068,-79.59958276963413,Display potentially hazardous foods at internal temperature between 4 C and 60 C - Sec. 27(1)
EVERBEST BAKERY,2023-09-07,C - Crucial,43.809310540779755,-79.26917504887349,Offer for sale potentially hazardous foods at internal temperature between 4 C and 60 C - Sec. 27(1)
EVERBEST BAKERY,2023-09-07,C - Crucial,43.809512828446394,-79.2692061512945,Fail to protect food from contamination or adulteration - Sec. 26(1) 
EVVIVA RESTAURANT,2024-04-05,C - Crucial,43.64072793659476,-79.38335857445053,Store potentially hazardous foods at internal temperature between 4 C and 60 C - Sec. 27(1)
EXTENDICARE SCARBOROUGH,2023-09-11,C - Crucial,43.76390837387804,-79.21048841271367,Maintain potentially hazardous foods at internal temperature between 4 C and 60 C -  Sec. 27(1)
East Court & Mike's BBQ,2023-01-23,C - Crucial,43.787448755824045,-79.26972840600952,Display potentially hazardous foods at internal temperature between 4 C and 60 C - Sec. 27(1)
East Court & Mike's BBQ,2023-01-23,C - Crucial,43.78802151208928,-79.27030355646453,Fail to protect food from contamination or adulteration - Sec. 26(1) 
Eraa Supermarket,2023-02-21,C - Crucial,43.817600849161195,-79.22294380171006,Fail to protect food from contamination or adulteration - Sec. 26(1) 
Eraa Supermarket,2023-02-21,C - Crucial,43.81750417325489,-79.22297469159491,Store potentially hazardous foods at internal temperature between 4 C and 60 C - Sec. 27(1)
FAHRENHEIT COFFEE,2023-09-14,C - Crucial,43.6430811364066,-79.3940226656985,Store ice in unsanitary manner - Sec.  26(5) 
FAIRBANK PUBLIC SCHOOL,2023-04-26,C - Crucial,43.69450411033192,-79.44908211843301,Store potentially hazardous foods at internal temperature between 4 C and 60 C - Sec. 27(1)
FAM - FOOD & MASTI,2023-10-04,C - Crucial,43.69208156491479,-79.28262107772515,Store potentially hazardous foods at internal temperature between 4 C and 60 C - Sec. 27(1)
FAM - FOOD & MASTI,2023-10-04,C - Crucial,43.69211211147175,-79.2826226009466,Food premise maintained in manner permitting adverse effect on food - Sec. 7(1)(a)(iii) 
FAM - FOOD & MASTI,2023-10-04,C - Crucial,43.69209762432624,-79.2828900109037,Fail to protect food from contamination or adulteration - Sec. 26(1) 
FAMOUS INDIAN SUPERMARKET,2024-03-06,C - Crucial,43.72212817677503,-79.30359844071403,Fail to protect food from contamination or adulteration - Sec. 26(1) 
FARM BOY,2024-03-06,C - Crucial,43.658132758887135,-79.32938708684249,Fail to protect food from contamination or adulteration - Sec. 26(1) 
FARM FRESH SUPERMARKET,2022-09-16,C - Crucial,43.7891542567803,-79.26685873785638,Display potentially hazardous foods at internal temperature between 4 C and 60 C - Sec. 27(1)
FARM FRESH SUPERMARKET,2022-09-16,C - Crucial,43.78853160975343,-79.26719021580226,Fail to protect food from contamination or adulteration - Sec. 26(1) 
FARM FRESH SUPERMARKET,2023-04-25,C - Crucial,43.78911685717969,-79.26679244942335,Fail to protect food from contamination or adulteration - Sec. 26(1) 
FARM FRESH SUPERMARKET,2024-03-04,C - Crucial,43.78957200198455,-79.26659973241887,Display potentially hazardous foods at internal temperature between 4 C and 60 C - Sec. 27(1)
FARM FRESH SUPERMARKET,2024-03-04,C - Crucial,43.7888273053292,-79.2669328763502,Fail to protect food from contamination or adulteration - Sec. 26(1) 
FARM FRESH SUPERMARKET,2024-03-04,C - Crucial,43.78932393129762,-79.26669687255522,Fail to ensure food handler in food premise washes hands as necessary to prevent contamination of food areas - Sec.  33(1)(e)
FARMHOUSE PRIVATE KITCHEN,2022-11-24,C - Crucial,43.797750760300296,-79.27114160871865,Fail to ensure food handler in food premise refrains from conduct that could result in contamination of food - Sec. 33(1)(h) 
FARNEEM CONVENIENCE,2023-10-03,C - Crucial,43.67994612896236,-79.48233464646094,Hot-holding potentially hazardous foods at internal temperature below 60 C - Sec. 30(a)
FAT BASTARD BURRITO,2023-07-11,C - Crucial,43.67281372082694,-79.37758058270772,Store potentially hazardous foods at internal temperature between 4 C and 60 C - Sec. 27(1)
FBI PIZZA,2022-09-20,C - Crucial,43.61615162039532,-79.48848792297191,Maintain potentially hazardous foods at internal temperature between 4 C and 60 C -  Sec. 27(1)
FBI PIZZA,2022-09-20,C - Crucial,43.617573911628874,-79.48802759418824,Fail to protect food from contamination or adulteration - Sec. 26(1) 
FEED SCARBOROUGH,2024-04-30,C - Crucial,43.77575180108252,-79.1798289159284,Food premise maintained in manner permitting health hazard (Rodents) - Sec. 7(1)(a)(i)    
FIFE HOUSE FOUNDATION - HUNTLEY THP,2023-10-03,C - Crucial,43.668833461874264,-79.37716247485594,Store potentially hazardous foods at internal temperature between 4 C and 60 C - Sec. 27(1)
FIRGROVE PUBLIC SCHOOL,2023-03-07,C - Crucial,43.75165725786813,-79.51981372499188,Store potentially hazardous foods at internal temperature between 4 C and 60 C - Sec. 27(1)
FIRKIN ON BAY ST,2023-03-27,C - Crucial,43.667406468975415,-79.3880633862715,Fail to protect food from contamination or adulteration - Sec. 26(1) 
FIRST BOOST NUTRITION STUDIO,2023-03-30,C - Crucial,43.77561739553166,-79.17303689336622,Fail to ensure room kept free from live birds or animals - Sec. 14(1)
FIRST CLASS DELITES,2023-10-25,C - Crucial,43.686634419730595,-79.49027013072786,Fail to protect food from contamination or adulteration - Sec. 26(1) 
FIVE GUYS BURGERS AND FRIES,2024-04-05,C - Crucial,43.705979547304985,-79.36136104961554,Fail to ensure food handler in food premise washes hands as necessary to prevent contamination of food - Sec. 33(1)(e) 
FLAVOR BANGLA,2024-06-12,C - Crucial,43.70482130586987,-79.28890721722962,Maintain potentially hazardous foods at internal temperature between 4 C and 60 C -  Sec. 27(1)
FOOD HALL,2023-05-08,C - Crucial,43.66764288520479,-79.35386285479339,Hot-holding potentially hazardous foods at internal temperature below 60 C - Sec. 30(a)
FOODIEEZ INDIAN AND HAKKA CUISINE,2023-04-26,C - Crucial,43.69988294936173,-79.43070615553037,Fail to protect food from contamination or adulteration - Sec. 26(1) 
FOREST HILL FARMHOUSE,2024-01-17,C - Crucial,43.66233240701545,-79.33444759400008,Offer for sale potentially hazardous foods at internal temperature between 4 C and 60 C - Sec. 27(1)
FOREST HILL FARMHOUSE,2024-01-17,C - Crucial,43.66304743321187,-79.3349000754121,Fail to protect food from contamination or adulteration - Sec. 26(1) 
FOREST HILL PLACE,2024-01-08,C - Crucial,43.70565678513481,-79.42484042089797,Food premise maintained in manner to permit contamination of single-service articles - Sec. 7(1)(h)  
FOREST HILL PLACE,2024-01-08,C - Crucial,43.70670815338619,-79.4257537773795,Fail to protect food from contamination or adulteration - Sec. 26(1) 
FORMOCHA,2023-01-23,C - Crucial,43.70670607848056,-79.39580993208139,Fail to protect food from contamination or adulteration - Sec. 26(1) 
FORTUNE SEAFOOD RESTAURANT,2023-03-06,C - Crucial,43.81325043394497,-79.291068523048,Maintain potentially hazardous foods at internal temperature between 4 C and 60 C -  Sec. 27(1)
FORTUNE SEAFOOD RESTAURANT,2023-03-06,C - Crucial,43.81438564382661,-79.29203514116296,Fail to protect food from contamination or adulteration - Sec. 26(1) 
FORTUNE SEAFOOD RESTAURANT,2023-11-09,C - Crucial,43.81375043533067,-79.29185880959574,Fail to protect food from contamination or adulteration - Sec. 26(1) 
FORTUNE SEAFOOD RESTAURANT,2023-11-09,C - Crucial,43.81432773461628,-79.29132911225327,Maintain potentially hazardous foods at internal temperature between 4 C and 60 C -  Sec. 27(1)
FORTUNE SEAFOOD RESTAURANT,2023-11-09,C - Crucial,43.81420352958158,-79.29137869807114,Store ice in unsanitary manner - Sec.  26(5) 
FOUR SEASONS RESTAURANT,2022-12-13,C - Crucial,43.77094252238166,-79.33536278144274,Fail to ensure food handler in food premise refrains from conduct that could result in contamination of food - Sec. 33(1)(h) 
FOUR SEASONS RESTAURANT,2022-12-13,C - Crucial,43.77102492230521,-79.3344675561214,Maintain potentially hazardous foods at internal temperature between 4 C and 60 C -  Sec. 27(1)
FOUR SEASONS RESTAURANT,2023-04-05,C - Crucial,43.77027175039487,-79.33467040732948,Fail to protect food from contamination or adulteration - Sec. 26(1) 
FOUR SEASONS RESTAURANT,2024-04-03,C - Crucial,43.7706539932319,-79.33458607868421,Fail to protect food from contamination or adulteration - Sec. 26(1) 
FOUR SEASONS RESTAURANT,2024-04-03,C - Crucial,43.77056240631163,-79.33470714842058,Store potentially hazardous foods at internal temperature between 4 C and 60 C - Sec. 27(1)
FOX & FIDDLE,2023-07-20,C - Crucial,43.64019910541222,-79.39422840126946,Fail to ensure food handler in food premise refrains from conduct that could result in contamination of food areas - Sec. 33(1)(h) 
FRAIS BAKERY,2024-03-04,C - Crucial,43.78878603358323,-79.2672340903705,Fail to protect food from contamination or adulteration - Sec. 26(1) 
FRAN'S RESTAURANT,2022-07-25,C - Crucial,43.65475805574194,-79.37948506024482,Fail to protect food from contamination or adulteration - Sec. 26(1) 
FRANCOBOLLO,2022-08-10,C - Crucial,43.73406886580843,-79.41962696388626,Store potentially hazardous foods at internal temperature between 4 C and 60 C - Sec. 27(1)
FRANCOBOLLO,2022-08-18,C - Crucial,43.734643020792,-79.41885408958105,Store potentially hazardous foods at internal temperature between 4 C and 60 C - Sec. 27(1)
FRANKIES BAR & CAFE,2023-07-12,C - Crucial,43.64394642033086,-79.41896271404833,Fail to protect food from contamination or adulteration - Sec. 26(1) 
FRANKIES BAR & CAFE,2023-07-12,C - Crucial,43.64459934285894,-79.41826683523688,Store potentially hazardous foods at internal temperature between 4 C and 60 C - Sec. 27(1)
FRENCH MADE,2023-10-26,C - Crucial,43.64541532678963,-79.39234530913703,Maintain potentially hazardous foods at internal temperature between 4 C and 60 C -  Sec. 27(1)
FRESH & WILD,2023-01-16,C - Crucial,43.645888480344325,-79.39477538547452,Fail to ensure storage shelves designed to protect against contamination - Sec. 31
FRESH BURGER,2023-07-27,C - Crucial,43.767037170122,-79.41169787174711,Store potentially hazardous foods at internal temperature between 4 C and 60 C - Sec. 27(1)
FRESH BURRITO,2022-10-20,C - Crucial,43.59734928673801,-79.5207773795803,Fail to ensure food handler in food premise washes hands as necessary to prevent contamination of food areas - Sec.  33(1)(e)
FRESH BUY MARKET,2023-04-03,C - Crucial,43.6981785602946,-79.39709793561723,Offer for sale potentially hazardous foods at internal temperature between 4 C and 60 C - Sec. 27(1)
FRESH BUY MARKET,2023-04-03,C - Crucial,43.699090926556934,-79.3961367033195,Fail to protect food from contamination or adulteration - Sec. 26(1) 
FRESH BUY MARKET,2023-08-09,C - Crucial,43.69822942579492,-79.39661189599656,Fail to protect food from contamination or adulteration - Sec. 26(1) 
FRESH BUY MARKET,2023-08-09,C - Crucial,43.69842359305907,-79.39634481397903,Offer for sale potentially hazardous foods at internal temperature between 4 C and 60 C - Sec. 27(1)
FRESH BUY MARKET,2023-08-09,C - Crucial,43.69848195195133,-79.39714400581339,Store potentially hazardous foods at internal temperature between 4 C and 60 C - Sec. 27(1)
FRESH FRUIT TEA,2024-02-20,C - Crucial,43.7379344556654,-79.43451437388306,Store ice in unsanitary manner - Sec.  26(5) 
FRESH ON CRAWFORD,2024-01-02,C - Crucial,43.64559635298969,-79.41450642819608,Store potentially hazardous foods at internal temperature between 4 C and 60 C - Sec. 27(1)
FRESH VALUE MARKET,2023-06-05,C - Crucial,43.716646337111435,-79.55481469450073,Operate food premise --- refrigeration equipment for potentially hazardous food not of sufficient size - Sec. 30(a)
FRESH VALUE MARKET,2023-06-05,C - Crucial,43.71661490025412,-79.5544538644478,Hot-holding potentially hazardous foods at internal temperature below 60 C - Sec. 30(a)
FRESH VALUE MARKET,2024-01-10,C - Crucial,43.71697731495104,-79.55474743934109,Fail to ensure storage racks designed to protect against contamination - Sec. 31
FRESH VALUE MARKET,2024-01-10,C - Crucial,43.71647516760153,-79.55511365358198,Display potentially hazardous foods at internal temperature between 4 C and 60 C - Sec. 27(1)
FRESHCO.,2023-02-08,C - Crucial,43.6597466357224,-79.36611434360238,Fail to protect food from contamination or adulteration - Sec. 26(1) 
FRESHII,2023-10-11,C - Crucial,43.64322891635617,-79.40326226240708,Food premise maintained in manner to permit contamination of single-service containers - Sec. 7(1)(h)  
FRESHLY SQUEEZED,2024-03-06,C - Crucial,43.762204327963815,-79.41054095442277,Fail to protect food from contamination or adulteration - Sec. 26(1) 
FRIEDMAN'S FRESH FISH,2023-05-08,C - Crucial,43.71817893733806,-79.42934358344861,Store ice in unsanitary manner - Sec.  26(5) 
FRIENDSHIP RESTAURANT,2022-08-22,C - Crucial,43.77584693697137,-79.32202723589656,Fail to protect food from contamination or adulteration - Sec. 26(1) 
FRIENDSHIP RESTAURANT,2023-08-18,C - Crucial,43.77595128065246,-79.32189018880095,Fail to protect food from contamination or adulteration - Sec. 26(1) 
FRITOU,2024-03-12,C - Crucial,43.749030853081884,-79.55930834752292,Fail to protect food from contamination or adulteration - Sec. 26(1) 
FRITOU,2024-03-12,C - Crucial,43.74901732776626,-79.55879956307454,Food premise maintained in manner to permit contamination of single-service articles - Sec. 7(1)(h)  
FRITOU,2024-03-12,C - Crucial,43.748881236812885,-79.55905804960648,Offer for sale potentially hazardous foods at internal temperature between 4 C and 60 C - Sec. 27(1)
FRUIT BASKET,2022-10-24,C - Crucial,43.69801403770093,-79.39634637953831,Offer for sale potentially hazardous foods at internal temperature between 4 C and 60 C - Sec. 27(1)
FRUIT BASKET,2022-10-24,C - Crucial,43.698961687300645,-79.39581158346941,Food premise maintained in manner to permit contamination of single-service articles - Sec. 7(1)(h)  
FRUIT BASKET,2023-03-30,C - Crucial,43.698820299098486,-79.3967608924508,Fail to protect food from contamination or adulteration - Sec. 26(1) 
FRUIT BASKET,2023-03-30,C - Crucial,43.698012753928886,-79.39652038730135,Food premise maintained in manner to permit contamination of single-service articles - Sec. 7(1)(h)  
FUN CHINESE FOOD,2023-05-09,C - Crucial,43.76037351844962,-79.41153726977664,Maintain potentially hazardous foods at internal temperature between 4 C and 60 C -  Sec. 27(1)
FUN CHINESE FOOD,2023-05-09,C - Crucial,43.76068835765648,-79.41089431076175,Fail to protect food from contamination or adulteration - Sec. 26(1) 
FUTURE BISTRO,2024-03-19,C - Crucial,43.665613314934916,-79.4074639076561,Food premise maintained in manner permitting adverse effect on food - Sec. 7(1)(a)(iii) 
FUWA FUWA,2022-08-09,C - Crucial,43.66577009585156,-79.40751737989325,Store potentially hazardous foods at internal temperature between 4 C and 60 C - Sec. 27(1)
FUWA FUWA,2023-02-06,C - Crucial,43.66582455177826,-79.40833381410319,Store potentially hazardous foods at internal temperature between 4 C and 60 C - Sec. 27(1)
FUWA FUWA,2023-02-06,C - Crucial,43.665978590380014,-79.40806820327862,Fail to protect food from contamination or adulteration - Sec. 26(1) 
FV FOODS,2023-03-09,C - Crucial,43.74546664898335,-79.29266108532764,Fail to protect food from contamination or adulteration - Sec. 26(1) 
Family Restaurant Wok & Fortune,2024-01-19,C - Crucial,43.739543914933954,-79.23771244574318,Fail to protect food from contamination or adulteration - Sec. 26(1) 
Family Restaurant Wok & Fortune,2024-01-19,C - Crucial,43.73923449798194,-79.2375384135525,Food premise maintained in manner to permit contamination of single-service containers - Sec. 7(1)(h)  
Field Fresh Supermarket,2023-04-24,C - Crucial,43.83219181622576,-79.26597357551383,Display potentially hazardous foods at internal temperature between 4 C and 60 C - Sec. 27(1)
Field Fresh Supermarket,2023-09-06,C - Crucial,43.83210205885582,-79.26592315542602,Fail to protect food from contamination or adulteration - Sec. 26(1) 
Flaming Kitchen,2022-10-31,C - Crucial,43.80478050395109,-79.28756616348252,Maintain potentially hazardous foods at internal temperature between 4 C and 60 C -  Sec. 27(1)
Fuji Lamb House,2023-03-07,C - Crucial,43.804050889907884,-79.33135542799727,Fail to protect food from contamination or adulteration - Sec. 26(1) 
Fuji Lamb House,2023-08-29,C - Crucial,43.804318200922815,-79.33149204394518,Fail to protect food from contamination or adulteration - Sec. 26(1) 
GABBY'S,2022-07-06,C - Crucial,43.665404495947215,-79.47006474405136,Refrigerate potentially hazardous foods at internal temperature above 4 C - Sec. 30(a)
GABBY'S,2023-11-14,C - Crucial,43.643785844272266,-79.44824628863955,Store potentially hazardous foods at internal temperature between 4 C and 60 C - Sec. 27(1)
GABBY'S,2023-11-14,C - Crucial,43.644122488378116,-79.4482841451761,Fail to protect food from contamination or adulteration - Sec. 26(1) 
GABBY'S BISTRO,2023-01-20,C - Crucial,43.70952506524961,-79.38491035461458,Store ice in unsanitary manner - Sec.  26(5) 
GALAXY BAR AND GRILL,2024-04-17,C - Crucial,43.74208491786304,-79.22599316322312,Handle ice in unsanitary manner - Sec.  26(5) 
GALAXY BAR AND GRILL,2024-04-17,C - Crucial,43.74119149877793,-79.22517108941317,Fail to protect food from contamination or adulteration - Sec. 26(1) 
GALAXY T & T,2022-07-11,C - Crucial,43.65910979489272,-79.44042330148983,Fail to protect food from contamination or adulteration - Sec. 26(1) 
GALLERIA SUPERMARKET,2023-05-15,C - Crucial,43.75441852874884,-79.3497683559604,Maintain potentially hazardous foods at internal temperature between 4 C and 60 C -  Sec. 27(1)
GALO DO SARDINHA CHURRASQUEIRA,2023-01-17,C - Crucial,43.68811154931833,-79.43885057835521,Store potentially hazardous foods at internal temperature between 4 C and 60 C - Sec. 27(1)
GALO DO SARDINHA CHURRASQUEIRA,2024-02-12,C - Crucial,43.68822238232926,-79.43891304277355,Maintain potentially hazardous foods at internal temperature between 4 C and 60 C -  Sec. 27(1)
GALO DO SARDINHA CHURRASQUEIRA,2024-02-12,C - Crucial,43.68799335915557,-79.43863721441654,Fail to protect food from contamination or adulteration - Sec. 26(1) 
GARDEN GATE RESTAURANT,2023-11-09,C - Crucial,43.672083890629395,-79.28722839283888,Fail to protect food from contamination or adulteration - Sec. 26(1) 
GARDEN VALLEY PRODUCE INC,2022-12-07,C - Crucial,43.72147534361504,-79.31296632208043,Fail to ensure room kept free from live birds or animals - Sec. 14(1)
GARDEN VALLEY PRODUCE INC,2023-06-15,C - Crucial,43.72055835118448,-79.31319429065802,Fail to ensure room kept free from live birds or animals - Sec. 14(1)
GARLEEK KITCHEN,2022-11-28,C - Crucial,43.64021616837713,-79.438001124046,Fail to protect food from contamination or adulteration - Sec. 26(1) 
GAUTAMA,2023-11-03,C - Crucial,43.67220858661317,-79.32339845558054,Fail to protect food from contamination or adulteration - Sec. 26(1) 
GAUTAMA,2023-11-03,C - Crucial,43.67229137644394,-79.32305757732163,Fail to ensure storage racks designed to protect against contamination - Sec. 31
GAUTAMA,2023-11-17,C - Crucial,43.672600205995906,-79.32273443468456,Fail to protect food from contamination or adulteration - Sec. 26(1) 
GB HAND-PULLED NOODLES,2023-07-26,C - Crucial,43.65726154530374,-79.38388445476296,Store potentially hazardous foods at internal temperature between 4 C and 60 C - Sec. 27(1)
GELATO SHACK,2023-03-24,C - Crucial,43.703903008985876,-79.34955467929059,Refrigerate potentially hazardous foods at internal temperature above 4 C - Sec. 30(a)
GELATO SHACK,2023-07-24,C - Crucial,43.70453184249886,-79.3494805952517,Store potentially hazardous foods at internal temperature between 4 C and 60 C - Sec. 27(1)
GELATO SHACK,2023-10-19,C - Crucial,43.70442648606078,-79.3498618552141,Store potentially hazardous foods at internal temperature between 4 C and 60 C - Sec. 27(1)
GEORGE THE GREEK,2022-08-11,C - Crucial,43.5938360617058,-79.53429050042358,Fail to protect food from contamination or adulteration - Sec. 26(1) 
GEORGE'S FOOD STORE,2022-08-22,C - Crucial,43.70745977087534,-79.5055362611418,Store potentially hazardous foods at internal temperature between 4 C and 60 C - Sec. 27(1)
GEORGIAN HOUSE AUTHENTIC RESTAURANT,2024-04-26,C - Crucial,43.76725656602044,-79.47223336525599,Fail to protect food from contamination or adulteration - Sec. 26(1) 
GET & GO BURRITO,2023-04-25,C - Crucial,43.726599363557185,-79.48057994655608,Fail to protect food from contamination or adulteration - Sec. 26(1) 
GH NOODLE,2023-04-19,C - Crucial,43.66606475514811,-79.38642550127771,Fail to protect food from contamination or adulteration - Sec. 26(1) 
GH NOODLE,2024-04-10,C - Crucial,43.66581764756334,-79.38631717463419,Fail to protect food from contamination or adulteration - Sec. 26(1) 
GHAROA RESTAURANT,2022-08-02,C - Crucial,43.69100687351008,-79.29084092712256,Maintain potentially hazardous foods at internal temperature between 4 C and 60 C -  Sec. 27(1)
GHOST KITCHEN,2023-06-19,C - Crucial,43.703917533482205,-79.40615796092337,Store ice in unsanitary manner - Sec.  26(5) 
GHOST KITCHEN,2023-10-03,C - Crucial,43.7050648205157,-79.4063912682336,Store potentially hazardous foods at internal temperature between 4 C and 60 C - Sec. 27(1)
GHOST KITCHEN,2023-10-03,C - Crucial,43.704713141152,-79.40672223430661,Food premise maintained in manner permitting adverse effect on food - Sec. 7(1)(a)(iii) 
GHOST KITCHEN,2024-02-14,C - Crucial,43.70427194845239,-79.40633501365096,Food premise maintained in manner permitting adverse effect on food - Sec. 7(1)(a)(iii) 
GHOST KITCHENS,2024-04-16,C - Crucial,43.74477419223743,-79.29607021363431,Maintain potentially hazardous foods at internal temperature between 4 C and 60 C -  Sec. 27(1)
GIANNI'S PASTA,2024-02-14,C - Crucial,43.683721232839076,-79.34644175886865,Fail to protect food from contamination or adulteration - Sec. 26(1) 
GINGER RESTAURANT,2023-04-12,C - Crucial,43.66906213542462,-79.3862201410093,Refrigerate potentially hazardous foods at internal temperature above 4 C - Sec. 30(a)
GINGER RESTAURANT,2023-04-12,C - Crucial,43.66917446089561,-79.38579609218031,Fail to protect food from contamination or adulteration - Sec. 26(1) 
GINGER RESTAURANT,2024-05-03,C - Crucial,43.65017101117981,-79.38926629596092,Fail to ensure food handler in food premise refrains from conduct that could result in contamination of food areas - Sec. 33(1)(h) 
GINO'S PIZZA & WING MACHINE,2024-03-05,C - Crucial,43.74920621403226,-79.55932821314144,Fail to ensure storage racks designed to protect against contamination - Sec. 31
GINO'S PIZZA & WING MACHINE,2024-03-05,C - Crucial,43.74964241317645,-79.55899271118626,Fail to ensure food handler in food premise washes hands as necessary to prevent contamination of food - Sec. 33(1)(e) 
GINZA SUSHI,2024-05-22,C - Crucial,43.787655967582886,-79.38131493301928,Store ice in unsanitary manner - Sec.  26(5) 
GIO CHA HUONG QUE,2024-03-28,C - Crucial,43.74677377166448,-79.52498160161534,Maintain potentially hazardous foods at internal temperature between 4 C and 60 C -  Sec. 27(1)
GIO CHA HUONG QUE,2024-03-28,C - Crucial,43.746489917110324,-79.52399713388681,Fail to protect food from contamination or adulteration - Sec. 26(1) 
GIO CHA HUONG QUE,2024-03-28,C - Crucial,43.74648682922843,-79.52503941319809,Fail to ensure food handler in food premise washes hands as necessary to prevent contamination of food - Sec. 33(1)(e) 
GOLDEN CHICKEN MEAT WHOLESALE LTD.,2022-10-20,C - Crucial,43.8193307630213,-79.2533795187407,Maintain potentially hazardous foods at internal temperature between 4 C and 60 C -  Sec. 27(1)
GOLDEN DINER FAMILY RESTAURANT,2022-07-07,C - Crucial,43.66190400860679,-79.37700733123377,Fail to protect food from contamination or adulteration - Sec. 26(1) 
GOLDEN DINER FAMILY RESTAURANT,2024-03-27,C - Crucial,43.661683572928524,-79.37702583566043,Fail to protect food from contamination or adulteration - Sec. 26(1) 
GOLDEN EGGS,2023-08-01,C - Crucial,43.638320228099474,-79.38545204701647,Fail to ensure food handler in food premise refrains from conduct that could result in contamination of food - Sec. 33(1)(h) 
GONG CHA,2023-05-17,C - Crucial,43.66582941358875,-79.38434193144234,Fail to protect food from contamination or adulteration - Sec. 26(1) 
GONG CHA,2023-05-17,C - Crucial,43.665412264188774,-79.38444242232295,Fail to obtain food from source subject to inspection - Sec. 29(1)  
GONG CHA,2023-05-01,C - Crucial,43.67765400198872,-79.35071799073145,Fail to protect food from contamination or adulteration - Sec. 26(1) 
GOOD BROTHERS BBQ,2023-03-02,C - Crucial,43.65334103838353,-79.39658487343605,Fail to ensure food handler in food premise refrains from conduct that could result in contamination of food areas - Sec. 33(1)(h) 
GOOD BROTHERS BBQ,2023-03-02,C - Crucial,43.65319241803112,-79.39725263260945,Fail to ensure food safety procedures in relation to manufactured meat products followed - Sec. 34(4) 
GOOD BROTHERS BBQ,2023-08-11,C - Crucial,43.65301450767746,-79.39758847719109,Fail to protect food from contamination or adulteration - Sec. 26(1) 
GOOD BROTHERS BBQ,2023-08-11,C - Crucial,43.65288136353917,-79.39702311476736,Maintain potentially hazardous foods at internal temperature between 4 C and 60 C -  Sec. 27(1)
GOOD LUCK HONGKONG CAFE,2022-07-28,C - Crucial,43.77900304930921,-79.41480445058802,Store potentially hazardous foods at internal temperature between 4 C and 60 C - Sec. 27(1)
GOOD SHELTER FOOD COMPANY,2024-05-29,C - Crucial,43.686996136624714,-79.34796464799095,Store potentially hazardous foods at internal temperature between 4 C and 60 C - Sec. 27(1)
GOOD TASTE,2023-10-24,C - Crucial,43.770383523136104,-79.41301762884345,Fail to protect food from contamination or adulteration - Sec. 26(1) 
GOOD TASTE,2023-10-24,C - Crucial,43.770066314406684,-79.41302047294062,Fail to ensure food handler in food premise washes hands as necessary to prevent contamination of food - Sec. 33(1)(e) 
GOOD TASTE & VARIETY,2022-11-30,C - Crucial,43.78712002825877,-79.27669529905968,Maintain potentially hazardous foods at internal temperature between 4 C and 60 C -  Sec. 27(1)
GOURMET KITCHEN,2023-07-11,C - Crucial,43.82202327183241,-79.2992297171558,Refrigerate potentially hazardous foods at internal temperature above 4 C - Sec. 30(a)
GOURMET KITCHEN,2023-12-01,C - Crucial,43.82146619595838,-79.29914712324049,Fail to protect food from contamination or adulteration - Sec. 26(1) 
GOVINDA'S VEGETARIAN CUISINE,2022-08-05,C - Crucial,43.67672860431839,-79.39755680261962,Fail to protect food from contamination or adulteration - Sec. 26(1) 
GOVINDA'S VEGETARIAN CUISINE,2023-09-06,C - Crucial,43.67688596981682,-79.39762148973612,Store potentially hazardous foods at internal temperature between 4 C and 60 C - Sec. 27(1)
GRILLIES,2022-10-14,C - Crucial,43.70468010008726,-79.3755878367792,Store ice in unsanitary manner - Sec.  26(5) 
GRILLIES,2023-08-01,C - Crucial,43.759156245088334,-79.2265340948107,Store potentially hazardous foods at internal temperature between 4 C and 60 C - Sec. 27(1)
GRODZINSKI,2023-03-06,C - Crucial,43.727533668688416,-79.4315834724058,Fail to protect food from contamination or adulteration - Sec. 26(1) 
GRODZINSKI,2023-03-06,C - Crucial,43.728264005426595,-79.43117818370162,Refrigerate potentially hazardous foods at internal temperature above 4 C - Sec. 30(a)
GUIREI JAPANESE RESTAURANT,2023-10-05,C - Crucial,43.63617432485446,-79.39743180286398,Fail to protect food from contamination or adulteration - Sec. 26(1) 
GUJRAT GRILL,2023-02-23,C - Crucial,43.7277887345509,-79.23062200057878,Store potentially hazardous foods at internal temperature between 4 C and 60 C - Sec. 27(1)
GUJRAT GRILL,2023-02-23,C - Crucial,43.727367026517854,-79.23020879204589,Fail to check recording thermometer temperature daily - Sec. 41(5)
GUJRAT GRILL,2022-08-16,C - Crucial,43.727149077194625,-79.2307877429213,Food premise maintained in manner permitting adverse effect on food - Sec. 7(1)(a)(iii) 
GUJRAT GRILL,2022-08-16,C - Crucial,43.727744384332055,-79.23015380922108,Maintain potentially hazardous foods at internal temperature between 4 C and 60 C -  Sec. 27(1)
GUJRAT GRILL,2022-08-16,C - Crucial,43.727736596173095,-79.230581715212,Fail to protect food from contamination or adulteration - Sec. 26(1) 
GULLY,2023-08-16,C - Crucial,43.665047910222185,-79.40928360404813,Handle ice in unsanitary manner - Sec.  26(5) 
GUSCHL BAUER,2022-08-26,C - Crucial,43.66782554883333,-79.386201928945,Fail to protect food from contamination or adulteration - Sec. 26(1) 
GUSCHL BAUER,2023-03-29,C - Crucial,43.667348171314025,-79.38608239768965,Store ice in unsanitary manner - Sec.  26(5) 
GUSCHL BAUER,2023-06-22,C - Crucial,43.66767293879914,-79.38568874536757,Store ice in unsanitary manner - Sec.  26(5) 
GYUKATSU KYOTO KATSUGYU,2023-01-05,C - Crucial,43.657213733554535,-79.3763733586448,Fail to protect food from contamination or adulteration - Sec. 26(1) 
Galata Dine-In,2023-03-21,C - Crucial,43.68063122769809,-79.33874350943192,Fail to protect food from contamination or adulteration - Sec. 26(1) 
Galata Dine-In,2023-08-22,C - Crucial,43.680234193188085,-79.33871453893772,Fail to protect food from contamination or adulteration - Sec. 26(1) 
Ginger and Onion Cuisine,2023-05-10,C - Crucial,43.8265996977693,-79.27675575064399,Fail to protect food from contamination or adulteration - Sec. 26(1) 
Ginger and Onion Cuisine,2023-09-19,C - Crucial,43.826158843411754,-79.2774265826738,Fail to protect food from contamination or adulteration - Sec. 26(1) 
Grandeur Palace,2022-12-06,C - Crucial,43.79818278051771,-79.2709641797847,Fail to protect food from contamination or adulteration - Sec. 26(1) 
Grandeur Palace,2023-04-21,C - Crucial,43.797853532489434,-79.27131812188428,Fail to protect food from contamination or adulteration - Sec. 26(1) 
Grandeur Palace,2024-04-25,C - Crucial,43.797798833484336,-79.27118102726594,Fail to protect food from contamination or adulteration - Sec. 26(1) 
HA GOW,2024-03-27,C - Crucial,43.68103798023639,-79.33818762297523,Fail to protect food from contamination or adulteration - Sec. 26(1) 
HA GOW,2024-03-27,C - Crucial,43.680887630226024,-79.33791661538494,Maintain potentially hazardous foods at internal temperature between 4 C and 60 C -  Sec. 27(1)
HADEN FAST FOOD,2022-10-07,C - Crucial,43.81401108208674,-79.29150989608813,Store potentially hazardous foods at internal temperature between 4 C and 60 C - Sec. 27(1)
HADEN FAST FOOD,2022-10-07,C - Crucial,43.81383272330206,-79.29163383839507,Fail to protect food from contamination or adulteration - Sec. 26(1) 
HADEN FAST FOOD,2022-10-11,C - Crucial,43.81421270910808,-79.29171370557884,Store potentially hazardous foods at internal temperature between 4 C and 60 C - Sec. 27(1)
HAKKA CHOPSTICKS,2022-10-21,C - Crucial,43.69092813900091,-79.29330639943392,Fail to protect food from contamination or adulteration - Sec. 26(1) 
HAKKA CHOPSTICKS,2022-10-21,C - Crucial,43.690423913486846,-79.29277917439529,Maintain potentially hazardous foods at internal temperature between 4 C and 60 C -  Sec. 27(1)
HAKKA CHOPSTICKS,2022-10-21,C - Crucial,43.69052569347688,-79.2932847831218,Food premise maintained in manner permitting adverse effect on food - Sec. 7(1)(a)(iii) 
HAKKA CHOPSTICKS,2024-01-26,C - Crucial,43.69054073900819,-79.29352036162302,Fail to protect food from contamination or adulteration - Sec. 26(1) 
HAKKA FLAME,2023-03-28,C - Crucial,43.67243392355523,-79.32244192746693,Food premise maintained in manner permitting adverse effect on food - Sec. 7(1)(a)(iii) 
HAKKA N' JERK,2023-02-13,C - Crucial,43.662075367647695,-79.36697506941637,Fail to protect food from contamination or adulteration - Sec. 26(1) 
HAKKA NO 1 RESTAURANT,2024-05-30,C - Crucial,43.756647998578046,-79.31249235989111,Maintain potentially hazardous foods at internal temperature between 4 C and 60 C -  Sec. 27(1)
HAKKA NO 1 RESTAURANT,2024-05-30,C - Crucial,43.756511211866815,-79.31249576555605,Fail to protect food from contamination or adulteration - Sec. 26(1) 
HAKKA NO.1 RESTAURANT,2024-03-13,C - Crucial,43.74864453059861,-79.5617648491226,Food premise maintained in manner to permit contamination of single-service containers - Sec. 7(1)(h)  
HAKKA NO.1 RESTAURANT,2024-03-13,C - Crucial,43.748774883247556,-79.56170714001524,Fail to protect food from contamination or adulteration - Sec. 26(1) 
HAKKA VILLAGE,2023-05-09,C - Crucial,43.79187921154269,-79.24958337553035,Fail to protect food from contamination or adulteration - Sec. 26(1) 
HALIBUT HOUSE FISH & CHIPS,2022-11-24,C - Crucial,43.77336832568016,-79.32244080611441,Handle ice in unsanitary manner - Sec.  26(5) 
HALIBUT HOUSE FISH & CHIPS,2022-11-24,C - Crucial,43.77363711358349,-79.32268332457738,Fail to ensure food handler in food premise refrains from conduct that could result in contamination of food - Sec. 33(1)(h) 
HANA SUSHI,2023-10-05,C - Crucial,43.66041596538203,-79.43217319885146,Fail to protect food from contamination or adulteration - Sec. 26(1) 
HANBINGO,2023-10-12,C - Crucial,43.65631034058282,-79.3993600554198,Fail to protect food from contamination or adulteration - Sec. 26(1) 
HARBOURVIEW CONVENIENCE,2022-11-24,C - Crucial,43.64298370069536,-79.37651010418912,Fail to ensure food handler in food premise refrains from conduct that could result in contamination of food - Sec. 33(1)(h) 
HARVEST GREEN,2024-01-23,C - Crucial,43.64553809793559,-79.38699153062161,Store potentially hazardous foods at internal temperature between 4 C and 60 C - Sec. 27(1)
HARVEY'S,2024-04-17,C - Crucial,43.74933282511103,-79.27584521348881,Store ice in unsanitary manner - Sec.  26(5) 
HAY SUSHI,2024-04-12,C - Crucial,43.76444295321403,-79.40992287635099,Fail to protect food from contamination or adulteration - Sec. 26(1) 
HAZUKIDO,2023-10-12,C - Crucial,43.736314874254404,-79.34387177155948,Fail to protect food from contamination or adulteration - Sec. 26(1) 
HERBY,2023-04-19,C - Crucial,43.677759293818504,-79.35175167616408,Fail to protect food from contamination or adulteration - Sec. 26(1) 
HERMES BAKERY,2022-06-28,C - Crucial,43.71422773563126,-79.42793051842057,Refrigerate potentially hazardous foods at internal temperature above 4 C - Sec. 30(a)
HERMES BAKERY,2023-08-10,C - Crucial,43.7138562509521,-79.42777213285908,Sell potentially hazardous foods at internal temperature between 4 C and 60 C - Sec. 27(1)
HERO CERTIFIED BURGERS,2024-02-23,C - Crucial,43.835936245178516,-79.25362307648079,Refrigerate potentially hazardous foods at internal temperature above 4 C - Sec. 30(a)
HERO CERTIFIED BURGERS,2022-08-11,C - Crucial,43.670581812183485,-79.2989783482154,Fail to protect food from contamination or adulteration - Sec. 26(1) 
HERO CERTIFIED BURGERS,2023-05-09,C - Crucial,43.747061256158375,-79.38564367346301,Store potentially hazardous foods at internal temperature between 4 C and 60 C - Sec. 27(1)
HERO CERTIFIED BURGERS,2022-08-10,C - Crucial,43.64986600490029,-79.37809242265608,Refrigerate potentially hazardous foods at internal temperature above 4 C - Sec. 30(a)
HI NA,2024-03-20,C - Crucial,43.625695167871704,-79.50399255976824,Food premise maintained in manner to permit contamination of single-service containers - Sec. 7(1)(h)  
HI NA,2024-03-20,C - Crucial,43.625891798293985,-79.50436083966274,Store potentially hazardous foods at internal temperature between 4 C and 60 C - Sec. 27(1)
HI NA,2024-03-20,C - Crucial,43.62613207398986,-79.50444129961886,Fail to protect food from contamination or adulteration - Sec. 26(1) 
HI NA,2024-03-20,C - Crucial,43.62640073389617,-79.5046828897338,Fail to ensure food handler in food premise washes hands as necessary to prevent contamination of food - Sec. 33(1)(e) 
HIDDEN GEMM VARIETY,2022-08-19,C - Crucial,43.69038169594106,-79.35541078297692,Fail to ensure room kept free from live birds or animals - Sec. 14(1)
HIGH PARK VILLA,2024-05-02,C - Crucial,43.65170850949361,-79.47269347808819,Fail to protect food from contamination or adulteration - Sec. 26(1) 
HOANG-VIET BAKERY COFFEE,2022-08-25,C - Crucial,43.7695450921666,-79.52087494495096,Fail to protect food from contamination or adulteration - Sec. 26(1) 
HOKKAIDO RAMEN SANTOUKA,2024-04-30,C - Crucial,43.70257757430729,-79.39741727382342,Store ice in unsanitary manner - Sec.  26(5) 
HOKKAIDO RAMEN SANTOUKA,2024-04-30,C - Crucial,43.701850028076336,-79.39696959484297,Fail to protect food from contamination or adulteration - Sec. 26(1) 
HOME SMITH BAR,2022-12-14,C - Crucial,43.65081511384007,-79.49282765195733,Fail to protect food from contamination or adulteration - Sec. 26(1) 
HONEST SCARBOROUGH,2024-02-06,C - Crucial,43.768290630207716,-79.22690582039765,Food premise maintained in manner to permit contamination of single-service containers - Sec. 7(1)(h)  
HONEST SCARBOROUGH,2024-02-06,C - Crucial,43.7681627710072,-79.2267477648127,Fail to protect food from contamination or adulteration - Sec. 26(1) 
HONEST SCARBOROUGH,2024-02-06,C - Crucial,43.768318576103184,-79.2273350036658,Store potentially hazardous foods at internal temperature between 4 C and 60 C - Sec. 27(1)
HONG FOOD KITCHEN,2023-05-26,C - Crucial,43.806566004642576,-79.22189832328144,Fail to protect food from contamination or adulteration - Sec. 26(1) 
HONG FOOD KITCHEN,2024-03-19,C - Crucial,43.80693692911096,-79.22169660228033,Food premise maintained in manner permitting health hazard - Sec. 7(1)(a)(i)    
HONGKONG ISLAND DIM SUM HOUSE,2022-09-08,C - Crucial,43.652003877824605,-79.397788205052,Fail to ensure food handler in food premise refrains from conduct that could result in contamination of food - Sec. 33(1)(h) 
HONGKONG ISLAND DIM SUM HOUSE,2023-09-15,C - Crucial,43.65138189811873,-79.39796498346867,Food premise maintained in manner permitting adverse effect on food - Sec. 7(1)(a)(iii) 
HONGKONG ISLAND DIM SUM HOUSE,2023-09-15,C - Crucial,43.651486738529144,-79.39806666986297,Fail to ensure food handler in food premise washes hands as necessary to prevent contamination of food - Sec. 33(1)(e) 
HOTOPIA,2023-04-14,C - Crucial,43.80467017724615,-79.28991489259751,Maintain potentially hazardous foods at internal temperature between 4 C and 60 C -  Sec. 27(1)
HOTPOT 9,2022-06-23,C - Crucial,43.77075132280299,-79.3314726383209,Fail to protect food from contamination or adulteration - Sec. 26(1) 
HOTPOT 9,2022-06-23,C - Crucial,43.7706085903419,-79.33122346883535,Store ice in unsanitary manner - Sec.  26(5) 
HOUSE OF HALAL MEAT,2023-04-24,C - Crucial,43.705600424843375,-79.34542332247949,Fail to ensure food handler in food premise washes hands as necessary to prevent contamination of food - Sec. 33(1)(e) 
HOUSE OF HALAL MEAT,2023-05-09,C - Crucial,43.705479223135804,-79.34650478937195,Fail to protect food from contamination or adulteration - Sec. 26(1) 
HOUSE OF HALAL MEAT,2023-08-23,C - Crucial,43.70506842161187,-79.34637925038166,Store potentially hazardous foods at internal temperature between 4 C and 60 C - Sec. 27(1)
HOUSE OF HALAL MEAT,2023-08-23,C - Crucial,43.704838770375105,-79.34599752640051,Fail to protect food from contamination or adulteration - Sec. 26(1) 
HOUSE OF HALAL MEAT,2023-08-23,C - Crucial,43.70566249619225,-79.34615107048816,Fail to ensure food handler in food premise washes hands as necessary to prevent contamination of food - Sec. 33(1)(e) 
HOUSE OF WONG,2024-06-13,C - Crucial,43.77375119912267,-79.18278328885995,Fail to protect food from contamination or adulteration - Sec. 26(1) 
HUMBER COLLEGE - CULTURAL HUB,2023-03-29,C - Crucial,43.59687518787125,-79.52040529999594,Hot-holding potentially hazardous foods at internal temperature below 60 C - Sec. 30(a)
HUMBER COLLEGE - CULTURAL HUB,2023-03-29,C - Crucial,43.597064856444874,-79.52035853623627,Fail to protect food from contamination or adulteration - Sec. 26(1) 
HUMBER COLLEGE - CULTURAL HUB,2023-03-29,C - Crucial,43.59738021803755,-79.52059328019678,Store potentially hazardous foods at internal temperature between 4 C and 60 C - Sec. 27(1)
HUNAN CUISINE AND BAR,2024-02-27,C - Crucial,43.811260321082024,-79.33832817456243,Fail to protect food from contamination or adulteration - Sec. 26(1) 
HUNAN STYLE RESTAURANT,2022-08-30,C - Crucial,43.82145335178875,-79.29905032103402,Fail to protect food from contamination or adulteration - Sec. 26(1) 
HUNAN STYLE RESTAURANT,2022-08-30,C - Crucial,43.8222921757531,-79.29969023344412,Store potentially hazardous foods at internal temperature between 4 C and 60 C - Sec. 27(1)
HUNG FOOD COOKING,2023-01-24,C - Crucial,43.78751272015175,-79.27432620857462,Fail to ensure food handler in food premise washes hands as necessary to prevent contamination of food - Sec. 33(1)(e) 
HUNG FOOD COOKING,2023-12-18,C - Crucial,43.786629312866275,-79.27411025609321,Fail to protect food from contamination or adulteration - Sec. 26(1) 
HUNTERS LANDING,2023-07-24,C - Crucial,43.64047642695505,-79.39674681777923,Maintain potentially hazardous foods at internal temperature between 4 C and 60 C -  Sec. 27(1)
HYDERABAD BIRYANI HUT,2023-11-10,C - Crucial,43.771848246363646,-79.25220073066644,Refrigerate potentially hazardous foods at internal temperature above 4 C - Sec. 30(a)
Hakka No.1,2023-02-14,C - Crucial,43.72721093894596,-79.26692825521275,Fail to protect food from contamination or adulteration - Sec. 26(1) 
Harmony Restaurant,2023-08-03,C - Crucial,43.82313878958566,-79.3011694472997,Maintain potentially hazardous foods at internal temperature between 4 C and 60 C -  Sec. 27(1)
Ho Ho BBQ,2022-11-02,C - Crucial,43.81437211741178,-79.29177496715204,Store potentially hazardous foods at internal temperature between 4 C and 60 C - Sec. 27(1)
I BAKE,2023-01-18,C - Crucial,43.77812690519031,-79.41468681395375,Fail to ensure food handler in food premise washes hands as necessary to prevent contamination of food - Sec. 33(1)(e) 
ICHIBAN SUSHI,2023-07-31,C - Crucial,43.643296135209766,-79.40472980874026,Store potentially hazardous foods at internal temperature between 4 C and 60 C - Sec. 27(1)
ICHIBAN SUSHI,2023-07-31,C - Crucial,43.6433366187606,-79.40535352989608,Fail to ensure food handler in food premise washes hands as necessary to prevent contamination of food - Sec. 33(1)(e) 
IDUKKI GOLD,2023-02-01,C - Crucial,43.74460175643059,-79.29811796342807,Maintain potentially hazardous foods at internal temperature between 4 C and 60 C -  Sec. 27(1)
IDUKKI GOLD,2023-02-01,C - Crucial,43.74502420683845,-79.29843511065809,Fail to protect food from contamination or adulteration - Sec. 26(1) 
IDUKKI GOLD,2024-06-03,C - Crucial,43.74501860202,-79.29825856620973,Fail to protect food from contamination or adulteration - Sec. 26(1) 
IKKOUSHA RAMEN,2022-08-02,C - Crucial,43.65014715872514,-79.38907020832411,Fail to protect food from contamination or adulteration - Sec. 26(1) 
IL FRESCO,2023-08-22,C - Crucial,43.72670605747455,-79.23007775880961,Food premise maintained in manner permitting adverse effect on food - Sec. 7(1)(a)(iii) 
IMPERFECT EATS,2022-06-24,C - Crucial,43.64735589359116,-79.39219801620233,Store potentially hazardous foods at internal temperature between 4 C and 60 C - Sec. 27(1)
IMPERFECT EATS,2022-06-24,C - Crucial,43.647369615664076,-79.39246473908939,Fail to protect food from contamination or adulteration - Sec. 26(1) 
IMPERFECT FRESH EATS,2024-05-09,C - Crucial,43.63846639527248,-79.41742980223353,Fail to ensure food handler in food premise washes hands as necessary to prevent contamination of food - Sec. 33(1)(e) 
IMPERIAL MANSION,2024-05-10,C - Crucial,43.80538091094767,-79.33741474547986,Fail to protect food from contamination or adulteration - Sec. 26(1) 
INDIAN DESIRE,2023-09-12,C - Crucial,43.66632088445922,-79.40643398708404,Fail to protect food from contamination or adulteration - Sec. 26(1) 
INDIAN RASOI,2023-10-02,C - Crucial,43.672187876806014,-79.3215090827089,Food premise maintained in manner permitting health hazard (Insects) - Sec. 7(1)(a)(i)    
INDRAPRASTHA INDIAN CUISINE LTD,2023-01-12,C - Crucial,43.75764219079959,-79.23623997784013,Refrigerate potentially hazardous foods at internal temperature above 4 C - Sec. 30(a)
INDUSTRY SNACK BAR,2023-11-30,C - Crucial,43.66499578154421,-79.41351963256409,Food premise maintained in manner permitting adverse effect on food - Sec. 7(1)(a)(iii) 
INIYA'S KITCHEN,2023-01-17,C - Crucial,43.75930303194376,-79.57053364001654,Fail to protect food from contamination or adulteration - Sec. 26(1) 
INIYA'S KITCHEN,2023-01-17,C - Crucial,43.75877411480231,-79.5708281304321,Store potentially hazardous foods at internal temperature between 4 C and 60 C - Sec. 27(1)
INIYA'S KITCHEN,2024-04-16,C - Crucial,43.75861241636426,-79.57119592387463,Offer for sale potentially hazardous foods at internal temperature between 4 C and 60 C - Sec. 27(1)
INIYA'S KITCHEN,2024-04-16,C - Crucial,43.7586548431542,-79.57100994149125,Fail to protect food from contamination or adulteration - Sec. 26(1) 
IQBAL KEBAB & SWEET CENTRE 2,2023-09-27,C - Crucial,43.7735056411849,-79.34009912339862,Fail to protect food from contamination or adulteration - Sec. 26(1) 
IRISH ROSE PUB,2023-05-12,C - Crucial,43.686014215979625,-79.48773270557425,Fail to protect food from contamination or adulteration - Sec. 26(1) 
IRYEWON,2024-06-17,C - Crucial,43.78580366295884,-79.47688668630036,Fail to ensure food handler in food premise refrains from conduct that could result in contamination of food - Sec. 33(1)(h) 
ISAAN DER,2023-08-11,C - Crucial,43.65960877548238,-79.3490566583833,Fail to ensure storage pallets designed to protect against contamination - Sec. 31
ISTANBUL FINE FOODS,2023-01-04,C - Crucial,43.7563083419557,-79.48964806138194,Fail to protect food from contamination or adulteration - Sec. 26(1) 
ISTANBUL FINE FOODS,2023-01-04,C - Crucial,43.75623823619927,-79.48911545493115,Maintain potentially hazardous foods at internal temperature between 4 C and 60 C -  Sec. 27(1)
ISTANBUL FINE FOODS,2023-06-07,C - Crucial,43.75612427296884,-79.48923532170632,Fail to protect food from contamination or adulteration - Sec. 26(1) 
ITS TEA,2022-10-28,C - Crucial,43.70483722760213,-79.38845422909249,Store ice in unsanitary manner - Sec.  26(5) 
Istanbul CafÃÂ© & Espresso Bar Corp,2023-04-18,C - Crucial,43.70806027785028,-79.39269965458419,Refrigerate potentially hazardous foods at internal temperature above 4 C - Sec. 30(a)
Istanbul CafÃ© & Espresso Bar Corp,2024-04-10,C - Crucial,43.70775303685635,-79.39340117621906,Food premise maintained in manner permitting adverse effect on food - Sec. 7(1)(a)(iii) 
Istanbul CafÃ© & Espresso Bar Corp,2024-04-10,C - Crucial,43.70782206354538,-79.3932803662186,Store ice in unsanitary manner - Sec.  26(5) 
J C CONVENIENCE (ROLL & ROLL),2023-01-18,C - Crucial,43.65003654193742,-79.38721151395791,Fail to protect food from contamination or adulteration - Sec. 26(1) 
J C CONVENIENCE (ROLL & ROLL),2024-02-12,C - Crucial,43.64936145370235,-79.38709750423648,Fail to protect food from contamination or adulteration - Sec. 26(1) 
JACE PINOY 2,2023-01-30,C - Crucial,43.72648849269877,-79.48315367433565,Fail to ensure food handler in food premise washes hands as necessary to prevent contamination of food - Sec. 33(1)(e) 
JACK ASTOR'S BAR & GRILL,2024-03-04,C - Crucial,43.73624887029842,-79.34446794430586,Store potentially hazardous foods at internal temperature between 4 C and 60 C - Sec. 27(1)
JACK ASTOR'S BAR & GRILL,2022-08-08,C - Crucial,43.65605005767509,-79.38042171660348,Fail to ensure food handler in food premise refrains from conduct that could result in contamination of food - Sec. 33(1)(h) 
JADOG AND THAI,2022-09-29,C - Crucial,43.832228722312315,-79.26548506893292,Fail to protect food from contamination or adulteration - Sec. 26(1) 
JAMROCK REGGAE JERK,2023-04-03,C - Crucial,43.73054749742638,-79.46750398009146,Handle ice in unsanitary manner - Sec.  26(5) 
JAVA JOE'S,2022-08-25,C - Crucial,43.76121355951615,-79.41211013278236,Fail to protect food from contamination or adulteration - Sec. 26(1) 
JAVA JOE'S,2022-08-25,C - Crucial,43.76132553504536,-79.41210198852275,Store potentially hazardous foods at internal temperature between 4 C and 60 C - Sec. 27(1)
JC FOOD LANE,2023-07-26,C - Crucial,43.64508487225843,-79.3919129322947,Store potentially hazardous foods at internal temperature between 4 C and 60 C - Sec. 27(1)
JC FOOD LANE,2023-07-26,C - Crucial,43.64448825583944,-79.39206789141569,Fail to protect food from contamination or adulteration - Sec. 26(1) 
JER'S,2024-01-12,C - Crucial,43.69786598963212,-79.43916006001984,Food premise maintained in manner permitting adverse effect on food - Sec. 7(1)(a)(iii) 
JER'S,2024-01-12,C - Crucial,43.69801069397851,-79.43958833039235,Maintain potentially hazardous foods at internal temperature between 4 C and 60 C -  Sec. 27(1)
JERK JERKS,2022-09-16,C - Crucial,43.69062269228898,-79.49882093803535,Store potentially hazardous foods at internal temperature between 4 C and 60 C - Sec. 27(1)
JERK KING,2022-07-15,C - Crucial,43.660545383706456,-79.43499829267185,Fail to protect food from contamination or adulteration - Sec. 26(1) 
JI XIAN GE,2023-04-04,C - Crucial,43.826780061751165,-79.29116200540393,Fail to protect food from contamination or adulteration - Sec. 26(1) 
JIAN BING CLUB,2023-05-11,C - Crucial,43.77589272227203,-79.41496955806119,Store potentially hazardous foods at internal temperature between 4 C and 60 C - Sec. 27(1)
JIMMY THE GREEK,2023-12-01,C - Crucial,43.640697768264054,-79.3793711053941,Refrigerate potentially hazardous foods at internal temperature above 4 C - Sec. 30(a)
JINZHOU NORTHERN BARBECUE,2022-11-15,C - Crucial,43.82200987608912,-79.29909487778157,Fail to protect food from contamination or adulteration - Sec. 26(1) 
JOE'S GROCERY,2024-05-29,C - Crucial,43.670316398750614,-79.45590237387715,Fail to protect food from contamination or adulteration - Sec. 26(1) 
JOEY YORKDALE,2023-07-12,C - Crucial,43.72649567262994,-79.45123532281562,Fail to protect food from contamination or adulteration - Sec. 26(1) 
JOEY YORKDALE,2023-07-12,C - Crucial,43.72631426270393,-79.45148818890421,Fail to ensure food handler in food premise washes hands as necessary to prevent contamination of food - Sec. 33(1)(e) 
JOEY YORKDALE,2023-07-12,C - Crucial,43.7264341802642,-79.45161328758859,Store ice in unsanitary manner - Sec.  26(5) 
JOLLIBEE,2022-07-25,C - Crucial,43.72736536102922,-79.29364054161422,Maintain potentially hazardous foods at internal temperature between 4 C and 60 C -  Sec. 27(1)
JOLLY BAR AND RESTAURANT,2023-04-13,C - Crucial,43.6622581445085,-79.42390385784694,Store ice in unsanitary manner - Sec.  26(5) 
JOLLY BAR AND RESTAURANT,2023-04-13,C - Crucial,43.66256734539165,-79.42410569346796,Fail to protect food from contamination or adulteration - Sec. 26(1) 
JOLLY BAR AND RESTAURANT,2023-04-13,C - Crucial,43.66245150051088,-79.42393247510535,Store potentially hazardous foods at internal temperature between 4 C and 60 C - Sec. 27(1)
JOLLYTOPS,2023-11-09,C - Crucial,43.73748512727457,-79.43526610454,Maintain potentially hazardous foods at internal temperature between 4 C and 60 C -  Sec. 27(1)
JOY MART,2023-02-02,C - Crucial,43.779446782519756,-79.41723761242368,Fail to protect food from contamination or adulteration - Sec. 26(1) 
JSL THREESOME,2022-08-25,C - Crucial,43.783758464937534,-79.29897854716157,Refrigerate potentially hazardous foods at internal temperature above 4 C - Sec. 30(a)
JUICE & JAVA,2023-01-27,C - Crucial,43.6712141672961,-79.29594386974286,Fail to ensure storage pallets designed to protect against contamination - Sec. 31
JUICY BIRDS,2024-02-07,C - Crucial,43.679402618103495,-79.34494368858672,Fail to protect food from contamination or adulteration - Sec. 26(1) 
JUICY DUMPLING,2023-10-25,C - Crucial,43.703823498233604,-79.39802834269994,Maintain potentially hazardous foods at internal temperature between 4 C and 60 C -  Sec. 27(1)
JULIUS EVENT CENTRE,2024-02-16,C - Crucial,43.75306352881473,-79.53629398052927,Fail to ensure storage racks designed to protect against contamination - Sec. 31
JULIUS EVENT CENTRE,2024-02-16,C - Crucial,43.75196151483946,-79.53631210235237,Store ice in unsanitary manner - Sec.  26(5) 
JUZZ SUSHI,2023-06-02,C - Crucial,43.66085091852571,-79.34277610544159,Store potentially hazardous foods at internal temperature between 4 C and 60 C - Sec. 27(1)
JUZZ SUSHI,2023-06-02,C - Crucial,43.66040926542892,-79.34313647450179,Fail to protect food from contamination or adulteration - Sec. 26(1) 
Jacky's Seafood Restaurant,2022-11-02,C - Crucial,43.80987180110327,-79.28984291325112,Fail to protect food from contamination or adulteration - Sec. 26(1) 
Jacky's Seafood Restaurant,2023-08-11,C - Crucial,43.809166627289606,-79.29099913541165,Fail to protect food from contamination or adulteration - Sec. 26(1) 
K & B Sushi,2024-01-09,C - Crucial,43.622169140510294,-79.52222155900829,Fail to protect food from contamination or adulteration - Sec. 26(1) 
KABUL EXPRESS,2023-05-12,C - Crucial,43.656755145196,-79.37639794152058,Fail to protect food from contamination or adulteration - Sec. 26(1) 
KABUL FRESH HALAL MEAT,2023-04-24,C - Crucial,43.80639739555668,-79.22176391688757,Fail to protect food from contamination or adulteration - Sec. 26(1) 
KACHIGUDA JUNCTION,2023-05-11,C - Crucial,43.67785996726524,-79.34919364020014,Fail to protect food from contamination or adulteration - Sec. 26(1) 
KALPANA'S SPICY PIZZA AND SPICY WINGS,2022-09-30,C - Crucial,43.813535703674546,-79.23756972931359,Fail to protect food from contamination or adulteration - Sec. 26(1) 
KAMASUTRA,2024-04-04,C - Crucial,43.7038357088231,-79.37503384682765,Store ice in unsanitary manner - Sec.  26(5) 
KANDAHAR KABAB,2023-03-28,C - Crucial,43.70550607860129,-79.34597433051576,"Fail to subject meat products to process to destroy bacteria, parasites and other forms of contamination - Sec. 36(1)  "
KANDAHAR KABAB,2023-03-28,C - Crucial,43.706042289145984,-79.34643920255586,Maintain potentially hazardous foods at internal temperature between 4 C and 60 C -  Sec. 27(1)
KANDAHAR KABAB,2023-03-28,C - Crucial,43.7057111112159,-79.3463698175348,Fail to ensure food handler in food premise washes hands as necessary to prevent contamination of food - Sec. 33(1)(e) 
KANDAHAR KABAB,2023-09-29,C - Crucial,43.70581412648683,-79.34622489388937,Fail to ensure food handler in food premise washes hands as necessary to prevent contamination of food - Sec. 33(1)(e) 
KARAHI BOYS,2022-11-02,C - Crucial,43.64646488363845,-79.40723037996612,Fail to protect food from contamination or adulteration - Sec. 26(1) 
KARAHI BOYS,2023-06-30,C - Crucial,43.64628198771865,-79.40718533711106,Maintain potentially hazardous foods at internal temperature between 4 C and 60 C -  Sec. 27(1)
KARAHI BOYS,2023-06-30,C - Crucial,43.646733088662856,-79.40703258268294,Fail to ensure food handler in food premise washes hands as necessary to prevent contamination of food areas - Sec.  33(1)(e)
KARAHI POINT,2024-02-16,C - Crucial,43.752446925691864,-79.53703132614696,Fail to protect food from contamination or adulteration - Sec. 26(1) 
KARAHI POINT,2022-07-21,C - Crucial,43.73816376177341,-79.56633536101081,Fail to protect food from contamination or adulteration - Sec. 26(1) 
KARAHI POINT,2023-02-27,C - Crucial,43.73761590871893,-79.56611569132518,Fail to protect food from contamination or adulteration - Sec. 26(1) 
KARAHI POINT,2023-03-13,C - Crucial,43.70755892275749,-79.34491918450095,Fail to protect food from contamination or adulteration - Sec. 26(1) 
KARAHI POINT,2023-03-13,C - Crucial,43.70774183394276,-79.34468193284903,Store potentially hazardous foods at internal temperature between 4 C and 60 C - Sec. 27(1)
KARAHI POINT,2023-03-13,C - Crucial,43.7079885146971,-79.34420654327661,Refrigerate potentially hazardous foods at internal temperature above 4 C - Sec. 30(a)
KARAHI POINT,2023-03-13,C - Crucial,43.7076653233282,-79.34467620596689,Handle ice in unsanitary manner - Sec.  26(5) 
KARAHI POINT,2023-08-15,C - Crucial,43.70794947964973,-79.34475013113602,Fail to protect food from contamination or adulteration - Sec. 26(1) 
KARNAVATI STREET FOOD & TIFFIN SERVICE,2023-07-07,C - Crucial,43.76348844889064,-79.20923458659635,Fail to protect food from contamination or adulteration - Sec. 26(1) 
KATSUYA,2023-01-23,C - Crucial,43.731911673928614,-79.45945224547167,Fail to protect food from contamination or adulteration - Sec. 26(1) 
KATSUYA,2023-08-09,C - Crucial,43.790271362042475,-79.41882408290432,Fail to protect food from contamination or adulteration - Sec. 26(1) 
KENNEDY LODGE,2024-05-08,C - Crucial,43.7623240376535,-79.28036623217093,Refrigerate potentially hazardous foods at internal temperature above 4 C - Sec. 30(a)
KENSINGTON NATURAL BAKERY,2023-07-26,C - Crucial,43.66601197985308,-79.40894345946074,Fail to protect food from contamination or adulteration - Sec. 26(1) 
KENSINGTON NATURAL BAKERY,2023-11-21,C - Crucial,43.66576275325125,-79.40902250887261,Fail to protect food from contamination or adulteration - Sec. 26(1) 
KENZO RAMEN,2023-03-30,C - Crucial,43.666503111630114,-79.40642297754661,Fail to protect food from contamination or adulteration - Sec. 26(1) 
KENZO RAMEN/ PALGONG TEA,2023-11-16,C - Crucial,43.66584863484458,-79.40649471649857,Fail to protect food from contamination or adulteration - Sec. 26(1) 
KENZO RAMEN/ PALGONG TEA,2023-11-16,C - Crucial,43.66625325431053,-79.40621605186621,Store potentially hazardous foods at internal temperature between 4 C and 60 C - Sec. 27(1)
KERA FRESH MEAT,2023-01-24,C - Crucial,43.69254248963603,-79.44002923167307,Fail to ensure food handler in food premise washes hands as necessary to prevent contamination of food - Sec. 33(1)(e) 
KERA FRESH MEAT,2023-10-06,C - Crucial,43.69248895475894,-79.44047659762097,Store potentially hazardous foods at internal temperature between 4 C and 60 C - Sec. 27(1)
KERA FRESH MEAT,2023-10-06,C - Crucial,43.69272079563184,-79.44053441406534,Fail to protect food from contamination or adulteration - Sec. 26(1) 
KERA FRESH MEAT,2024-04-16,C - Crucial,43.69249904206677,-79.43986720976027,Maintain potentially hazardous foods at internal temperature between 4 C and 60 C -  Sec. 27(1)
KERALA KITCHEN & CAFE,2022-09-01,C - Crucial,43.75762316783319,-79.23851341815309,Fail to protect food from contamination or adulteration - Sec. 26(1) 
KERALA KITCHEN & CAFE,2023-10-25,C - Crucial,43.75720409864061,-79.23886627170744,Maintain potentially hazardous foods at internal temperature between 4 C and 60 C -  Sec. 27(1)
KERALA NOOK,2023-01-23,C - Crucial,43.7559636030712,-79.26707243112601,Fail to protect food from contamination or adulteration - Sec. 26(1) 
KERALA NOOK,2023-11-01,C - Crucial,43.7553043279561,-79.26693733701367,Maintain potentially hazardous foods at internal temperature between 4 C and 60 C -  Sec. 27(1)
KERALA NOOK,2023-11-01,C - Crucial,43.75550265889156,-79.26725034391049,Fail to protect food from contamination or adulteration - Sec. 26(1) 
KHAKI RESTAURANT,2023-06-27,C - Crucial,43.791759625861445,-79.41878042394103,Maintain potentially hazardous foods at internal temperature between 4 C and 60 C -  Sec. 27(1)
KHAU GULLY,2023-05-15,C - Crucial,43.70083159917442,-79.3968440515976,Fail to protect food from contamination or adulteration - Sec. 26(1) 
KHAZANA QUEEN,2022-12-16,C - Crucial,43.68971164956123,-79.2946292316903,Food premise maintained in manner permitting health hazard (Insects) - Sec. 7(1)(a)(i)    
KHAZANA QUEEN,2022-12-16,C - Crucial,43.68966866472236,-79.29466912677776,Store potentially hazardous foods at internal temperature between 4 C and 60 C - Sec. 27(1)
KHAZANA QUEEN,2022-12-16,C - Crucial,43.68918135245404,-79.29411227748608,Fail to protect food from contamination or adulteration - Sec. 26(1) 
KIBO ANNEX,2022-08-10,C - Crucial,43.66491567915839,-79.41034886972562,Sell potentially hazardous foods at internal temperature between 4 C and 60 C - Sec. 27(1)
KIBO ANNEX,2023-06-05,C - Crucial,43.66533297059904,-79.410018390538,Store potentially hazardous foods at internal temperature between 4 C and 60 C - Sec. 27(1)
KIBO RESTAURANT,2023-03-09,C - Crucial,43.681536799791346,-79.42594260461047,Store ice in unsanitary manner - Sec.  26(5) 
KIBO RESTAURANT,2023-03-09,C - Crucial,43.68157642961865,-79.42685326084275,Fail to protect food from contamination or adulteration - Sec. 26(1) 
KIBO SUSHI,2023-05-25,C - Crucial,43.73374180613761,-79.44807575863771,Fail to protect food from contamination or adulteration - Sec. 26(1) 
KIBO SUSHI,2023-09-22,C - Crucial,43.73455599018804,-79.44854322498861,Fail to ensure food handler in food premise washes hands as necessary to prevent contamination of food - Sec. 33(1)(e) 
KIBO SUSHI,2023-09-22,C - Crucial,43.73355655920982,-79.44807505849663,Store potentially hazardous foods at internal temperature between 4 C and 60 C - Sec. 27(1)
KIBO SUSHI,2023-09-22,C - Crucial,43.73372643306842,-79.44844503935956,Fail to protect food from contamination or adulteration - Sec. 26(1) 
KIBO SUSHI,2023-02-07,C - Crucial,43.733206843610134,-79.41978351229923,Store potentially hazardous foods at internal temperature between 4 C and 60 C - Sec. 27(1)
KIBO SUSHI HOUSE,2023-08-21,C - Crucial,43.67133800617478,-79.37800490619374,Fail to protect food from contamination or adulteration - Sec. 26(1) 
KIBO SUSHI HOUSE,2024-03-05,C - Crucial,43.67145006816616,-79.37805182250817,Fail to ensure food handler in food premise washes hands as necessary to prevent contamination of food - Sec. 33(1)(e) 
KIBO SUSHI HOUSE,2024-05-27,C - Crucial,43.65542418986113,-79.35822806429438,Store potentially hazardous foods at internal temperature between 4 C and 60 C - Sec. 27(1)
KIBO UPPER BEACH,2023-11-16,C - Crucial,43.68052158846048,-79.28956102107837,Maintain potentially hazardous foods at internal temperature between 4 C and 60 C -  Sec. 27(1)
KIN KIN BUBBLE TEA,2023-12-20,C - Crucial,43.783881337008424,-79.29201367317862,Fail to ensure storage racks designed to protect against contamination - Sec. 31
KIN SUSHI JAPANESE RESTAURANT,2023-06-15,C - Crucial,43.75411823496626,-79.46859400875226,Fail to protect food from contamination or adulteration - Sec. 26(1) 
KIN SUSHI JAPANESE RESTAURANT,2023-06-15,C - Crucial,43.754501237762895,-79.46849088381997,Store ice in unsanitary manner - Sec.  26(5) 
KIN SUSHI JAPANESE RESTAURANT,2022-07-22,C - Crucial,43.75436821981138,-79.46823124187047,Store ice in unsanitary manner - Sec.  26(5) 
KIN SUSHI JAPANESE RESTAURANT,2022-07-22,C - Crucial,43.75421664821958,-79.4687415676892,Fail to protect food from contamination or adulteration - Sec. 26(1) 
KIN SUSHI JAPANESE RESTAURANT,2023-02-23,C - Crucial,43.75417113254214,-79.46830004555896,Store ice in unsanitary manner - Sec.  26(5) 
KIN SUSHI JAPANESE RESTAURANT,2023-02-23,C - Crucial,43.75418493825119,-79.46874685071369,Fail to ensure food handler in food premise washes hands as necessary to prevent contamination of food - Sec. 33(1)(e) 
KING FRIES,2023-08-08,C - Crucial,43.71658526724945,-79.29087791314608,Hot-holding potentially hazardous foods at internal temperature below 60 C - Sec. 30(a)
KING FRIES,2023-08-08,C - Crucial,43.71664073439043,-79.29141106517999,Fail to protect food from contamination or adulteration - Sec. 26(1) 
KING PALACE WEST INDIAN TAKE OUT,2022-08-24,C - Crucial,43.67352039062559,-79.4636742443718,Refrigerate potentially hazardous foods at internal temperature above 4 C - Sec. 30(a)
KING SLICE,2022-08-03,C - Crucial,43.643376612993215,-79.42380389082298,Fail to protect food from contamination or adulteration - Sec. 26(1) 
KING SLICE,2023-08-02,C - Crucial,43.64354809995388,-79.42427753454255,Store potentially hazardous foods at internal temperature between 4 C and 60 C - Sec. 27(1)
KING SLICE,2023-08-08,C - Crucial,43.643384145666886,-79.42393200483444,Store potentially hazardous foods at internal temperature between 4 C and 60 C - Sec. 27(1)
KING'S DELIGHT,2023-08-16,C - Crucial,43.701717912119946,-79.50370379162074,Fail to ensure storage racks designed to protect against contamination - Sec. 31
KING'S NOODLE RESTAURANT,2023-01-06,C - Crucial,43.65291281674267,-79.39845588302558,Fail to protect food from contamination or adulteration - Sec. 26(1) 
KINGSTON 12 PATTY SHOP,2024-05-22,C - Crucial,43.69577022023698,-79.44973937001826,Fail to process food in manner safe to eat - Sec. 26(2)
KINGSTON 12 PATTY SHOP,2024-05-22,C - Crucial,43.69603001171894,-79.44987785937879,Store potentially hazardous foods at internal temperature between 4 C and 60 C - Sec. 27(1)
KINGYO,2023-06-06,C - Crucial,43.66590241056712,-79.36847779413017,Maintain potentially hazardous foods at internal temperature between 4 C and 60 C -  Sec. 27(1)
KIRI SUSHI,2024-06-05,C - Crucial,43.66602526546019,-79.47269038965284,Fail to protect food from contamination or adulteration - Sec. 26(1) 
KIRI SUSHI,2024-06-05,C - Crucial,43.66568366257715,-79.47275864980358,Store ice in unsanitary manner - Sec.  26(5) 
KIRO SUSHI,2022-09-22,C - Crucial,43.6727042914874,-79.38677751895617,Store potentially hazardous foods at internal temperature between 4 C and 60 C - Sec. 27(1)
KIRO SUSHI,2022-09-22,C - Crucial,43.67222127439465,-79.38744504862417,Food premise maintained in manner permitting adverse effect on food - Sec. 7(1)(a)(iii) 
KITCHEN FOOD FAIR,2023-03-30,C - Crucial,43.70540603729518,-79.34623208232044,Fail to protect food from contamination or adulteration - Sec. 26(1) 
KITCHEN ON SIXTH,2022-08-31,C - Crucial,43.600954486648185,-79.50672281018726,Refrigerate potentially hazardous foods at internal temperature above 4 C - Sec. 30(a)
KITCHEN ON SIXTH,2022-08-31,C - Crucial,43.60062571715412,-79.50711639834483,Fail to protect food from contamination or adulteration - Sec. 26(1) 
KIVA'S BAGEL BAR,2022-09-09,C - Crucial,43.688057604603244,-79.39270287614106,Fail to ensure food handler in food premise washes hands as necessary to prevent contamination of food - Sec. 33(1)(e) 
KIVA'S BAGEL BAR,2022-09-09,C - Crucial,43.68800238112739,-79.39246817261939,Store potentially hazardous foods at internal temperature between 4 C and 60 C - Sec. 27(1)
KIVA'S BAGEL BAR,2023-06-05,C - Crucial,43.68847534727465,-79.39333762910624,Store potentially hazardous foods at internal temperature between 4 C and 60 C - Sec. 27(1)
KIVA'S BAGEL BAR,2023-06-05,C - Crucial,43.68754983660085,-79.39328912224471,Food premise maintained in manner to permit contamination of single-service articles - Sec. 7(1)(h)  
KIVA'S BAGEL BAR,2023-06-20,C - Crucial,43.6881280381978,-79.39311671381161,Store potentially hazardous foods at internal temperature between 4 C and 60 C - Sec. 27(1)
KNOB HILL DAY NURSERY,2023-10-02,C - Crucial,43.749054677309836,-79.2487338780364,Food premise maintained in manner permitting adverse effect on food - Sec. 7(1)(a)(iii) 
KOFUKU SUSHI,2022-11-09,C - Crucial,43.68880319094069,-79.3919243953544,Offer for sale potentially hazardous foods at internal temperature between 4 C and 60 C - Sec. 27(1)
KOFUKU SUSHI,2023-03-24,C - Crucial,43.68882170707125,-79.39185615479967,Store ice in unsanitary manner - Sec.  26(5) 
KOFUKU SUSHI,2024-02-28,C - Crucial,43.6885651323251,-79.39202601778696,Fail to protect food from contamination or adulteration - Sec. 26(1) 
KOH SAMUI THAI KITCHEN,2023-09-28,C - Crucial,43.66597446392088,-79.47389276262643,Fail to protect food from contamination or adulteration - Sec. 26(1) 
KOH SAMUI THAI KITCHEN,2023-09-28,C - Crucial,43.665294658451494,-79.47479502835176,Fail to ensure storage shelves designed to protect against contamination - Sec. 31
KOH SAMUI-THAI KITCHEN,2023-11-17,C - Crucial,43.6786195646043,-79.34847591613482,Fail to protect food from contamination or adulteration - Sec. 26(1) 
KOKO'S TIFFIN,2022-11-14,C - Crucial,43.749367678254956,-79.5528789217227,Fail to protect food from contamination or adulteration - Sec. 26(1) 
KOREA HOUSE RESTAURANT,2023-12-18,C - Crucial,43.66395202615129,-79.41617057976575,Fail to protect food from contamination or adulteration - Sec. 26(1) 
KOSHER CITY PLUS,2023-03-13,C - Crucial,43.72847122931991,-79.43263086241956,Fail to ensure food handler in food premise washes hands as necessary to prevent contamination of food - Sec. 33(1)(e) 
KOSHER CITY PLUS,2023-03-13,C - Crucial,43.72842954503564,-79.43203354715291,Fail to protect food from contamination or adulteration - Sec. 26(1) 
KOZ BINGOL,2023-07-24,C - Crucial,43.7911588440313,-79.44538959348071,Fail to protect food from contamination or adulteration - Sec. 26(1) 
KOZ BINGOL,2023-11-09,C - Crucial,43.7914641753944,-79.44489805625774,Store potentially hazardous foods at internal temperature between 4 C and 60 C - Sec. 27(1)
KOZ BINGOL,2023-11-09,C - Crucial,43.79107674592968,-79.44522404957526,Fail to protect food from contamination or adulteration - Sec. 26(1) 
KRAFT TEA,2023-10-27,C - Crucial,43.673600104666775,-79.47087708936539,Fail to protect food from contamination or adulteration - Sec. 26(1) 
KRAFT TEA,2023-10-27,C - Crucial,43.672473524116384,-79.47069313187258,Food premise maintained in manner permitting health hazard (Insects) - Sec. 7(1)(a)(i)    
KRYSTOS MODERN GREEK CUISINE,2022-11-18,C - Crucial,43.71838746494401,-79.45645945134538,Fail to ensure food handler in food premise washes hands as necessary to prevent contamination of food - Sec. 33(1)(e) 
KRYSTOS MODERN GREEK CUISINE,2022-11-18,C - Crucial,43.71845602843643,-79.45570360912691,Maintain potentially hazardous foods at internal temperature between 4 C and 60 C -  Sec. 27(1)
KRYSTOS MODERN GREEK CUISINE,2022-11-18,C - Crucial,43.718319457517865,-79.45528467944699,Fail to protect food from contamination or adulteration - Sec. 26(1) 
KRYSTOS MODERN GREEK CUISINE,2022-11-18,C - Crucial,43.718032625819774,-79.45558544189872,Store ice in unsanitary manner - Sec.  26(5) 
KRYSTOS MODERN GREEK CUISINE,2023-11-21,C - Crucial,43.71847434382421,-79.45587752208745,Fail to protect food from contamination or adulteration - Sec. 26(1) 
KRYSTOS MODERN GREEK CUISINE,2023-11-21,C - Crucial,43.718399887329134,-79.45555492487901,Refrigerate potentially hazardous foods at internal temperature above 4 C - Sec. 30(a)
KUNGFU BEEF CHINESE BBQ,2023-10-25,C - Crucial,43.653629647593085,-79.3963626172664,Fail to protect food from contamination or adulteration - Sec. 26(1) 
KUPFERT & KIM,2024-01-18,C - Crucial,43.707821015705676,-79.39812487276008,Store ice in unsanitary manner - Sec.  26(5) 
KUPFERT & KIM,2024-01-18,C - Crucial,43.70748914877091,-79.39838937437246,Fail to process food in manner safe to eat - Sec. 26(2)
KUPFERT & KIM,2024-01-18,C - Crucial,43.70783680450258,-79.39821648641778,Offer for sale potentially hazardous foods at internal temperature between 4 C and 60 C - Sec. 27(1)
Kairali,2022-06-22,C - Crucial,43.754873705509205,-79.27702494552615,Store potentially hazardous foods at internal temperature between 4 C and 60 C - Sec. 27(1)
Kairali,2023-04-27,C - Crucial,43.75461318551923,-79.27717749024379,Maintain potentially hazardous foods at internal temperature between 4 C and 60 C -  Sec. 27(1)
Kairali,2023-04-27,C - Crucial,43.75502677343753,-79.27714275685133,Fail to protect food from contamination or adulteration - Sec. 26(1) 
Kairali,2023-08-11,C - Crucial,43.755323347797884,-79.27674111418129,Fail to protect food from contamination or adulteration - Sec. 26(1) 
Kairali,2024-05-24,C - Crucial,43.755230635335344,-79.27663087499512,Maintain potentially hazardous foods at internal temperature between 4 C and 60 C -  Sec. 27(1)
Kairali,2024-05-24,C - Crucial,43.75523468981892,-79.27730761484581,Fail to protect food from contamination or adulteration - Sec. 26(1) 
KANTO BY TITA FLIPS,2023-08-24,C - Crucial,43.665657853439455,-79.46899897539733,Refrigerate potentially hazardous foods at internal temperature above 4 C - Sec. 30(a)
Kin Kin Bubble Tea Co.,2024-02-26,C - Crucial,43.80972395423066,-79.26899571192764,Store ice in unsanitary manner - Sec.  26(5) 
Kottu Kadi,2024-04-09,C - Crucial,43.83646588739141,-79.25049878220365,Store potentially hazardous foods at internal temperature between 4 C and 60 C - Sec. 27(1)
Kottu Kadi,2024-04-09,C - Crucial,43.83608682302385,-79.24989039740485,Food premise maintained in manner to permit contamination of single-service containers - Sec. 7(1)(h)  
Kottu Kadi,2024-04-09,C - Crucial,43.835635959126606,-79.25036805842434,Fail to protect food from contamination or adulteration - Sec. 26(1) 
LA BAMBOCHE,2022-07-21,C - Crucial,43.72848279787623,-79.41849333005426,Fail to ensure food handler in food premise refrains from conduct that could result in contamination of food - Sec. 33(1)(h) 
LA CARNITA,2023-07-25,C - Crucial,43.659887148566064,-79.34737131389983,Store potentially hazardous foods at internal temperature between 4 C and 60 C - Sec. 27(1)
LA CARNITA & SWEET JESUS,2023-01-23,C - Crucial,43.64718438518151,-79.39054474337355,Store ice in unsanitary manner - Sec.  26(5) 
LA CARNITA,2023-11-16,C - Crucial,43.70807862903448,-79.3943804143916,Fail to protect food from contamination or adulteration - Sec. 26(1) 
LA CUBANA SUPERMARKET,2023-08-02,C - Crucial,43.68977946206088,-79.43990571596763,Store potentially hazardous foods at internal temperature between 4 C and 60 C - Sec. 27(1)
LA CUBANITA RESTAURANT,2024-03-26,C - Crucial,43.75085390044791,-79.55226548737708,Fail to protect food from contamination or adulteration - Sec. 26(1) 
LA CUBANITA RESTAURANT,2024-03-26,C - Crucial,43.75108658417993,-79.55197505211305,Store ice in unsanitary manner - Sec.  26(5) 
LA CUBANITA RESTAURANT,2024-03-26,C - Crucial,43.75100379600651,-79.55229838818768,Fail to ensure storage racks designed to protect against contamination - Sec. 31
LA ISLA,2022-09-07,C - Crucial,43.72927957503139,-79.43147360354983,Hot-holding potentially hazardous foods at internal temperature below 60 C - Sec. 30(a)
LA MEXICANA RESTAURANT,2023-03-14,C - Crucial,43.725748780918096,-79.43136670602327,Fail to protect food from contamination or adulteration - Sec. 26(1) 
LA MEXICANA RESTAURANT,2023-03-14,C - Crucial,43.72591577767421,-79.43055505601592,Handle ice in unsanitary manner - Sec.  26(5) 
LA MOCHI,2023-01-16,C - Crucial,43.805135208702545,-79.2898703627829,Fail to protect food from contamination or adulteration - Sec. 26(1) 
LA PREP,2023-01-09,C - Crucial,43.76899272325658,-79.41331326438407,Store potentially hazardous foods at internal temperature between 4 C and 60 C - Sec. 27(1)
LA PREP,2024-05-08,C - Crucial,43.728862240742956,-79.3288061850288,Maintain potentially hazardous foods at internal temperature between 4 C and 60 C -  Sec. 27(1)
LA PREP,2024-05-08,C - Crucial,43.72866573723456,-79.32911083101146,Fail to ensure food handler in food premise washes hands as necessary to prevent contamination of food areas - Sec.  33(1)(e)
LA ROSE BAKERY & DELICATESSEN,2022-10-26,C - Crucial,43.68497417420444,-79.52380502897492,Offer for sale potentially hazardous foods at internal temperature between 4 C and 60 C - Sec. 27(1)
LA SALUMERIA,2024-03-26,C - Crucial,43.70138570548078,-79.39704154664722,Fail to ensure food handler in food premise washes hands as necessary to prevent contamination of food - Sec. 33(1)(e) 
LA UNICA PANADERIA MEXICANA,2023-11-24,C - Crucial,43.73066902821768,-79.46793961976657,Store potentially hazardous foods at internal temperature between 4 C and 60 C - Sec. 27(1)
LAC VIEN PHO & CAFE,2023-04-21,C - Crucial,43.72105244672874,-79.4688386278902,Fail to protect food from contamination or adulteration - Sec. 26(1) 
LAC VIEN PHO & CAFE,2023-04-21,C - Crucial,43.72124711627081,-79.46868271561756,Fail to ensure food handler in food premise washes hands as necessary to prevent contamination of food - Sec. 33(1)(e) 
LADY YORK FOODS,2023-09-25,C - Crucial,43.709803407729936,-79.4533098838901,Fail to ensure food handler in food premise washes hands as necessary to prevent contamination of food - Sec. 33(1)(e) 
LADY YORK FOODS,2023-09-25,C - Crucial,43.70922603852675,-79.45318413122253,Fail to protect food from contamination or adulteration - Sec. 26(1) 
LAJAWAB BIRYANI N GRILLS INC,2023-01-27,C - Crucial,43.65534497760462,-79.40870844499247,Fail to protect food from contamination or adulteration - Sec. 26(1) 
LAJAWAB BIRYANI N GRILLS INC,2023-05-02,C - Crucial,43.65516824510692,-79.40901710284771,Fail to protect food from contamination or adulteration - Sec. 26(1) 
LAJAWAB BIRYANI N GRILLS INC,2024-02-20,C - Crucial,43.65528568305043,-79.40882857945253,Maintain potentially hazardous foods at internal temperature between 4 C and 60 C -  Sec. 27(1)
LAJAWAB BIRYANI N GRILLS INC,2024-02-20,C - Crucial,43.65561792208614,-79.40911907404107,Fail to protect food from contamination or adulteration - Sec. 26(1) 
LATIN WORLD,2024-05-17,C - Crucial,43.6588548031569,-79.44049203906485,Maintain potentially hazardous foods at internal temperature between 4 C and 60 C -  Sec. 27(1)
LATIN WORLD,2023-07-10,C - Crucial,43.69561575171582,-79.44963324543707,Store potentially hazardous foods at internal temperature between 4 C and 60 C - Sec. 27(1)
LATIN WORLD,2023-09-18,C - Crucial,43.69653782185017,-79.4502788115691,Fail to protect food from contamination or adulteration - Sec. 26(1) 
LATIN WORLD,2023-09-18,C - Crucial,43.69654521348567,-79.45014203134258,Store potentially hazardous foods at internal temperature between 4 C and 60 C - Sec. 27(1)
LATINDOUGH CORP,2022-08-30,C - Crucial,43.61162202779139,-79.54190487129222,Fail to protect food from contamination or adulteration - Sec. 26(1) 
LAWRENCE HEIGHTS COMMUNITY DAY CARE CENTRE,2023-08-03,C - Crucial,43.720108364628835,-79.4447668047257,Fail to protect food from contamination or adulteration - Sec. 26(1) 
LAZEEZ SHAWARMA,2023-10-26,C - Crucial,43.70746344173268,-79.34331631725908,Maintain potentially hazardous foods at internal temperature between 4 C and 60 C -  Sec. 27(1)
LAZEEZ SHAWARMA,2023-03-28,C - Crucial,43.59716397417076,-79.52313040120941,Store potentially hazardous foods at internal temperature between 4 C and 60 C - Sec. 27(1)
LAZY SHACK/Mala Boy Restaurant,2023-05-09,C - Crucial,43.65529558549341,-79.39202518308454,Fail to ensure storage racks designed to protect against contamination - Sec. 31
LAZY SHACK/Mala Boy Restaurant,2023-05-09,C - Crucial,43.655156089548115,-79.39234030139978,Fail to protect food from contamination or adulteration - Sec. 26(1) 
LE PARADIS,2023-08-24,C - Crucial,43.675166833160254,-79.39990107214813,Fail to protect food from contamination or adulteration - Sec. 26(1) 
LE PARADIS,2023-09-29,C - Crucial,43.67459127043121,-79.40057450150671,Distribute potentially hazardous foods at internal temperature between 4 C and 60 C - Sec. 27(1)
LE PETIT DEJEUNER,2022-07-27,C - Crucial,43.65075720516061,-79.36916632176816,Refrigerate potentially hazardous foods at internal temperature above 4 C - Sec. 30(a)
LE PETIT DEJEUNER,2022-07-27,C - Crucial,43.65053086642702,-79.36974903308572,Fail to protect food from contamination or adulteration - Sec. 26(1) 
LEASIDE RETIREMENT RESIDENCE,2022-08-03,C - Crucial,43.70907091453025,-79.34205611438955,Store ice in unsanitary manner - Sec.  26(5) 
LEELA INDIAN FOOD BAR,2023-06-16,C - Crucial,43.67175933400538,-79.32451820739975,Fail to protect food from contamination or adulteration - Sec. 26(1) 
LEELA INDIAN FOOD BAR,2023-07-17,C - Crucial,43.67178815619667,-79.32470802358952,Maintain potentially hazardous foods at internal temperature between 4 C and 60 C -  Sec. 27(1)
LENG KENG,2022-09-15,C - Crucial,43.75011361807834,-79.4870663520012,Store potentially hazardous foods at internal temperature between 4 C and 60 C - Sec. 27(1)
LIBERTY SHAWARMA,2022-08-10,C - Crucial,43.65900660398542,-79.35013978424615,Distribute potentially hazardous foods at internal temperature between 4 C and 60 C - Sec. 27(1)
LIBERTY VILLAGE MARKET & CAFE,2023-01-06,C - Crucial,43.63779737882784,-79.42130011385206,Maintain potentially hazardous foods at internal temperature between 4 C and 60 C -  Sec. 27(1)
LILI,2024-03-28,C - Crucial,43.64894299936341,-79.38361910057931,Fail to protect food from contamination or adulteration - Sec. 26(1) 
LIM GA NE,2023-03-28,C - Crucial,43.777859839732166,-79.41529915984438,Maintain potentially hazardous foods at internal temperature between 4 C and 60 C -  Sec. 27(1)
LIN'S CHINESE BUN,2024-03-11,C - Crucial,43.80401608377024,-79.28713542894332,Store potentially hazardous foods at internal temperature between 4 C and 60 C - Sec. 27(1)
LIN'S CHINESE BUN,2024-03-11,C - Crucial,43.80419219493533,-79.28684558159799,Fail to protect food from contamination or adulteration - Sec. 26(1) 
LINH KY ASIAN FOOD,2022-10-12,C - Crucial,43.781524070112816,-79.27942043261203,Fail to protect food from contamination or adulteration - Sec. 26(1) 
LITTLE ANTHONY'S,2023-12-13,C - Crucial,43.65048016976823,-79.38455673131172,Fail to ensure food handler in food premise washes hands as necessary to prevent contamination of food - Sec. 33(1)(e) 
LITTLE TIBET,2023-06-19,C - Crucial,43.64033555557765,-79.43820687602953,Store potentially hazardous foods at internal temperature between 4 C and 60 C - Sec. 27(1)
LITTLE TIBET,2023-11-13,C - Crucial,43.64026115382619,-79.4381332524333,Store potentially hazardous foods at internal temperature between 4 C and 60 C - Sec. 27(1)
LITTLE TIBET,2023-11-13,C - Crucial,43.639964198146025,-79.43811100022475,Fail to protect food from contamination or adulteration - Sec. 26(1) 
LOBLAWS,2022-09-12,C - Crucial,43.66214239672449,-79.38001648666952,Fail to protect food from contamination or adulteration - Sec. 26(1) 
LOBONGO FINE DINING,2022-06-29,C - Crucial,43.69443728664804,-79.27518389938105,Food premise maintained in manner permitting adverse effect on food - Sec. 7(1)(a)(iii) 
LOBONGO FINE DINING,2022-06-29,C - Crucial,43.69435713332856,-79.27526594396399,Maintain potentially hazardous foods at internal temperature between 4 C and 60 C -  Sec. 27(1)
LOBONGO FINE DINING,2023-02-03,C - Crucial,43.69390956151957,-79.27556835126211,Fail to protect food from contamination or adulteration - Sec. 26(1) 
LOBONGO FINE DINING,2023-02-03,C - Crucial,43.69485274640979,-79.27555163524987,Fail to ensure storage pallets designed to protect against contamination - Sec. 31
LOBONGO FINE DINING,2023-08-18,C - Crucial,43.69433766227888,-79.27539869062254,Fail to ensure storage pallets designed to protect against contamination - Sec. 31
LOCAL PUBLIC EATERY,2023-05-23,C - Crucial,43.70996422596682,-79.36348705064943,Store potentially hazardous foods at internal temperature between 4 C and 60 C - Sec. 27(1)
LONCH RESTAURANT,2023-02-08,C - Crucial,43.66970044255975,-79.33927660631151,Distribute potentially hazardous foods at internal temperature between 4 C and 60 C - Sec. 27(1)
LONG QUI BBQ HOUSE INC,2023-08-18,C - Crucial,43.79965029980933,-79.30773443439013,Hot-holding potentially hazardous foods at internal temperature below 60 C - Sec. 30(a)
LONG QUI BBQ HOUSE INC,2023-08-18,C - Crucial,43.79959768122008,-79.30687071204703,Fail to protect food from contamination or adulteration - Sec. 26(1) 
HOU KEE CHINESE BISTRO,2024-03-26,C - Crucial,43.77540011561158,-79.41369452203507,Fail to ensure food handler in food premise washes hands as necessary to prevent contamination of food - Sec. 33(1)(e) 
LONGO'S,2024-02-29,C - Crucial,43.70620730008072,-79.3608997300705,Store potentially hazardous foods at internal temperature between 4 C and 60 C - Sec. 27(1)
LOS TRES PANADEROS,2023-10-19,C - Crucial,43.695494238278435,-79.45141314715923,Fail to protect food from contamination or adulteration - Sec. 26(1) 
LOS TRES PANADEROS,2023-10-19,C - Crucial,43.695501705188434,-79.45166779418172,Maintain potentially hazardous foods at internal temperature between 4 C and 60 C -  Sec. 27(1)
LOVELY PAO,2024-06-03,C - Crucial,43.73182427431375,-79.46413396614113,Maintain potentially hazardous foods at internal temperature between 4 C and 60 C -  Sec. 27(1)
LUCILE'S WEST INDIAN RESTAURANT AND GROCERIES,2022-07-19,C - Crucial,43.7609464263754,-79.28010999959035,Fail to protect food from contamination or adulteration - Sec. 26(1) 
LUCILE'S WEST INDIAN RESTAURANT AND GROCERIES,2023-07-11,C - Crucial,43.76132411293928,-79.28022854896733,Fail to protect food from contamination or adulteration - Sec. 26(1) 
LUCKY DRAGON RESTAURANT,2022-06-30,C - Crucial,43.71878433420522,-79.45522663463366,Food premise maintained in manner permitting adverse effect on food - Sec. 7(1)(a)(iii) 
LUCKY DRAGON RESTAURANT,2022-06-30,C - Crucial,43.71859932745443,-79.4553620259131,Fail to protect food from contamination or adulteration - Sec. 26(1) 
LUCKY DRAGON RESTAURANT,2022-06-30,C - Crucial,43.718683378131125,-79.45552719721537,Store potentially hazardous foods at internal temperature between 4 C and 60 C - Sec. 27(1)
LUCKY DRAGON RESTAURANT,2023-07-19,C - Crucial,43.71890609552481,-79.45548413990778,Store potentially hazardous foods at internal temperature between 4 C and 60 C - Sec. 27(1)
LUCKY DRAGON RESTAURANT,2023-07-19,C - Crucial,43.718505513398775,-79.45540424176438,Fail to ensure food handler in food premise washes hands as necessary to prevent contamination of food - Sec. 33(1)(e) 
LUCKY DRAGON RESTAURANT,2023-07-19,C - Crucial,43.71872272228384,-79.45493037105051,Fail to protect food from contamination or adulteration - Sec. 26(1) 
LUCKY DRAGON RESTAURANT,2023-12-13,C - Crucial,43.71880818961233,-79.45494422910748,Fail to ensure food handler in food premise washes hands as necessary to prevent contamination of food - Sec. 33(1)(e) 
LUCKY DRAGON RESTAURANT,2023-12-13,C - Crucial,43.71814685159213,-79.45529315836882,Fail to protect food from contamination or adulteration - Sec. 26(1) 
LUCKY DRAGON RESTAURANT,2024-04-03,C - Crucial,43.71866963825622,-79.45591851859231,Refrigerate potentially hazardous foods at internal temperature above 4 C - Sec. 30(a)
LUCULLUS BAKERY,2023-05-16,C - Crucial,43.77704130642964,-79.34409755738008,Handle ice in unsanitary manner - Sec.  26(5) 
LUCULLUS BAKERY,2023-05-16,C - Crucial,43.77778369036773,-79.34549853436602,Store ice in unsanitary manner - Sec.  26(5) 
LUCULLUS BAKERY,2023-12-04,C - Crucial,43.7779033215009,-79.34456574456703,Display potentially hazardous foods at internal temperature between 4 C and 60 C - Sec. 27(1)
LUCULLUS BAKERY,2024-01-03,C - Crucial,43.77829126775097,-79.34505497936507,Store ice in unsanitary manner - Sec.  26(5) 
LUNCH BREAK,2022-11-29,C - Crucial,43.77182770275928,-79.33149797346069,Fail to ensure food handler in food premise refrains from conduct that could result in contamination of food - Sec. 33(1)(h) 
LUNCH BREAK,2022-11-29,C - Crucial,43.77190995244194,-79.33110547452249,Store potentially hazardous foods at internal temperature between 4 C and 60 C - Sec. 27(1)
Lageez Authentic Indian Cuisine,2022-06-24,C - Crucial,43.710617756939115,-79.29095279872001,Maintain potentially hazardous foods at internal temperature between 4 C and 60 C -  Sec. 27(1)
Living Well 2,2022-09-26,C - Crucial,43.7166566749797,-79.55516441643249,Maintain potentially hazardous foods at internal temperature between 4 C and 60 C -  Sec. 27(1)
M & CO. BURGERS,2022-08-09,C - Crucial,43.74582740916843,-79.2924743568787,Maintain potentially hazardous foods at internal temperature between 4 C and 60 C -  Sec. 27(1)
M & CO. BURGERS,2022-08-09,C - Crucial,43.74598470614723,-79.29241777474425,Fail to protect food from contamination or adulteration - Sec. 26(1) 
M BIRYANI HOUSE,2022-09-21,C - Crucial,43.670563182196226,-79.3874666759955,Fail to protect food from contamination or adulteration - Sec. 26(1) 
M CHA BAR,2024-05-21,C - Crucial,43.77264566867944,-79.41354362637135,Store ice in unsanitary manner - Sec.  26(5) 
M WELLNEZZ KITCHEN,2024-03-08,C - Crucial,43.76089251464775,-79.5680939707152,Fail to protect food from contamination or adulteration - Sec. 26(1) 
M&S WEST INDIAN SUPERMARKET,2023-11-10,C - Crucial,43.746123241039065,-79.23097185117695,Fail to protect food from contamination or adulteration - Sec. 26(1) 
MACAULEY CHILD DEVELOPMENT CENTRE - MARLEE CHILDCARE CENTRE,2024-02-02,C - Crucial,43.70388056297885,-79.440895175416,Maintain potentially hazardous foods at internal temperature between 4 C and 60 C -  Sec. 27(1)
MACHI MACHI,2023-03-08,C - Crucial,43.80524520609947,-79.28855679697179,Fail to ensure food handler in food premise washes hands as necessary to prevent contamination of food - Sec. 33(1)(e) 
MAD MEXICAN RESTAURANT,2022-11-10,C - Crucial,43.658270369887,-79.48765063828428,Store potentially hazardous foods at internal temperature between 4 C and 60 C - Sec. 27(1)
MAD MEXICAN RESTAURANT,2022-11-10,C - Crucial,43.65827634305799,-79.48774420532209,Fail to protect food from contamination or adulteration - Sec. 26(1) 
MADAME SAIGON ( MIDTOWN),2024-04-22,C - Crucial,43.701468936033805,-79.3979746252647,Food premise maintained in manner permitting adverse effect on food - Sec. 7(1)(a)(iii) 
MADE IN JAPAN TERIYAKI EXPERIENCE,2022-09-21,C - Crucial,43.670759450787195,-79.38718714767934,Store potentially hazardous foods at internal temperature between 4 C and 60 C - Sec. 27(1)
MADISON AVENUE PUB,2022-06-20,C - Crucial,43.667735672089016,-79.40322960787341,Food premise maintained in manner permitting adverse effect on food - Sec. 7(1)(a)(iii) 
MADO,2023-02-24,C - Crucial,43.72129379757752,-79.45678071973447,Offer for sale potentially hazardous foods at internal temperature between 4 C and 60 C - Sec. 27(1)
MADO,2023-02-24,C - Crucial,43.72174701930195,-79.45673775027838,Fail to protect food from contamination or adulteration - Sec. 26(1) 
MADO,2023-02-24,C - Crucial,43.721715705826675,-79.45728200731514,Store ice in unsanitary manner - Sec.  26(5) 
MADO,2023-02-24,C - Crucial,43.721336974709445,-79.45664344127741,Fail to ensure food handler in food premise washes hands as necessary to prevent contamination of food - Sec. 33(1)(e) 
MADO,2023-11-08,C - Crucial,43.72141903853156,-79.45698303106094,Sell potentially hazardous foods at internal temperature between 4 C and 60 C - Sec. 27(1)
MADO,2023-11-08,C - Crucial,43.72115022600735,-79.45674776929134,Fail to ensure food handler in food premise washes hands as necessary to prevent contamination of food - Sec. 33(1)(e) 
MADRAS DOSA HUT,2024-03-14,C - Crucial,43.73735596731393,-79.56615461548743,Maintain potentially hazardous foods at internal temperature between 4 C and 60 C -  Sec. 27(1)
MADRAS DOSA HUT,2024-03-14,C - Crucial,43.73745894871658,-79.56645726703846,Fail to protect food from contamination or adulteration - Sec. 26(1) 
MAESTRO'S GOURMET PIZZA,2024-05-10,C - Crucial,43.66006043427282,-79.34212457388556,Store ungraded eggs - Sec. 47(1)
OTTOMAN TURKISH GRILL,2023-07-10,C - Crucial,43.74247058654146,-79.30793315112747,Fail to ensure food handler in food premise washes hands as necessary to prevent contamination of food - Sec. 33(1)(e) 
OTTOMAN TURKISH GRILL,2023-07-10,C - Crucial,43.74250502484615,-79.3080221745561,Fail to ensure food handler in food premise refrains from conduct that could result in contamination of food - Sec. 33(1)(h) 
OTTOMAN TURKISH GRILL,2023-07-10,C - Crucial,43.74279834469079,-79.30812540676538,Fail to protect food from contamination or adulteration - Sec. 26(1) 
MAI MAI CHINESE RESTAURANT,2023-01-27,C - Crucial,43.597266069131145,-79.52329955175126,Fail to protect food from contamination or adulteration - Sec. 26(1) 
MAINSHA RESTAURANT,2023-03-21,C - Crucial,43.721182124856234,-79.45579288870593,Fail to protect food from contamination or adulteration - Sec. 26(1) 
MAISON TRIBE,2023-08-23,C - Crucial,43.68865706471273,-79.3917944925152,Fail to ensure food handler in food premise refrains from conduct that could result in contamination of food areas - Sec. 33(1)(h) 
MAISON TRIBE,2023-08-23,C - Crucial,43.68892337212342,-79.39194277640966,Store potentially hazardous foods at internal temperature between 4 C and 60 C - Sec. 27(1)
MAISON TRIBE,2023-08-23,C - Crucial,43.6886171317221,-79.39269529774067,Fail to protect food from contamination or adulteration - Sec. 26(1) 
MAISONETTE,2023-10-03,C - Crucial,43.650047856203265,-79.35864007186166,Fail to maintain records of food purchased for one year - Sec. 29(2)  
MAJESTIC SHAWARMA,2023-08-01,C - Crucial,43.666604268187655,-79.40407999307739,Fail to protect food from contamination or adulteration - Sec. 26(1) 
MAK EUROPEAN DELICATESSENS,2022-06-29,C - Crucial,43.74056604345543,-79.32012364913203,Store potentially hazardous foods at internal temperature between 4 C and 60 C - Sec. 27(1)
MAKIMONO SUSHI BAR & RESTAURANT,2023-02-28,C - Crucial,43.690913668678796,-79.57562299961931,Fail to ensure storage shelves designed to protect against contamination - Sec. 31
MAKIMONO SUSHI BAR & RESTAURANT,2023-02-28,C - Crucial,43.69055369095671,-79.57548587743752,Fail to protect food from contamination or adulteration - Sec. 26(1) 
MAKIMONO SUSHI BAR & RESTAURANT,2023-08-10,C - Crucial,43.690856241082976,-79.57540464106445,Fail to protect food from contamination or adulteration - Sec. 26(1) 
MALT N SALT,2023-09-28,C - Crucial,43.78705070195655,-79.15194895102276,Fail to protect food from contamination or adulteration - Sec. 26(1) 
MAMA & PAPA'S GOODSOUP,2024-05-29,C - Crucial,43.74785509218041,-79.5218651562088,Fail to protect food from contamination or adulteration - Sec. 26(1) 
MAMMA'S PIZZA,2024-02-09,C - Crucial,43.706418663529874,-79.37525471907794,Fail to ensure food handler in food premise washes hands as necessary to prevent contamination of food - Sec. 33(1)(e) 
MAMMA'S PIZZA,2024-02-09,C - Crucial,43.707133633390306,-79.37571245764813,Store potentially hazardous foods at internal temperature between 4 C and 60 C - Sec. 27(1)
MANDIAFANDI,2023-07-25,C - Crucial,43.70831246027411,-79.34364429343962,Maintain potentially hazardous foods at internal temperature between 4 C and 60 C -  Sec. 27(1)
MANDIAFANDI,2023-07-25,C - Crucial,43.707308223491395,-79.34354356268268,Fail to protect food from contamination or adulteration - Sec. 26(1) 
MANDIAFANDI,2023-07-25,C - Crucial,43.708404417447944,-79.34325770261863,Store potentially hazardous foods at internal temperature between 4 C and 60 C - Sec. 27(1)
MANDIAFANDI,2023-11-10,C - Crucial,43.707659676435426,-79.3434008758079,Fail to protect food from contamination or adulteration - Sec. 26(1) 
MANGO SUSHI,2024-04-18,C - Crucial,43.68190023046024,-79.33036388289507,Fail to protect food from contamination or adulteration - Sec. 26(1) 
MANGO THAI KITCHEN,2023-02-16,C - Crucial,43.71708890308843,-79.44720252081446,Fail to protect food from contamination or adulteration - Sec. 26(1) 
MANGO THAI KITCHEN,2023-02-16,C - Crucial,43.71574793590518,-79.44685920522068,Fail to ensure food handler in food premise washes hands as necessary to prevent contamination of food - Sec. 33(1)(e) 
MANILA FOODS,2022-11-23,C - Crucial,43.68323385528386,-79.4199823694714,Maintain potentially hazardous foods at internal temperature between 4 C and 60 C -  Sec. 27(1)
MANILA FOODS,2022-11-23,C - Crucial,43.682661334224555,-79.41977776313097,Fail to protect food from contamination or adulteration - Sec. 26(1) 
MAPLE LODGE FARMS - PRINCES NORTH - CNE 2024,2022-08-19,C - Crucial,43.634492950993724,-79.4112972027051,Refrigerate potentially hazardous foods at internal temperature above 4 C - Sec. 30(a)
MAPLE LODGE FARMS - PRINCES NORTH - CNE 2024,2022-08-22,C - Crucial,43.63519581591952,-79.41094650316258,Food premise maintained in manner permitting health hazard - Sec. 7(1)(a)(i)    
MAPLEWOOD HIGH SCHOOL,2023-12-05,C - Crucial,43.7592902649994,-79.19471976153837,Store ice in unsanitary manner - Sec.  26(5) 
MAPO GAMJATANG,2022-07-07,C - Crucial,43.7642486222044,-79.4122984036398,Fail to protect food from contamination or adulteration - Sec. 26(1) 
MARCELINA'S FILIPINO CUISINE,2023-12-29,C - Crucial,43.73617494918794,-79.43665061115634,Store potentially hazardous foods at internal temperature between 4 C and 60 C - Sec. 27(1)
MARCELINA'S FILIPINO CUISINE,2023-12-29,C - Crucial,43.73624706779169,-79.43644429747215,Fail to protect food from contamination or adulteration - Sec. 26(1) 
MARCELLO'S,2022-10-21,C - Crucial,43.64933557864075,-79.38396941246596,Store potentially hazardous foods at internal temperature between 4 C and 60 C - Sec. 27(1)
MARHABA SUPERMARKET,2022-08-02,C - Crucial,43.69102490583172,-79.29047539398152,Maintain potentially hazardous foods at internal temperature between 4 C and 60 C -  Sec. 27(1)
MARHABA SUPERMARKET,2022-08-02,C - Crucial,43.69119618321019,-79.29045794055884,Food premise maintained in manner permitting adverse effect on food - Sec. 7(1)(a)(iii) 
MARHABA SUPERMARKET,2023-04-18,C - Crucial,43.69067108616119,-79.29077714060577,Food premise maintained in manner permitting adverse effect on food - Sec. 7(1)(a)(iii) 
MARHABA SUPERMARKET,2023-08-18,C - Crucial,43.691160883957636,-79.29117627555875,Food premise maintained in manner permitting adverse effect on food - Sec. 7(1)(a)(iii) 
MARIGOLD,2022-10-11,C - Crucial,43.703358956228115,-79.38842617684973,Food premise maintained in manner to permit contamination of single-service containers - Sec. 7(1)(h)  
MARY BUN,2023-10-03,C - Crucial,43.77606525436169,-79.41409011974389,Fail to protect food from contamination or adulteration - Sec. 26(1) 
MASALA BLVD,2023-07-10,C - Crucial,43.597444900801634,-79.52291571238315,Refrigerate potentially hazardous foods at internal temperature above 4 C - Sec. 30(a)
MASALA BLVD,2023-07-10,C - Crucial,43.59715818755205,-79.52327712024018,Hot-holding potentially hazardous foods at internal temperature below 60 C - Sec. 30(a)
MASTRO'S PLACE,2022-07-12,C - Crucial,43.73087930533877,-79.46893622299743,Refrigerate potentially hazardous foods at internal temperature above 4 C - Sec. 30(a)
MASTRO'S PLACE,2023-06-20,C - Crucial,43.73048572702942,-79.46901285080003,Refrigerate potentially hazardous foods at internal temperature above 4 C - Sec. 30(a)
MAX SANDWICH,2024-05-23,C - Crucial,43.775897762153626,-79.41471613636831,Refrigerate potentially hazardous foods at internal temperature above 4 C - Sec. 30(a)
MAYRIK,2023-03-08,C - Crucial,43.70520733084506,-79.37524193803941,Fail to protect food from contamination or adulteration - Sec. 26(1) 
MAZADAR,2024-03-18,C - Crucial,43.66678568643489,-79.3167520929207,Fail to protect food from contamination or adulteration - Sec. 26(1) 
MB THE PLACE TO BE,2022-06-23,C - Crucial,43.72787205386378,-79.4319496066825,Store potentially hazardous foods at internal temperature between 4 C and 60 C - Sec. 27(1)
MB THE PLACE TO BE,2022-06-23,C - Crucial,43.72750484249755,-79.43225764927853,Fail to ensure food handler in food premise washes hands as necessary to prevent contamination of food areas - Sec.  33(1)(e)
MB THE PLACE TO BE,2023-02-09,C - Crucial,43.72704747634275,-79.43241117586312,Store potentially hazardous foods at internal temperature between 4 C and 60 C - Sec. 27(1)
MB THE PLACE TO BE,2023-06-01,C - Crucial,43.72728204121456,-79.43234940383249,Fail to protect food from contamination or adulteration - Sec. 26(1) 
MB THE PLACE TO BE,2023-06-01,C - Crucial,43.72747546053884,-79.4320074365149,Maintain potentially hazardous foods at internal temperature between 4 C and 60 C -  Sec. 27(1)
MB THE PLACE TO BE,2023-06-01,C - Crucial,43.72730497454463,-79.43164278984953,Fail to ensure food handler in food premise washes hands as necessary to prevent contamination of food - Sec. 33(1)(e) 
MCEWAN,2023-03-08,C - Crucial,43.73637161452141,-79.34523195886462,Refrigerate potentially hazardous foods at internal temperature above 4 C - Sec. 30(a)
MCEWAN,2023-03-08,C - Crucial,43.73630225394528,-79.34504513978317,Hot-holding potentially hazardous foods at internal temperature below 60 C - Sec. 30(a)
MEAN BAO,2023-02-17,C - Crucial,43.645353466240856,-79.38058003027083,Fail to protect food from contamination or adulteration - Sec. 26(1) 
MEECHIE'S BBQ & JERK,2022-06-23,C - Crucial,43.68802595826632,-79.49121663892458,Maintain potentially hazardous foods at internal temperature between 4 C and 60 C -  Sec. 27(1)
MENDOZA'S BAKERY,2024-05-29,C - Crucial,43.73562546847202,-79.24718974073454,Fail to protect food from contamination or adulteration - Sec. 26(1) 
MENGISTU BUTCHER SHOP & TAKEOUT,2023-11-14,C - Crucial,43.685137385073695,-79.31481497206289,Fail to ensure storage shelves designed to protect against contamination - Sec. 31
MERITWINNI AFROFOODIES,2022-08-10,C - Crucial,43.70070008266449,-79.52114002702453,Fail to protect food from contamination or adulteration - Sec. 26(1) 
MEXITACO,2023-07-20,C - Crucial,43.71084048639174,-79.24887753318654,Maintain potentially hazardous foods at internal temperature between 4 C and 60 C -  Sec. 27(1)
MEXITACO,2024-04-16,C - Crucial,43.71079431647289,-79.24942671094625,Hot-holding potentially hazardous foods at internal temperature below 60 C - Sec. 30(a)
MEZES,2024-05-15,C - Crucial,43.678217187349716,-79.35028235793648,Store ice in unsanitary manner - Sec.  26(5) 
MEZON LATINO,2024-01-18,C - Crucial,43.75142408351911,-79.55212241341727,Fail to ensure food handler in food premise washes hands as necessary to prevent contamination of food - Sec. 33(1)(e) 
MICCHYS AFRICAN CARIBBEAN MARKET,2024-01-26,C - Crucial,43.71634211528331,-79.45510380300445,Fail to ensure storage pallets designed to protect against contamination - Sec. 31
MICCHYS AFRICAN CARIBBEAN MARKET,2024-01-26,C - Crucial,43.71630873250012,-79.45493997173888,Fail to maintain records of food purchased  - Sec. 29(2)  
MICHEL'S BAKERY CAFE,2023-03-23,C - Crucial,43.726535443803265,-79.4514080968714,Maintain potentially hazardous foods at internal temperature between 4 C and 60 C -  Sec. 27(1)
MICHEL'S BAKERY CAFE,2023-03-23,C - Crucial,43.72618776274901,-79.45194756630472,Store ice in unsanitary manner - Sec.  26(5) 
MICHEL'S BAKERY CAFE,2023-03-23,C - Crucial,43.72654852018624,-79.45185316832828,Fail to ensure food handler in food premise washes hands as necessary to prevent contamination of food - Sec. 33(1)(e) 
MICHEL'S BAKERY CAFE,2023-03-23,C - Crucial,43.72649291710864,-79.45153274100377,Fail to protect food from contamination or adulteration - Sec. 26(1) 
MILD AFRO LOUNGE,2023-11-23,C - Crucial,43.64974262067062,-79.42016758384361,Fail to protect food from contamination or adulteration - Sec. 26(1) 
MILD AFRO LOUNGE,2023-11-23,C - Crucial,43.649878643422895,-79.42074138586547,Store potentially hazardous foods at internal temperature between 4 C and 60 C - Sec. 27(1)
MILESTONES STC,2023-08-29,C - Crucial,43.77615527973848,-79.25819828389388,Refrigerate potentially hazardous foods at internal temperature above 4 C - Sec. 30(a)
MILK 'N' HONEY,2022-08-31,C - Crucial,43.72868326021435,-79.4320985597217,Refrigerate potentially hazardous foods at internal temperature above 4 C - Sec. 30(a)
MILK 'N' HONEY,2023-02-21,C - Crucial,43.72835520633292,-79.43129518061063,Fail to protect food from contamination or adulteration - Sec. 26(1) 
MILK 'N' HONEY,2023-02-21,C - Crucial,43.728469524558896,-79.43135243009027,Fail to ensure food handler in food premise washes hands as necessary to prevent contamination of food - Sec. 33(1)(e) 
MILKCOW CAFE,2022-07-29,C - Crucial,43.716179248120135,-79.39973086104433,Fail to ensure food handler in food premise refrains from conduct that could result in contamination of food - Sec. 33(1)(h) 
MILVAN BAKERY,2024-03-08,C - Crucial,43.76145000334619,-79.56605733197036,Maintain potentially hazardous foods at internal temperature between 4 C and 60 C -  Sec. 27(1)
MILVAN BAKERY,2024-03-08,C - Crucial,43.760571167330575,-79.56698670991591,Fail to protect food from contamination or adulteration - Sec. 26(1) 
MINERVA TIFFINS,2023-06-14,C - Crucial,43.723382045722396,-79.2908930768603,Food premise maintained in manner permitting adverse effect on food - Sec. 7(1)(a)(iii) 
MINERVA TIFFINS,2023-06-14,C - Crucial,43.72340854620959,-79.29024593407155,Maintain potentially hazardous foods at internal temperature between 4 C and 60 C -  Sec. 27(1)
MIRRA'S PLACE,2023-05-01,C - Crucial,43.717798744879865,-79.4559298920247,Fail to ensure food handler in food premise washes hands as necessary to prevent contamination of food - Sec. 33(1)(e) 
MIRRA'S PLACE,2023-05-01,C - Crucial,43.71728355716481,-79.45499123634342,Hot-holding potentially hazardous foods at internal temperature below 60 C - Sec. 30(a)
MIRRA'S PLACE,2023-05-01,C - Crucial,43.717705492983285,-79.45490855747168,Fail to protect food from contamination or adulteration - Sec. 26(1) 
MIYAKO SUSHI,2023-02-28,C - Crucial,43.709256594693954,-79.44408158541069,Fail to protect food from contamination or adulteration - Sec. 26(1) 
MODULAR HOUSING MEAL PROGRAM,2024-01-26,C - Crucial,43.65152577117687,-79.42528378589316,Refrigerate potentially hazardous foods at internal temperature above 4 C - Sec. 30(a)
MOFER COFFEE,2023-08-08,C - Crucial,43.6446996306254,-79.38913970637627,Fail to protect food from contamination or adulteration - Sec. 26(1) 
MOFER COFFEE,2024-02-01,C - Crucial,43.64437222321847,-79.36873605533341,Fail to protect food from contamination or adulteration - Sec. 26(1) 
MOFER COFFEE,2024-02-01,C - Crucial,43.64482130817577,-79.3684619534901,Fail to ensure food handler in food premise washes hands as necessary to prevent contamination of food - Sec. 33(1)(e) 
MOMO CAFE & ZOMSA BAR,2023-06-15,C - Crucial,43.639873563868434,-79.43846615149191,Fail to protect food from contamination or adulteration - Sec. 26(1) 
MOMO CAFE & ZOMSA BAR,2023-06-15,C - Crucial,43.64050719686362,-79.43796991423535,Maintain potentially hazardous foods at internal temperature between 4 C and 60 C -  Sec. 27(1)
MOMO CAFE & ZOMSA BAR,2023-06-15,C - Crucial,43.639926091008284,-79.43796445043797,Display potentially hazardous foods at internal temperature between 4 C and 60 C - Sec. 27(1)
MONGA FRIED CHICKEN,2022-07-18,C - Crucial,43.77511838684643,-79.413407902782,Maintain potentially hazardous foods at internal temperature between 4 C and 60 C -  Sec. 27(1)
MONGA FRIED CHICKEN,2022-07-18,C - Crucial,43.77535842337798,-79.41351489650629,Store ice in unsanitary manner - Sec.  26(5) 
MONGA FRIED CHICKEN,2023-01-05,C - Crucial,43.775529842812624,-79.41357426359464,Store potentially hazardous foods at internal temperature between 4 C and 60 C - Sec. 27(1)
MONKEY SUSHI,2023-03-16,C - Crucial,43.66531739377646,-79.4079207560449,Store potentially hazardous foods at internal temperature between 4 C and 60 C - Sec. 27(1)
MONKEY SUSHI,2023-03-16,C - Crucial,43.665840976753074,-79.40778033069884,Fail to protect food from contamination or adulteration - Sec. 26(1) 
MONKEY SUSHI,2024-04-03,C - Crucial,43.66563866209082,-79.40791066571856,Fail to protect food from contamination or adulteration - Sec. 26(1) 
MONKEY SUSHI,2024-06-07,C - Crucial,43.66536046982177,-79.40793403136516,Fail to protect food from contamination or adulteration - Sec. 26(1) 
MONKEY SUSHI,2022-12-14,C - Crucial,43.665630730809355,-79.40800854115938,Fail to protect food from contamination or adulteration - Sec. 26(1) 
MONKEY SUSHI,2023-04-17,C - Crucial,43.656866642012005,-79.38362917750452,Store potentially hazardous foods at internal temperature between 4 C and 60 C - Sec. 27(1)
MONKEY SUSHI,2023-04-17,C - Crucial,43.657310744645685,-79.38383113024655,Fail to protect food from contamination or adulteration - Sec. 26(1) 
MONKEY SUSHI,2022-11-08,C - Crucial,43.67439085780951,-79.38838198252698,Fail to protect food from contamination or adulteration - Sec. 26(1) 
MONKEY SUSHI,2022-06-27,C - Crucial,43.64848774337107,-79.42030360911912,Fail to protect food from contamination or adulteration - Sec. 26(1) 
MONKEY SUSHI,2023-01-19,C - Crucial,43.70663446460758,-79.39530053195051,Fail to protect food from contamination or adulteration - Sec. 26(1) 
MONKEY SUSHI,2023-08-21,C - Crucial,43.70702955266991,-79.39515265267445,Fail to protect food from contamination or adulteration - Sec. 26(1) 
MONKEY SUSHI,2023-01-24,C - Crucial,43.67797529936528,-79.35074101155745,Fail to protect food from contamination or adulteration - Sec. 26(1) 
MONKEY SUSHI,2023-05-01,C - Crucial,43.67791988093109,-79.3493971867029,Fail to protect food from contamination or adulteration - Sec. 26(1) 
MONKEY SUSHI,2023-08-10,C - Crucial,43.677685194854234,-79.35033765887076,Fail to protect food from contamination or adulteration - Sec. 26(1) 
MONKEY THAI SUSHI,2022-06-29,C - Crucial,43.64753672828488,-79.40101539080221,Fail to protect food from contamination or adulteration - Sec. 26(1) 
MONKEY THAI SUSHI,2022-06-29,C - Crucial,43.64782953648464,-79.401413765159,Fail to ensure food handler in food premise refrains from conduct that could result in contamination of food - Sec. 33(1)(h) 
MONKEY THAI SUSHI,2023-03-28,C - Crucial,43.647798399024424,-79.40078663361273,Fail to protect food from contamination or adulteration - Sec. 26(1) 
MONKEY THAI SUSHI,2023-03-28,C - Crucial,43.647986123410895,-79.40089171192099,Store potentially hazardous foods at internal temperature between 4 C and 60 C - Sec. 27(1)
MONTANA'S COOKHOUSE,2022-09-27,C - Crucial,43.68664220969944,-79.58427644414043,Fail to protect food from contamination or adulteration - Sec. 26(1) 
MORETTI CAFFE,2023-08-02,C - Crucial,43.6446908602732,-79.39245392918703,Fail to protect food from contamination or adulteration - Sec. 26(1) 
MORETTI CAFFE,2022-12-06,C - Crucial,43.7219908644555,-79.46944432893055,Fail to protect food from contamination or adulteration - Sec. 26(1) 
MORETTI CAFFE,2022-12-06,C - Crucial,43.721501556308226,-79.4704586448977,Display potentially hazardous foods at internal temperature between 4 C and 60 C - Sec. 27(1)
MORETTI CAFFE,2022-12-06,C - Crucial,43.72180393625093,-79.46996213269132,Fail to ensure food handler in food premise washes hands as necessary to prevent contamination of food - Sec. 33(1)(e) 
PIZZERIA MORETTI,2023-08-02,C - Crucial,43.644014428953064,-79.39287955084878,Store ice in unsanitary manner - Sec.  26(5) 
MORGANS ON THE DANFORTH,2024-05-03,C - Crucial,43.6822608301545,-79.33074878716226,Fail to protect food from contamination or adulteration - Sec. 26(1) 
MORGANS ON THE DANFORTH,2024-05-03,C - Crucial,43.68194302207857,-79.32964446687392,Store ice in unsanitary manner - Sec.  26(5) 
MORTONS,2022-10-20,C - Crucial,43.66830290918612,-79.39400813596552,Fail to protect food from contamination or adulteration - Sec. 26(1) 
MOTI PALACE SWEETS & CATERING,2022-10-07,C - Crucial,43.78141298490641,-79.27946541676933,Refrigerate potentially hazardous foods at internal temperature above 4 C - Sec. 30(a)
MOTI-MAHAL,2023-07-27,C - Crucial,43.67228802427146,-79.3231628548333,Distribute potentially hazardous foods at internal temperature between 4 C and 60 C - Sec. 27(1)
MOTI-MAHAL,2023-10-31,C - Crucial,43.67204991086724,-79.32294057573458,Distribute potentially hazardous foods at internal temperature between 4 C and 60 C - Sec. 27(1)
MOTI-MAHAL,2023-10-31,C - Crucial,43.672787320006414,-79.32295509738691,Fail to protect food from contamination or adulteration - Sec. 26(1) 
MOTI-MAHAL,2024-04-03,C - Crucial,43.67216514340023,-79.32270455601413,Food premise maintained in manner to permit contamination of single-service containers - Sec. 7(1)(h)  
MOTI-MAHAL,2022-07-14,C - Crucial,43.672132372428194,-79.32272573005174,Food premise maintained in manner to permit contamination of single-service articles - Sec. 7(1)(h)  
MOTI-MAHAL,2022-07-14,C - Crucial,43.67241433471692,-79.32259873901184,Fail to protect food from contamination or adulteration - Sec. 26(1) 
MOXIE'S CLASSIC GRILL,2023-07-05,C - Crucial,43.72545961328917,-79.4512606727222,Fail to ensure food handler in food premise washes hands as necessary to prevent contamination of food - Sec. 33(1)(e) 
MOXIE'S CLASSIC GRILL,2023-07-05,C - Crucial,43.7261608981194,-79.45091532483912,Store potentially hazardous foods at internal temperature between 4 C and 60 C - Sec. 27(1)
MOXIE'S CLASSIC GRILL,2023-07-05,C - Crucial,43.7259959607259,-79.4512557379885,Fail to protect food from contamination or adulteration - Sec. 26(1) 
MR DIZI,2023-10-25,C - Crucial,43.76721574491522,-79.46972011914896,Store potentially hazardous foods at internal temperature between 4 C and 60 C - Sec. 27(1)
MR MOMO,2022-10-26,C - Crucial,43.635557684116364,-79.44178930316943,Fail to protect food from contamination or adulteration - Sec. 26(1) 
MR PIDE,2024-02-21,C - Crucial,43.67998554560936,-79.34182909804676,Fail to protect food from contamination or adulteration - Sec. 26(1) 
MR TONKATSU,2023-04-18,C - Crucial,43.66532008717226,-79.41108795716403,Fail to protect food from contamination or adulteration - Sec. 26(1) 
MR. GREEK EXPRESS,2023-01-26,C - Crucial,43.754827738991175,-79.35118559800961,Maintain potentially hazardous foods at internal temperature between 4 C and 60 C -  Sec. 27(1)
MR. JOHN'S THE REAL KERALA KITCHEN,2022-08-18,C - Crucial,43.753090030492125,-79.27656406195523,Fail to protect food from contamination or adulteration - Sec. 26(1) 
MR. JOHN'S THE REAL KERALA KITCHEN,2022-08-18,C - Crucial,43.75365637061022,-79.2765661705963,Maintain potentially hazardous foods at internal temperature between 4 C and 60 C -  Sec. 27(1)
MR. JOHN'S THE REAL KERALA KITCHEN,2023-07-11,C - Crucial,43.753620500268845,-79.27646367597363,Fail to protect food from contamination or adulteration - Sec. 26(1) 
MR. JOHN'S THE REAL KERALA KITCHEN,2024-06-07,C - Crucial,43.75283296783873,-79.27641054788532,Fail to protect food from contamination or adulteration - Sec. 26(1) 
MR. SUB,2023-10-02,C - Crucial,43.70893069579448,-79.45398571371858,Sell potentially hazardous foods at internal temperature between 4 C and 60 C - Sec. 27(1)
MR. SUB,2023-10-02,C - Crucial,43.70901183270144,-79.45380091125233,Store potentially hazardous foods at internal temperature between 4 C and 60 C - Sec. 27(1)
MR. SUB & THAI EXPRESS,2023-12-11,C - Crucial,43.69782770076606,-79.39658977089694,Fail to protect food from contamination or adulteration - Sec. 26(1) 
MT EVEREST RESTAURANT,2023-02-02,C - Crucial,43.71371012678665,-79.36666899071815,Fail to protect food from contamination or adulteration - Sec. 26(1) 
MT EVEREST RESTAURANT,2024-02-21,C - Crucial,43.71347974254215,-79.36637939117601,Store potentially hazardous foods at internal temperature between 4 C and 60 C - Sec. 27(1)
MUHAMMAD HALAL MEAT AND SUPERMARKET,2022-11-24,C - Crucial,43.765960747304554,-79.19072953477367,Store potentially hazardous foods at internal temperature between 4 C and 60 C - Sec. 27(1)
MULLINS IRISH PUB,2022-08-16,C - Crucial,43.66569274959131,-79.38788165858408,Fail to protect food from contamination or adulteration - Sec. 26(1) 
MUNZUR RESTAURANT AND BUTCHER HOUSE,2024-01-11,C - Crucial,43.72278951421533,-79.49781083263822,Maintain potentially hazardous foods at internal temperature between 4 C and 60 C -  Sec. 27(1)
MUNZUR RESTAURANT AND BUTCHER HOUSE,2024-01-11,C - Crucial,43.72247755770214,-79.49751444061329,Fail to process food in manner safe to eat - Sec. 26(2)
MUNZUR RESTAURANT AND BUTCHER HOUSE,2024-01-11,C - Crucial,43.72289479517548,-79.49811163300323,Fail to ensure food handler in food premise washes hands as necessary to prevent contamination of food - Sec. 33(1)(e) 
MUNZUR RESTAURANT AND BUTCHER HOUSE,2024-01-11,C - Crucial,43.722537156181865,-79.49798582426996,Fail to protect food from contamination or adulteration - Sec. 26(1) 
MY ROTI PLACE,2024-04-04,C - Crucial,43.705927063126104,-79.3760559373618,Maintain potentially hazardous foods at internal temperature between 4 C and 60 C -  Sec. 27(1)
MY SUSHI/HUI LAU SHAN,2022-11-04,C - Crucial,43.777054333647875,-79.41522602526042,Store potentially hazardous foods at internal temperature between 4 C and 60 C - Sec. 27(1)
Mary's Place Hot Table and Sandwiches,2022-09-29,C - Crucial,43.71558758060952,-79.31249844329346,Food premise maintained in manner permitting adverse effect on food - Sec. 7(1)(a)(iii) 
Midland Gardens Care Community,2024-04-23,C - Crucial,43.708169121625204,-79.24778650716631,Food premise maintained in manner to permit contamination of single-service articles - Sec. 7(1)(h)  
Midland Gardens Care Community,2024-04-23,C - Crucial,43.708250528574276,-79.24787060112185,Store potentially hazardous foods at internal temperature between 4 C and 60 C - Sec. 27(1)
Miss Fu in ChengDu,2022-07-20,C - Crucial,43.77767486984179,-79.41430677728403,Store potentially hazardous foods at internal temperature between 4 C and 60 C - Sec. 27(1)
Miss Fu in ChengDu,2022-07-20,C - Crucial,43.77693739238389,-79.41505495138686,Fail to maintain records of food purchased  - Sec. 29(2)  
Miss Fu in ChengDu,2023-04-13,C - Crucial,43.77673109032437,-79.4153836670987,Fail to ensure food handler in food premise washes hands as necessary to prevent contamination of food - Sec. 33(1)(e) 
NAAN KABOB,2022-07-18,C - Crucial,43.70465969650353,-79.36137623952051,Store potentially hazardous foods at internal temperature between 4 C and 60 C - Sec. 27(1)
NAAN KABOB,2022-10-26,C - Crucial,43.70455280051271,-79.36189700937307,Fail to ensure food handler in food premise washes hands as necessary to prevent contamination of food - Sec. 33(1)(e) 
NAAN KABOB,2022-10-26,C - Crucial,43.70489817310545,-79.3608809392332,Fail to protect food from contamination or adulteration - Sec. 26(1) 
NAAN KABOB,2024-02-15,C - Crucial,43.704715951269854,-79.36200876694987,Store potentially hazardous foods at internal temperature between 4 C and 60 C - Sec. 27(1)
NAAN KABOB,2024-02-15,C - Crucial,43.70488679498751,-79.3618090504359,Fail to ensure food handler in food premise washes hands as necessary to prevent contamination of food areas - Sec.  33(1)(e)
NADEGE PATISSERIE,2022-08-11,C - Crucial,43.66539525905825,-79.41006984457371,Display potentially hazardous foods at internal temperature between 4 C and 60 C - Sec. 27(1)
NAKAMORI,2023-11-16,C - Crucial,43.726800955917284,-79.33476410894966,Maintain potentially hazardous foods at internal temperature between 4 C and 60 C -  Sec. 27(1)
NAMASTE INDIA - INDIAN CUISINE,2023-08-17,C - Crucial,43.665067100142245,-79.41331260934842,Fail to protect food from contamination or adulteration - Sec. 26(1) 
NAMASTE INDIA - INDIAN CUISINE,2023-08-17,C - Crucial,43.6651305921737,-79.41355770423634,Store potentially hazardous foods at internal temperature between 4 C and 60 C - Sec. 27(1)
NAMI RESTAURANT,2023-07-24,C - Crucial,43.650481684869156,-79.37613961946622,Refrigerate potentially hazardous foods at internal temperature above 4 C - Sec. 30(a)
NARCOS TACOS,2023-02-16,C - Crucial,43.7459901873573,-79.29348976801582,Fail to protect food from contamination or adulteration - Sec. 26(1) 
NARCOS TACOS,2024-04-10,C - Crucial,43.746180063715855,-79.29417449294989,Food premise maintained in manner to permit contamination of single-service articles - Sec. 7(1)(h)  
NARCOS TACOS,2024-04-10,C - Crucial,43.74617844632026,-79.29382059626111,Fail to protect food from contamination or adulteration - Sec. 26(1) 
NATIONS FRESH FOODS,2022-08-12,C - Crucial,43.67309210587663,-79.47044767306373,Fail to protect food from contamination or adulteration - Sec. 26(1) 
NAVS GROCERY,2022-10-17,C - Crucial,43.639976328069714,-79.37926767037735,Food premise maintained in manner to permit contamination of single-service containers - Sec. 7(1)(h)  
NEVIZADE KITCHEN AND BAR,2023-02-10,C - Crucial,43.699307483601,-79.39697893009784,Fail to protect food from contamination or adulteration - Sec. 26(1) 
NEW BAKERY,2022-06-29,C - Crucial,43.665486809551076,-79.35150517776542,Distribute potentially hazardous foods at internal temperature between 4 C and 60 C - Sec. 27(1)
NEW BAKERY,2022-06-29,C - Crucial,43.665413770431854,-79.35118400332175,Food premise maintained in manner permitting adverse effect on food - Sec. 7(1)(a)(iii) 
NEW CANTON KITCHEN,2023-07-11,C - Crucial,43.82199567382357,-79.29948676729043,Refrigerate potentially hazardous foods at internal temperature above 4 C - Sec. 30(a)
NEW CENTURY FOOD,2023-02-28,C - Crucial,43.832417025817406,-79.26601925672013,Display potentially hazardous foods at internal temperature between 4 C and 60 C - Sec. 27(1)
NEW CHAMSINE,2022-06-20,C - Crucial,43.6547463114201,-79.36974764397327,Store ice in unsanitary manner - Sec.  26(5) 
NEW DA FU SEAFOOD CUISINE,2023-04-24,C - Crucial,43.83187193651622,-79.26651584682891,Maintain potentially hazardous foods at internal temperature between 4 C and 60 C -  Sec. 27(1)
NEW DA FU SEAFOOD CUISINE,2023-04-24,C - Crucial,43.83238182805304,-79.26651185628012,Food premise maintained in manner permitting adverse effect on food - Sec. 7(1)(a)(iii) 
NEW DA FU SEAFOOD CUISINE,2023-08-24,C - Crucial,43.83200437809464,-79.26730520074157,Fail to protect food from contamination or adulteration - Sec. 26(1) 
NEW DA FU SEAFOOD CUISINE,2024-02-15,C - Crucial,43.83181811427947,-79.26705901190262,Fail to protect food from contamination or adulteration - Sec. 26(1) 
NEW FAMOUS INDIAN CUISINE,2023-03-16,C - Crucial,43.67191961678127,-79.32353389440661,Food premise maintained in manner permitting adverse effect on food - Sec. 7(1)(a)(iii) 
NEW HONG FATT BBQ RESTAURANT,2022-10-14,C - Crucial,43.65362425953449,-79.39588541434105,Refrigerate potentially hazardous foods at internal temperature above 4 C - Sec. 30(a)
NEW JAZEERA CAFE,2023-08-21,C - Crucial,43.699605486184566,-79.51064992784524,Fail to obtain food from source subject to inspection - Sec. 29(1)  
NEW KALYANI TAKE OUT & CATERING,2022-06-22,C - Crucial,43.730860246553995,-79.26705448098673,Store potentially hazardous foods at internal temperature between 4 C and 60 C - Sec. 27(1)
NEW KALYANI TAKE OUT & CATERING,2023-03-15,C - Crucial,43.730222733976674,-79.26657654595581,Store potentially hazardous foods at internal temperature between 4 C and 60 C - Sec. 27(1)
NEW KALYANI TAKE OUT & CATERING,2023-03-15,C - Crucial,43.73020990138881,-79.26687719736957,Fail to ensure food handler in food premise washes hands as necessary to prevent contamination of food - Sec. 33(1)(e) 
NEW KALYANI TAKE OUT & CATERING,2023-06-16,C - Crucial,43.73076135065776,-79.2663195149005,Fail to protect food from contamination or adulteration - Sec. 26(1) 
NEW KALYANI TAKE OUT & CATERING,2023-06-16,C - Crucial,43.73054286558108,-79.26721288557107,Maintain potentially hazardous foods at internal temperature between 4 C and 60 C -  Sec. 27(1)
NEW KALYANI TAKE OUT & CATERING,2023-10-30,C - Crucial,43.73066220375273,-79.26706170915735,Maintain potentially hazardous foods at internal temperature between 4 C and 60 C -  Sec. 27(1)
NEW KALYANI TAKE OUT & CATERING,2023-10-30,C - Crucial,43.730331660924264,-79.2662358215447,Fail to protect food from contamination or adulteration - Sec. 26(1) 
NEW KALYANI TAKE OUT & CATERING,2023-10-30,C - Crucial,43.730357691008656,-79.2666617174109,Refrigerate potentially hazardous foods at internal temperature above 4 C - Sec. 30(a)
NEW KALYANI TAKE OUT & CATERING,2024-04-08,C - Crucial,43.730776118949045,-79.26605417118925,Display potentially hazardous foods at internal temperature between 4 C and 60 C - Sec. 27(1)
NEW KALYANI TAKE OUT & CATERING,2024-04-08,C - Crucial,43.73043158891844,-79.2670744261106,Fail to protect food from contamination or adulteration - Sec. 26(1) 
NEW KING OF KINGS BAKERY,2024-03-07,C - Crucial,43.748382078973194,-79.52188060389825,Maintain potentially hazardous foods at internal temperature between 4 C and 60 C -  Sec. 27(1)
NEW KING OF KINGS BAKERY,2024-03-07,C - Crucial,43.748102261077875,-79.52178511008076,Fail to ensure food handler in food premise washes hands as necessary to prevent contamination of food - Sec. 33(1)(e) 
NEW KING OF KINGS BAKERY,2024-03-07,C - Crucial,43.7479966209759,-79.52167377196078,Food premise maintained in manner to permit contamination of single-service articles - Sec. 7(1)(h)  
NEW KING OF KINGS BAKERY,2024-03-07,C - Crucial,43.74827874721822,-79.5217449741403,Fail to protect food from contamination or adulteration - Sec. 26(1) 
NEW KING OF KINGS BAKERY,2024-05-24,C - Crucial,43.74788990995253,-79.52189875568152,Food premise maintained in manner permitting adverse effect on food - Sec. 7(1)(a)(iii) 
NEW KING OF KINGS BAKERY,2024-05-24,C - Crucial,43.747925794845436,-79.52210913028027,Food premise maintained in manner permitting health hazard (Insects) - Sec. 7(1)(a)(i)    
NEW NEROSHIKKA VARIETY STORE,2023-11-06,C - Crucial,43.703988223109654,-79.47670892786738,Fail to ensure room kept free from live birds or animals - Sec. 14(1)
NEW SKY RESTAURANT,2022-07-14,C - Crucial,43.65470963015183,-79.39876450452361,Fail to protect food from contamination or adulteration - Sec. 26(1) 
NINO D'AVERSA,2023-12-14,C - Crucial,43.75931773422506,-79.48988655927123,Store potentially hazardous foods at internal temperature between 4 C and 60 C - Sec. 27(1)
NINO D'AVERSA,2023-12-14,C - Crucial,43.75968873657418,-79.48993192544393,Store ice in unsanitary manner - Sec.  26(5) 
NO. 10 DEAN,2024-03-08,C - Crucial,43.710982471163895,-79.39384640733374,Fail to protect food from contamination or adulteration - Sec. 26(1) 
NO. 10 DEAN,2024-03-08,C - Crucial,43.710316917225136,-79.39394804424492,Display potentially hazardous foods at internal temperature between 4 C and 60 C - Sec. 27(1)
NOAH KOSHER SUSHI,2023-03-08,C - Crucial,43.74667279822929,-79.43603599532213,Fail to ensure food handler in food premise washes hands as necessary to prevent contamination of food - Sec. 33(1)(e) 
NOAH KOSHER SUSHI,2023-03-08,C - Crucial,43.747457813063285,-79.43535121108171,Fail to protect food from contamination or adulteration - Sec. 26(1) 
NOAH KOSHER SUSHI,2023-08-23,C - Crucial,43.74689576081467,-79.43609738143223,Fail to protect food from contamination or adulteration - Sec. 26(1) 
NODO LESLIEVILLE,2024-05-24,C - Crucial,43.66347869106014,-79.33179117203646,Fail to protect food from contamination or adulteration - Sec. 26(1) 
NOME IZAKAYA,2023-11-15,C - Crucial,43.76262436623545,-79.4117052162976,Store potentially hazardous foods at internal temperature between 4 C and 60 C - Sec. 27(1)
NOODLE ME,2023-10-16,C - Crucial,43.649535534413054,-79.48414941441796,Store ice in unsanitary manner - Sec.  26(5) 
NOODLE ME,2023-10-16,C - Crucial,43.64952491996091,-79.48367246180784,Fail to protect food from contamination or adulteration - Sec. 26(1) 
NORLING,2023-06-16,C - Crucial,43.64027355183101,-79.43832963989712,Fail to protect food from contamination or adulteration - Sec. 26(1) 
NORLING,2024-04-04,C - Crucial,43.64029284010179,-79.43827067524188,Fail to protect food from contamination or adulteration - Sec. 26(1) 
NORTH POLE BAKERY,2023-04-26,C - Crucial,43.68184984654196,-79.33192318226192,Food premise maintained in manner to permit contamination of single-service articles - Sec. 7(1)(h)  
NORTHERN MAVERICK GASTRO BREWERY,2022-08-04,C - Crucial,43.64433444673416,-79.40267784653622,Store potentially hazardous foods at internal temperature between 4 C and 60 C - Sec. 27(1)
NOT JUST BUTTER CHICKEN,2024-04-17,C - Crucial,43.68155328041511,-79.33008792676308,Food premise maintained in manner to permit contamination of single-service containers - Sec. 7(1)(h)  
NOT JUST BUTTER CHICKEN,2024-04-17,C - Crucial,43.68180707953618,-79.32965411609595,Fail to protect food from contamination or adulteration - Sec. 26(1) 
NOT JUST BUTTER CHICKEN,2024-04-17,C - Crucial,43.682178173266266,-79.32927566282778,Refrigerate potentially hazardous foods at internal temperature above 4 C - Sec. 30(a)
NOT JUST NOODLES,2023-04-03,C - Crucial,43.6649196173134,-79.3845157333552,Fail to protect food from contamination or adulteration - Sec. 26(1) 
NOVOTEL HOTEL,2022-10-05,C - Crucial,43.76898104697481,-79.41444828580747,Fail to protect food from contamination or adulteration - Sec. 26(1) 
NOZOMI,2023-08-08,C - Crucial,43.7273758793516,-79.43097944894679,Refrigerate potentially hazardous foods at internal temperature above 4 C - Sec. 30(a)
NOZOMI,2023-08-08,C - Crucial,43.7271142531399,-79.43133374321312,Store ice in unsanitary manner - Sec.  26(5) 
NUGGET HALAL PIZZA AND WINGS,2022-07-14,C - Crucial,43.79216298011562,-79.24902991676787,Fail to protect food from contamination or adulteration - Sec. 26(1) 
Naan & Kabob,2024-03-14,C - Crucial,43.794842632955486,-79.24038238271685,Refrigerate potentially hazardous foods at internal temperature above 4 C - Sec. 30(a)
New Banadir Restaurant,2024-05-06,C - Crucial,43.7002099187822,-79.50976773955342,Fail to ensure storage pallets designed to protect against contamination - Sec. 31
New Mirchi Dhaba,2023-10-03,C - Crucial,43.76730119895822,-79.22851203565035,Fail to protect food from contamination or adulteration - Sec. 26(1) 
New Quality Bakery,2023-08-31,C - Crucial,43.764817162043514,-79.28021614328148,Fail to protect food from contamination or adulteration - Sec. 26(1) 
New Quality Bakery,2024-04-30,C - Crucial,43.76443350395623,-79.2800895634412,Fail to protect food from contamination or adulteration - Sec. 26(1) 
OCHO,2023-11-16,C - Crucial,43.64971399992554,-79.39649612923289,Fail to ensure food handler in food premise refrains from conduct that could result in contamination of food - Sec. 33(1)(h) 
ODESSA,2023-03-31,C - Crucial,43.707365338974384,-79.44354751562922,Offer for sale ungraded eggs - Sec. 47(1)
OLD K FRIED CHICKEN,2023-12-04,C - Crucial,43.765562017363486,-79.40082605810704,Food premise maintained in manner to permit contamination of single-service containers - Sec. 7(1)(h)  
OLD K FRIED CHICKEN,2023-12-04,C - Crucial,43.765977776014836,-79.40075035578772,Fail to ensure food handler in food premise washes hands as necessary to prevent contamination of food - Sec. 33(1)(e) 
OLD K FRIED CHICKEN,2023-12-04,C - Crucial,43.765999759816886,-79.40078577177053,Fail to protect food from contamination or adulteration - Sec. 26(1) 
OLIVE KEBAB,2022-09-21,C - Crucial,43.60142463057214,-79.50104245711908,Fail to protect food from contamination or adulteration - Sec. 26(1) 
OMNI PALACE,2023-10-05,C - Crucial,43.761589735610215,-79.41061809639432,Fail to protect food from contamination or adulteration - Sec. 26(1) 
OMNI PALACE,2024-01-24,C - Crucial,43.76194809594153,-79.41100395462712,Maintain potentially hazardous foods at internal temperature between 4 C and 60 C -  Sec. 27(1)
OMNI PALACE,2024-01-24,C - Crucial,43.76198853464462,-79.4110907224314,Fail to protect food from contamination or adulteration - Sec. 26(1) 
OMNI PALACE,2024-01-24,C - Crucial,43.762303872537956,-79.41143833416032,Fail to ensure food handler in food premise washes hands as necessary to prevent contamination of food - Sec. 33(1)(e) 
ON THE ROCKS,2024-04-09,C - Crucial,43.650584033099165,-79.36821209466197,Fail to protect food from contamination or adulteration - Sec. 26(1) 
Omni Noodle,2023-05-10,C - Crucial,43.78553043616295,-79.27557583492998,Fail to ensure food handler in food premise washes hands as necessary to prevent contamination of food - Sec. 33(1)(e) 
OSMOW'S,2023-10-16,C - Crucial,43.65018904707223,-79.48340797117814,Fail to protect food from contamination or adulteration - Sec. 26(1) 
OSMOW'S,2022-09-09,C - Crucial,43.77298335827189,-79.50244275224563,Refrigerate potentially hazardous foods at internal temperature above 4 C - Sec. 30(a)
OWL OF MINERVA,2024-05-06,C - Crucial,43.772990096455565,-79.41429424397586,Fail to ensure food handler in food premise refrains from conduct that could result in contamination of food areas - Sec. 33(1)(h) 
OWL OF MINERVA,2023-05-15,C - Crucial,43.77313053290966,-79.4143816191328,Refrigerate potentially hazardous foods at internal temperature above 4 C - Sec. 30(a)
OYATO FOOD INC,2023-12-18,C - Crucial,43.697849740516205,-79.50261368441367,Fail to protect food from contamination or adulteration - Sec. 26(1) 
OYSTER MINE,2022-10-18,C - Crucial,43.70122109348112,-79.3971097320086,Store ice in unsanitary manner - Sec.  26(5) 
One Plus One,2023-03-22,C - Crucial,43.82162142763526,-79.29936128862302,Fail to protect food from contamination or adulteration - Sec. 26(1) 
One Plus One,2023-07-12,C - Crucial,43.82173915483757,-79.29930449601504,Fail to ensure storage pallets designed to protect against contamination - Sec. 31
PACIFIC FRESH FOOD MARKET,2023-01-16,C - Crucial,43.7699138797664,-79.52143718001518,Fail to protect food from contamination or adulteration - Sec. 26(1) 
PAI RESTAURANT,2023-05-19,C - Crucial,43.64796922787671,-79.38844898868703,Fail to protect food from contamination or adulteration - Sec. 26(1) 
PAISANO'S ITALIAN GARDEN CAFE,2022-11-21,C - Crucial,43.7641121510193,-79.40032498691026,Store potentially hazardous foods at internal temperature between 4 C and 60 C - Sec. 27(1)
PANTRY,2023-02-06,C - Crucial,43.72799712007877,-79.4318666152052,Fail to ensure food handler in food premise washes hands as necessary to prevent contamination of food - Sec. 33(1)(e) 
PANTRY,2023-02-06,C - Crucial,43.72816063842461,-79.43205055246673,Fail to protect food from contamination or adulteration - Sec. 26(1) 
PANTRY,2023-02-06,C - Crucial,43.727871179922246,-79.43208950224076,Store ice in unsanitary manner - Sec.  26(5) 
PAPA JOHNS PIZZA,2024-05-02,C - Crucial,43.65138822540911,-79.43969063670643,Refrigerate potentially hazardous foods at internal temperature above 4 C - Sec. 30(a)
PAPINO'S PIZZA,2022-06-24,C - Crucial,43.70610198510288,-79.50457168772733,Maintain potentially hazardous foods at internal temperature between 4 C and 60 C -  Sec. 27(1)
PARAMOUNT FINE FOODS,2022-12-20,C - Crucial,43.65523144833289,-79.38000888854666,Store potentially hazardous foods at internal temperature between 4 C and 60 C - Sec. 27(1)
PARAMOUNT FINE FOODS,2023-09-19,C - Crucial,43.77514540888955,-79.32577396674469,Fail to protect food from contamination or adulteration - Sec. 26(1) 
PARAMOUNT LEBANESE KITCHEN,2023-02-09,C - Crucial,43.72411548736831,-79.48903598722718,Maintain potentially hazardous foods at internal temperature between 4 C and 60 C -  Sec. 27(1)
PASSION +JUICE,2024-04-25,C - Crucial,43.720484992881154,-79.51228486468736,Refrigerate potentially hazardous foods at internal temperature above 4 C - Sec. 30(a)
PASTA GOODNESS,2023-02-28,C - Crucial,43.7094764774032,-79.4440898491192,Fail to protect food from contamination or adulteration - Sec. 26(1) 
PAT SPRING GARDEN MARKET,2023-03-06,C - Crucial,43.764441210930556,-79.40998869877629,Fail to ensure food handler in food premise washes hands as necessary to prevent contamination of food - Sec. 33(1)(e) 
PATISSERIE GATEAU,2023-08-14,C - Crucial,43.79597868680033,-79.41960295096905,Display potentially hazardous foods at internal temperature between 4 C and 60 C - Sec. 27(1)
PATNA KABAB HOUSE,2022-09-20,C - Crucial,43.743336207293204,-79.30199515289272,Fail to protect food from contamination or adulteration - Sec. 26(1) 
PATNA KABAB HOUSE,2023-06-27,C - Crucial,43.7434555445072,-79.3018021847593,Store potentially hazardous foods at internal temperature between 4 C and 60 C - Sec. 27(1)
PATNA KABAB HOUSE,2023-06-27,C - Crucial,43.744086039271,-79.30160582828948,Fail to protect food from contamination or adulteration - Sec. 26(1) 
PATNA KABAB HOUSE,2023-09-07,C - Crucial,43.74383109516809,-79.30195466595691,Fail to protect food from contamination or adulteration - Sec. 26(1) 
PATNA KABAB HOUSE,2024-01-09,C - Crucial,43.74370973947827,-79.30201150055457,Store potentially hazardous foods at internal temperature between 4 C and 60 C - Sec. 27(1)
PATNA KABAB HOUSE,2024-01-09,C - Crucial,43.74335315935231,-79.30214653038101,Fail to protect food from contamination or adulteration - Sec. 26(1) 
PAUL'S BREAKFAST AND BURGERS,2023-05-08,C - Crucial,43.80333570468564,-79.169609492273,Fail to protect food from contamination or adulteration - Sec. 26(1) 
PAVILLION PASTRIES,2022-08-17,C - Crucial,43.6881882026047,-79.3016185488947,Store potentially hazardous foods at internal temperature between 4 C and 60 C - Sec. 27(1)
PEARL HARBOURFRONT CHINESE CUISINE,2023-03-17,C - Crucial,43.63954662490468,-79.38103940849867,Fail to ensure food handler in food premise refrains from conduct that could result in contamination of food - Sec. 33(1)(h) 
PERFECT CHINESE RESTAURANT,2023-01-26,C - Crucial,43.787531422228064,-79.27089228803345,Fail to protect food from contamination or adulteration - Sec. 26(1) 
PERFECT CHINESE RESTAURANT,2023-08-11,C - Crucial,43.78726206834799,-79.2704141087295,Fail to protect food from contamination or adulteration - Sec. 26(1) 
PETIT POTATO,2023-06-19,C - Crucial,43.790868558111,-79.36591342618078,Store ice in unsanitary manner - Sec.  26(5) 
PETIT POTATO,2024-06-12,C - Crucial,43.76841035771943,-79.41223401878422,Fail to protect food from contamination or adulteration - Sec. 26(1) 
PETIT POTATO,2024-06-12,C - Crucial,43.76764991556949,-79.41157561756843,Maintain potentially hazardous foods at internal temperature between 4 C and 60 C -  Sec. 27(1)
PHEASANT AND FIRKIN,2024-03-19,C - Crucial,43.734952181617146,-79.41966480929528,Fail to ensure food handler in food premise refrains from conduct that could result in contamination of food areas - Sec. 33(1)(h) 
PHIL'S PLACE,2024-06-04,C - Crucial,43.6492732092062,-79.37188660182427,Store potentially hazardous foods at internal temperature between 4 C and 60 C - Sec. 27(1)
PHIL'S PLACE,2024-06-04,C - Crucial,43.64899156395155,-79.37185834272984,Fail to protect food from contamination or adulteration - Sec. 26(1) 
PHIL'S PLACE,2024-06-04,C - Crucial,43.648844272786505,-79.3719126688235,Fail to ensure food handler in food premise washes hands as necessary to prevent contamination of food - Sec. 33(1)(e) 
PHO AN VIETNAMESE CUISINE,2022-07-11,C - Crucial,43.75734537796284,-79.51718513035304,Fail to protect food from contamination or adulteration - Sec. 26(1) 
PHO ANH VU,2023-07-14,C - Crucial,43.71836996792527,-79.4557746409005,Fail to ensure food handler in food premise washes hands as necessary to prevent contamination of food - Sec. 33(1)(e) 
PHO ANH VU,2023-07-14,C - Crucial,43.717705839437826,-79.4555060406927,Store ice in unsanitary manner - Sec.  26(5) 
PHO ANH VU,2023-07-14,C - Crucial,43.71870120859994,-79.45636798455457,Maintain potentially hazardous foods at internal temperature between 4 C and 60 C -  Sec. 27(1)
PHO ANH VU,2023-07-14,C - Crucial,43.71844966290355,-79.45593146293724,Fail to protect food from contamination or adulteration - Sec. 26(1) 
PHO ANH VU,2024-04-08,C - Crucial,43.718148112840026,-79.45596023539936,Fail to protect food from contamination or adulteration - Sec. 26(1) 
PHO ANH VU,2024-04-08,C - Crucial,43.7183665489614,-79.45523226444722,Fail to ensure food handler in food premise washes hands as necessary to prevent contamination of food - Sec. 33(1)(e) 
PHO ANH VU,2024-04-08,C - Crucial,43.71799769195229,-79.45637164989151,Store potentially hazardous foods at internal temperature between 4 C and 60 C - Sec. 27(1)
DEAR SAIGON,2024-01-08,C - Crucial,43.77981042956612,-79.41593966360975,Store potentially hazardous foods at internal temperature between 4 C and 60 C - Sec. 27(1)
PHO CHALLENGE,2022-06-29,C - Crucial,43.688508444235595,-79.34810817903612,Fail to ensure food handler in food premise refrains from conduct that could result in contamination of food - Sec. 33(1)(h) 
PHO CHALLENGE,2022-06-29,C - Crucial,43.68863073611677,-79.34785704296527,Fail to protect food from contamination or adulteration - Sec. 26(1) 
PHO CHALLENGE,2022-06-29,C - Crucial,43.68877291514484,-79.34827179785476,Store ice in unsanitary manner - Sec.  26(5) 
PHO DAI THIEN,2023-06-08,C - Crucial,43.72037016437421,-79.50787907629069,Store potentially hazardous foods at internal temperature between 4 C and 60 C - Sec. 27(1)
PHO DAI THIEN,2023-10-27,C - Crucial,43.72002660029985,-79.50764779187253,Maintain potentially hazardous foods at internal temperature between 4 C and 60 C -  Sec. 27(1)
PHO DAI THIEN,2023-10-27,C - Crucial,43.71987693576706,-79.50789344289005,Store potentially hazardous foods at internal temperature between 4 C and 60 C - Sec. 27(1)
PHO DAU BO,2023-10-10,C - Crucial,43.761836846780746,-79.22408829759839,Refrigerate potentially hazardous foods at internal temperature above 4 C - Sec. 30(a)
PHO HUONG,2023-04-03,C - Crucial,43.665347991697665,-79.4685195856916,Maintain potentially hazardous foods at internal temperature between 4 C and 60 C -  Sec. 27(1)
PHO MI VIET HOA RESTAURANT,2022-07-12,C - Crucial,43.752533580965746,-79.5155233062672,Store potentially hazardous foods at internal temperature between 4 C and 60 C - Sec. 27(1)
PHO MI VIET HOA RESTAURANT,2022-09-22,C - Crucial,43.75129053102665,-79.51520435526592,Fail to protect food from contamination or adulteration - Sec. 26(1) 
PI CO PIZZA,2023-03-10,C - Crucial,43.735491796021606,-79.34432209326401,Refrigerate potentially hazardous foods at internal temperature above 4 C - Sec. 30(a)
PI CO.,2024-03-01,C - Crucial,43.67643388138838,-79.35806193024179,Fail to ensure food handler in food premise washes hands as necessary to prevent contamination of food - Sec. 33(1)(e) 
PIANO PIANO,2022-09-09,C - Crucial,43.663162417132604,-79.4031951312125,Fail to protect food from contamination or adulteration - Sec. 26(1) 
PIANO PIANO,2023-04-25,C - Crucial,43.66266242724858,-79.40272457374626,Fail to protect food from contamination or adulteration - Sec. 26(1) 
PICKLE BARREL GRAND AND CAFE,2023-08-23,C - Crucial,43.72516553712604,-79.44927380108513,Fail to ensure food handler in food premise refrains from conduct that could result in contamination of food - Sec. 33(1)(h) 
PIG OUT BBQ,2023-03-22,C - Crucial,43.66290314327947,-79.4022681040705,Fail to protect food from contamination or adulteration - Sec. 26(1) 
PINE HOUSE CAFE,2023-06-22,C - Crucial,43.79068680555996,-79.36790621866868,Fail to ensure storage racks designed to protect against contamination - Sec. 31
PINOY HUB,2023-06-07,C - Crucial,43.796317836490694,-79.4236741199025,Fail to protect food from contamination or adulteration - Sec. 26(1) 
PINOY HUB,2023-06-07,C - Crucial,43.79562064718965,-79.42345485330198,Hot-holding potentially hazardous foods at internal temperature below 60 C - Sec. 30(a)
PITA LAND,2022-11-24,C - Crucial,43.65673993128855,-79.37438961308982,Fail to protect food from contamination or adulteration - Sec. 26(1) 
PITA LAND,2023-01-06,C - Crucial,43.67192416581378,-79.37663811083017,Maintain potentially hazardous foods at internal temperature between 4 C and 60 C -  Sec. 27(1)
PITA PIT,2024-03-21,C - Crucial,43.67469876007716,-79.47034460617571,Fail to protect food from contamination or adulteration - Sec. 26(1) 
PITA WAY MEDITERRANEAN CUISINE,2022-12-15,C - Crucial,43.661321962178675,-79.38039973994547,Fail to protect food from contamination or adulteration - Sec. 26(1) 
PIZZA CAFE,2023-02-15,C - Crucial,43.737615841210015,-79.43494525954799,Maintain potentially hazardous foods at internal temperature between 4 C and 60 C -  Sec. 27(1)
PIZZA CAFE,2023-02-15,C - Crucial,43.73799200133975,-79.43456475457735,Fail to ensure food handler in food premise washes hands as necessary to prevent contamination of food - Sec. 33(1)(e) 
PIZZA CAFE,2023-07-18,C - Crucial,43.737839481432744,-79.43454649337274,Fail to ensure food handler in food premise washes hands as necessary to prevent contamination of food areas - Sec.  33(1)(e)
PIZZA FIAMMA,2023-04-03,C - Crucial,43.71693696386643,-79.5549370179485,Store potentially hazardous foods at internal temperature between 4 C and 60 C - Sec. 27(1)
PIZZA FIAMMA,2023-04-03,C - Crucial,43.7171129013376,-79.55421837348948,Fail to protect food from contamination or adulteration - Sec. 26(1) 
PIZZA PIZZA,2024-01-16,C - Crucial,43.66580648009532,-79.37998387993149,Store potentially hazardous foods at internal temperature between 4 C and 60 C - Sec. 27(1)
PIZZA PIZZA,2023-09-11,C - Crucial,43.63959121906287,-79.38119513518603,Store potentially hazardous foods at internal temperature between 4 C and 60 C - Sec. 27(1)
PIZZA PIZZA,2024-03-25,C - Crucial,43.6264944364085,-79.50294486025984,Fail to protect food from contamination or adulteration - Sec. 26(1) 
PIZZA PIZZA,2024-03-25,C - Crucial,43.626872015038494,-79.50254493544033,Fail to ensure food handler in food premise washes hands as necessary to prevent contamination of food - Sec. 33(1)(e) 
PIZZA PIZZA,2023-09-27,C - Crucial,43.661880753735375,-79.38315647613639,Store potentially hazardous foods at internal temperature between 4 C and 60 C - Sec. 27(1)
PIZZA PIZZA,2024-01-19,C - Crucial,43.64485639781663,-79.3809053753354,Refrigerate potentially hazardous foods at internal temperature above 4 C - Sec. 30(a)
PIZZA PIZZA,2023-01-13,C - Crucial,43.67110068495598,-79.32819112343768,Distribute potentially hazardous foods at internal temperature between 4 C and 60 C - Sec. 27(1)
PIZZA PROS,2023-03-23,C - Crucial,43.71435755947425,-79.55911280023909,Fail to ensure food handler in food premise refrains from conduct that could result in contamination of food - Sec. 33(1)(h) 
PIZZA RUSTICA,2022-07-15,C - Crucial,43.644836335569174,-79.39114510141485,Store potentially hazardous foods at internal temperature between 4 C and 60 C - Sec. 27(1)
PIZZA RUSTICA,2023-06-27,C - Crucial,43.64466986350179,-79.3918904862745,Fail to protect food from contamination or adulteration - Sec. 26(1) 
PIZZA RUSTICA,2023-09-22,C - Crucial,43.6449324199125,-79.3914889671854,Fail to protect food from contamination or adulteration - Sec. 26(1) 
PIZZA RUSTICA,2023-11-20,C - Crucial,43.64468888768003,-79.39212982118067,Fail to protect food from contamination or adulteration - Sec. 26(1) 
PIZZA SHAB,2022-11-01,C - Crucial,43.69986870831189,-79.39738294181376,Fail to ensure food handler in food premise washes hands as necessary to prevent contamination of food - Sec. 33(1)(e) 
PIZZA SHAB,2022-11-01,C - Crucial,43.6994145165492,-79.3968274206209,Fail to protect food from contamination or adulteration - Sec. 26(1) 
PIZZA SHAB,2023-08-03,C - Crucial,43.69979875679781,-79.39751971675388,Fail to protect food from contamination or adulteration - Sec. 26(1) 
PIZZA WINE DISCO,2023-08-30,C - Crucial,43.64334955718012,-79.40677445137581,Store ice in unsanitary manner - Sec.  26(5) 
PIZZA WINE DISCO,2023-12-27,C - Crucial,43.64363965450974,-79.40718447936464,Store ice in unsanitary manner - Sec.  26(5) 
PIZZA WINE DISCO,2024-03-12,C - Crucial,43.64370509394941,-79.40656515862995,Fail to protect food from contamination or adulteration - Sec. 26(1) 
PIZZAIOLO,2023-07-07,C - Crucial,43.68779093824276,-79.39427752385305,Fail to ensure food handler in food premise washes hands as necessary to prevent contamination of food - Sec. 33(1)(e) 
PIZZAIOLO,2024-03-06,C - Crucial,43.707380312983,-79.38938840690457,Food premise maintained in manner permitting adverse effect on food - Sec. 7(1)(a)(iii) 
PLANTA,2023-02-16,C - Crucial,43.670613123624776,-79.38970866121792,Fail to protect food from contamination or adulteration - Sec. 26(1) 
POGUE MAHONE PUB & KITCHEN,2022-07-22,C - Crucial,43.66066138675798,-79.38565771109721,Maintain potentially hazardous foods at internal temperature between 4 C and 60 C -  Sec. 27(1)
POORANI VILAAS,2022-06-20,C - Crucial,43.836340799837224,-79.24930171462589,Fail to protect food from contamination or adulteration - Sec. 26(1) 
POORANI VILAAS,2022-06-20,C - Crucial,43.83654349016318,-79.24958446545223,Fail to ensure food handler in food premise refrains from conduct that could result in contamination of food - Sec. 33(1)(h) 
POPA,2024-02-06,C - Crucial,43.769386735788764,-79.38836180938974,Fail to protect food from contamination or adulteration - Sec. 26(1) 
POPEYES LOUISIANA KITCHEN,2023-03-06,C - Crucial,43.83254323478656,-79.26652390218035,Fail to protect food from contamination or adulteration - Sec. 26(1) 
POPULAR CHINESE DINER,2022-11-08,C - Crucial,43.68401916407833,-79.39266575393135,Maintain potentially hazardous foods at internal temperature between 4 C and 60 C -  Sec. 27(1)
POPULAR CHINESE DINER,2022-11-08,C - Crucial,43.68388723551548,-79.39223266422137,Fail to protect food from contamination or adulteration - Sec. 26(1) 
POPULAR CHINESE DINER,2023-03-29,C - Crucial,43.683955031879925,-79.39239837279248,Fail to protect food from contamination or adulteration - Sec. 26(1) 
POPULAR CHINESE DINER,2024-04-03,C - Crucial,43.68352334669471,-79.39243162531598,Food premise maintained in manner permitting adverse effect on food - Sec. 7(1)(a)(iii) 
POTLICIOUS,2024-01-11,C - Crucial,43.804202573771754,-79.2866653872422,Fail to protect food from contamination or adulteration - Sec. 26(1) 
POUTINE SHACK - PRINCES NORTH - CNE 2022,2022-08-19,C - Crucial,43.63490469435555,-79.41121979289953,Maintain potentially hazardous foods at internal temperature between 4 C and 60 C -  Sec. 27(1)
PREETHI CATERING,2023-07-19,C - Crucial,43.77347487874085,-79.33563818306672,Store potentially hazardous foods at internal temperature between 4 C and 60 C - Sec. 27(1)
PREMI BROTHERS LTD,2023-05-23,C - Crucial,43.759401335467075,-79.29146394256546,Fail to protect food from contamination or adulteration - Sec. 26(1) 
PRISTINE FINE FOODS,2024-02-21,C - Crucial,43.61602954511508,-79.52068768029174,Fail to obtain food from source subject to inspection - Sec. 29(1)  
PRISTINE FINE FOODS,2024-02-21,C - Crucial,43.61659470455861,-79.520069177065,Fail to ensure room kept free from live birds or animals - Sec. 14(1)
PROGRESS PORTUGUESE BAKERY AND PASTRY,2022-06-20,C - Crucial,43.66676284855824,-79.43222032660584,Display potentially hazardous foods at internal temperature between 4 C and 60 C - Sec. 27(1)
PUPUSERIA EL BUEN SABOR,2024-01-18,C - Crucial,43.75158144276504,-79.5520799320889,Fail to protect food from contamination or adulteration - Sec. 26(1) 
PUPUSERIA EL BUEN SABOR,2024-01-18,C - Crucial,43.75155229465207,-79.5517428352827,Fail to ensure food handler in food premise washes hands as necessary to prevent contamination of food - Sec. 33(1)(e) 
PURE SPIRITS OYSTER HOUSE,2022-08-17,C - Crucial,43.65051784331318,-79.35894289029767,Store potentially hazardous foods at internal temperature between 4 C and 60 C - Sec. 27(1)
Panchvati Supermarket,2024-05-21,C - Crucial,43.77618144022085,-79.23089071035753,Fail to protect food from contamination or adulteration - Sec. 26(1) 
Panchvati Supermarket,2024-05-21,C - Crucial,43.776855705906456,-79.23044271914198,Maintain potentially hazardous foods at internal temperature between 4 C and 60 C -  Sec. 27(1)
Panchvati Supermarket,2022-09-21,C - Crucial,43.776202594178564,-79.23043607312762,Fail to ensure storage pallets designed to protect against contamination - Sec. 31
Panda Wok,2023-03-22,C - Crucial,43.70730180349972,-79.26961026383353,Fail to protect food from contamination or adulteration - Sec. 26(1) 
Panda Wok,2024-04-19,C - Crucial,43.707404750909866,-79.26930851408947,Fail to protect food from contamination or adulteration - Sec. 26(1) 
Papa Spicy / Shu Yi Tealicious,2023-08-02,C - Crucial,43.76141699167131,-79.40907735006057,Store potentially hazardous foods at internal temperature between 4 C and 60 C - Sec. 27(1)
Papa Spicy / Shu Yi Tealicious,2024-04-16,C - Crucial,43.761292553036384,-79.40928872504482,Fail to protect food from contamination or adulteration - Sec. 26(1) 
Pariwar Restaurant,2023-09-26,C - Crucial,43.74263138235522,-79.30898752787735,Fail to protect food from contamination or adulteration - Sec. 26(1) 
Pho Cuu Long Mien Tay,2023-01-04,C - Crucial,43.740387242213345,-79.51382401554973,Fail to protect food from contamination or adulteration - Sec. 26(1) 
Pizza Depot,2022-09-15,C - Crucial,43.77606690921211,-79.23454733980077,Store potentially hazardous foods at internal temperature between 4 C and 60 C - Sec. 27(1)
Playa Cabana Bar Esquina,2023-12-21,C - Crucial,43.70776987265225,-79.39815261460038,Fail to process food in manner safe to eat - Sec. 26(2)
Pot Rice and Rolls House,2022-10-13,C - Crucial,43.821530907134424,-79.2992215219401,Maintain potentially hazardous foods at internal temperature between 4 C and 60 C -  Sec. 27(1)
Pot Rice and Rolls House,2022-10-17,C - Crucial,43.821780651468025,-79.29878880224443,Maintain potentially hazardous foods at internal temperature between 4 C and 60 C -  Sec. 27(1)
QING SHU SPICY HOTPOT,2024-03-14,C - Crucial,43.770559837248875,-79.41298581795593,Store potentially hazardous foods at internal temperature between 4 C and 60 C - Sec. 27(1)
QING SHU SPICY HOTPOT,2024-03-14,C - Crucial,43.77093353738135,-79.4134145844822,Fail to protect food from contamination or adulteration - Sec. 26(1) 
QINTHAI CUISINE,2023-10-18,C - Crucial,43.67939430734984,-79.47272451690434,Fail to protect food from contamination or adulteration - Sec. 26(1) 
QUAN NGON,2023-11-06,C - Crucial,43.75161827406824,-79.51562450505087,Fail to ensure food handler in food premise washes hands as necessary to prevent contamination of food - Sec. 33(1)(e) 
QUAN NGON,2023-11-06,C - Crucial,43.75217862077705,-79.5158654137711,Store ice in unsanitary manner - Sec.  26(5) 
QUEEN CITY YACHT CLUB,2022-08-12,C - Crucial,43.62965773368332,-79.35911699211586,Fail to protect food from contamination or adulteration - Sec. 26(1) 
QUEEN CITY YACHT CLUB,2022-08-12,C - Crucial,43.62982972702718,-79.35883584513613,Maintain potentially hazardous foods at internal temperature between 4 C and 60 C -  Sec. 27(1)
QUEEN SHAWARMA,2023-06-20,C - Crucial,43.644049130026715,-79.41875808295748,Fail to ensure food handler in food premise washes hands as necessary to prevent contamination of food - Sec. 33(1)(e) 
QUEEN SHAWARMA,2023-06-20,C - Crucial,43.644383079852815,-79.41791620172496,Maintain potentially hazardous foods at internal temperature between 4 C and 60 C -  Sec. 27(1)
QUEEN SHAWARMA,2024-01-17,C - Crucial,43.644590495164394,-79.41863562071553,Fail to ensure food handler in food premise washes hands as necessary to prevent contamination of food - Sec. 33(1)(e) 
QUEEN SHAWARMA,2024-01-17,C - Crucial,43.64414247196506,-79.41834382195508,Maintain potentially hazardous foods at internal temperature between 4 C and 60 C -  Sec. 27(1)
QUEEN STAR RESTAURANT,2023-06-06,C - Crucial,43.64281896311109,-79.42358201221158,Fail to protect food from contamination or adulteration - Sec. 26(1) 
QUEEN STREET WAREHOUSE,2022-07-12,C - Crucial,43.65003888190215,-79.39042022846189,Maintain potentially hazardous foods at internal temperature between 4 C and 60 C -  Sec. 27(1)
QUEEN STREET WAREHOUSE,2022-08-29,C - Crucial,43.65008621605906,-79.390486839562,Maintain potentially hazardous foods at internal temperature between 4 C and 60 C -  Sec. 27(1)
QUEEN STREET WAREHOUSE,2022-08-29,C - Crucial,43.650048208086595,-79.39044388459772,Food premise maintained in manner permitting adverse effect on food - Sec. 7(1)(a)(iii) 
QUEEN STREET WAREHOUSE,2022-08-29,C - Crucial,43.65019905905427,-79.3901456376441,Fail to protect food from contamination or adulteration - Sec. 26(1) 
QUEENS TAKEOUT,2024-06-17,C - Crucial,43.818649874826384,-79.21961278816504,Maintain potentially hazardous foods at internal temperature between 4 C and 60 C -  Sec. 27(1)
QUEENS TAKEOUT,2024-06-17,C - Crucial,43.8185138309667,-79.21967546258362,Fail to protect food from contamination or adulteration - Sec. 26(1) 
QUICK STORE,2022-08-31,C - Crucial,43.748742476520086,-79.58456461093326,Fail to protect food from contamination or adulteration - Sec. 26(1) 
R  BAKERY,2024-03-13,C - Crucial,43.74896443308118,-79.5622273066406,Fail to ensure storage racks designed to protect against contamination - Sec. 31
R BAKERY CAFE,2023-02-27,C - Crucial,43.70615902029534,-79.44328968344608,Sell potentially hazardous foods at internal temperature between 4 C and 60 C - Sec. 27(1)
R BAKERY CAFE,2023-02-27,C - Crucial,43.7061891950889,-79.443376891624,Store ice in unsanitary manner - Sec.  26(5) 
R BAKERY CAFE,2023-02-27,C - Crucial,43.70629380909359,-79.4427694831949,Fail to protect food from contamination or adulteration - Sec. 26(1) 
R BAKERY CAFE,2023-02-27,C - Crucial,43.706207228510316,-79.44280563764168,Fail to ensure food handler in food premise washes hands as necessary to prevent contamination of food - Sec. 33(1)(e) 
RABBA MARCHE,2024-03-04,C - Crucial,43.64267082365151,-79.39235225240209,Fail to protect food from contamination or adulteration - Sec. 26(1) 
RABBA MARCHE,2024-03-04,C - Crucial,43.64286593716547,-79.39205925711468,Fail to ensure food handler in food premise washes hands as necessary to prevent contamination of food - Sec. 33(1)(e) 
RADHUNI,2023-08-15,C - Crucial,43.69132144750254,-79.28808334043003,Food premise maintained in manner permitting adverse effect on food - Sec. 7(1)(a)(iii) 
RADHUNI,2023-08-15,C - Crucial,43.691511147789136,-79.28802497440577,Maintain potentially hazardous foods at internal temperature between 4 C and 60 C -  Sec. 27(1)
RAHIER,2023-10-10,C - Crucial,43.706009225060384,-79.37573225444316,Refrigerate potentially hazardous foods at internal temperature above 4 C - Sec. 30(a)
RAJAH RAM CATERERS,2023-08-25,C - Crucial,43.813086874701874,-79.25846692915225,Fail to protect food from contamination or adulteration - Sec. 26(1) 
RAMEN BUTA-NIBO,2023-09-22,C - Crucial,43.678062338199524,-79.347518576435,Fail to ensure storage racks designed to protect against contamination - Sec. 31
REAL CANADIAN SUPERSTORE,2022-09-28,C - Crucial,43.72217220484657,-79.33908059996088,Store potentially hazardous foods at internal temperature between 4 C and 60 C - Sec. 27(1)
REAL CANADIAN SUPERSTORE,2023-01-25,C - Crucial,43.71040313951071,-79.53411974678444,Display potentially hazardous foods at internal temperature between 4 C and 60 C - Sec. 27(1)
RED LOBSTER,2023-06-07,C - Crucial,43.71869013445224,-79.45579336419456,Fail to protect food from contamination or adulteration - Sec. 26(1) 
RED LOUNGE,2022-12-08,C - Crucial,43.65746892756812,-79.40002796484862,Fail to protect food from contamination or adulteration - Sec. 26(1) 
REDPATH JUICERY,2024-02-22,C - Crucial,43.70785307595042,-79.39304193323002,Fail to protect food from contamination or adulteration - Sec. 26(1) 
REHMAH HALAL CHINESE FOOD,2024-05-29,C - Crucial,43.78775918344247,-79.26799989839218,Fail to protect food from contamination or adulteration - Sec. 26(1) 
REHRI HOUSE,2023-02-09,C - Crucial,43.736029646012085,-79.60235541149488,Fail to protect food from contamination or adulteration - Sec. 26(1) 
REPUBLIKA RESTOBAR AND GRILL,2022-08-16,C - Crucial,43.73766640701578,-79.43481059101575,Store potentially hazardous foods at internal temperature between 4 C and 60 C - Sec. 27(1)
REPUBLIKA RESTOBAR AND GRILL,2022-08-16,C - Crucial,43.737057223916075,-79.43482696340995,Sell potentially hazardous foods at internal temperature between 4 C and 60 C - Sec. 27(1)
REPUBLIKA RESTOBAR AND GRILL,2023-02-02,C - Crucial,43.7376011181835,-79.43504049244157,Maintain potentially hazardous foods at internal temperature between 4 C and 60 C -  Sec. 27(1)
RITZ RESTAURANT,2023-11-28,C - Crucial,43.69231480530222,-79.34238716268642,Fail to protect food from contamination or adulteration - Sec. 26(1) 
RIVER GAMBLER,2022-08-30,C - Crucial,43.64204122047565,-79.35022887752756,Food premise maintained in manner permitting health hazard - Sec. 7(1)(a)(i)    
RIVER GAMBLER,2022-08-30,C - Crucial,43.64163761350479,-79.3503052594982,Fail to provide food premise with adequate potable water supply - Sec.  7(3)(a)  
ROBO SUSHI,2023-04-18,C - Crucial,43.75407938308875,-79.34980480501704,Fail to ensure food handler in food premise refrains from conduct that could result in contamination of food - Sec. 33(1)(h) 
ROBO SUSHI,2023-11-30,C - Crucial,43.75426325955914,-79.3503290362652,Fail to ensure food handler in food premise refrains from conduct that could result in contamination of food - Sec. 33(1)(h) 
ROBOT BOIL HOUSE,2023-04-17,C - Crucial,43.674266952888274,-79.3881696216942,Fail to protect food from contamination or adulteration - Sec. 26(1) 
ROLLTATION,2023-11-08,C - Crucial,43.64157758205144,-79.37971417165346,Refrigerate potentially hazardous foods at internal temperature above 4 C - Sec. 30(a)
ROSA BRANCA CAFE,2023-10-31,C - Crucial,43.65477322543544,-79.4221983495142,Store potentially hazardous foods at internal temperature between 4 C and 60 C - Sec. 27(1)
ROYAL BISTRO,2022-10-06,C - Crucial,43.6189590855159,-79.49981093667441,Fail to protect food from contamination or adulteration - Sec. 26(1) 
ROYAL PAAN,2023-04-04,C - Crucial,43.70778486249506,-79.34281500265452,Store potentially hazardous foods at internal temperature between 4 C and 60 C - Sec. 27(1)
ROYAL PAAN,2023-10-26,C - Crucial,43.707769888854806,-79.3438424645962,Maintain potentially hazardous foods at internal temperature between 4 C and 60 C -  Sec. 27(1)
ROYALTEE COFFEE,2023-07-14,C - Crucial,43.76307789825206,-79.28087019026201,Fail to protect food from contamination or adulteration - Sec. 26(1) 
RUBY'S TAKE-OUT & CATERING,2023-10-26,C - Crucial,43.768015733002876,-79.22872392831158,Maintain potentially hazardous foods at internal temperature between 4 C and 60 C -  Sec. 27(1)
RUBY'S TAKE-OUT & CATERING,2024-04-02,C - Crucial,43.76751113314166,-79.22909342705564,Fail to protect food from contamination or adulteration - Sec. 26(1) 
RUCHI #1,2022-08-02,C - Crucial,43.80325613003581,-79.19893965685122,Fail to protect food from contamination or adulteration - Sec. 26(1) 
RUCHI #1,2024-06-12,C - Crucial,43.80345963293997,-79.19918934709244,Maintain potentially hazardous foods at internal temperature between 4 C and 60 C -  Sec. 27(1)
RUSTLE & STILL,2022-08-09,C - Crucial,43.66440041792474,-79.41339761951214,Store potentially hazardous foods at internal temperature between 4 C and 60 C - Sec. 27(1)
RUSTLE & STILL,2022-08-09,C - Crucial,43.66410957926526,-79.41315472463238,Fail to protect food from contamination or adulteration - Sec. 26(1) 
RUTH'S CATERING & TAKEOUT,2024-04-15,C - Crucial,43.7322524862324,-79.27010018262992,Maintain potentially hazardous foods at internal temperature between 4 C and 60 C -  Sec. 27(1)
RUTH'S CATERING AND TAKEOUT,2022-12-02,C - Crucial,43.774019507033735,-79.24071937005353,Maintain potentially hazardous foods at internal temperature between 4 C and 60 C -  Sec. 27(1)
RUTH'S CATERING AND TAKEOUT,2022-12-02,C - Crucial,43.774257422833074,-79.24136736713551,Store potentially hazardous foods at internal temperature between 4 C and 60 C - Sec. 27(1)
RUTH'S CATERING AND TAKEOUT,2022-12-02,C - Crucial,43.77405806817644,-79.24098440225373,Fail to protect food from contamination or adulteration - Sec. 26(1) 
RUTH'S CATERING AND TAKEOUT,2023-04-05,C - Crucial,43.773831004352125,-79.24173855796391,Fail to protect food from contamination or adulteration - Sec. 26(1) 
RUTH'S CATERING AND TAKEOUT,2023-08-17,C - Crucial,43.77430377889741,-79.24150983650132,Refrigerate potentially hazardous foods at internal temperature above 4 C - Sec. 30(a)
RUTH'S CATERING AND TAKEOUT,2023-08-17,C - Crucial,43.774227666868235,-79.2413369695616,Maintain potentially hazardous foods at internal temperature between 4 C and 60 C -  Sec. 27(1)
RUTH'S CATERING AND TAKEOUT,2023-08-17,C - Crucial,43.773718700073445,-79.24138031982399,Fail to protect food from contamination or adulteration - Sec. 26(1) 
RUTH'S CATERING AND TAKEOUT,2023-11-29,C - Crucial,43.774161866225235,-79.24148521365245,Fail to protect food from contamination or adulteration - Sec. 26(1) 
RUTH'S CATERING AND TAKEOUT,2023-11-29,C - Crucial,43.774041529806325,-79.24187717863923,Maintain potentially hazardous foods at internal temperature between 4 C and 60 C -  Sec. 27(1)
RYUS NOODLE BAR,2024-05-21,C - Crucial,43.67722851464732,-79.35883794316574,Refrigerate potentially hazardous foods at internal temperature above 4 C - Sec. 30(a)
SAFARI BAR AND GRILL,2023-09-19,C - Crucial,43.729223640309165,-79.4176476342903,Store ice in unsanitary manner - Sec.  26(5) 
SAI-LILA KHAMAN DHOKLA HOUSE,2022-08-12,C - Crucial,43.7686131564329,-79.22888568303692,Fail to protect food from contamination or adulteration - Sec. 26(1) 
SAI-LILA KHAMAN DHOKLA HOUSE,2023-07-07,C - Crucial,43.76764732282613,-79.22898186426835,Fail to protect food from contamination or adulteration - Sec. 26(1) 
SAM'S FOOD STORE,2022-11-08,C - Crucial,43.69185320163932,-79.4403146120668,Maintain potentially hazardous foods at internal temperature between 4 C and 60 C -  Sec. 27(1)
SAM'S FOOD STORE,2023-06-13,C - Crucial,43.65766622118351,-79.37151702716714,Display potentially hazardous foods at internal temperature between 4 C and 60 C - Sec. 27(1)
SAMMI,2024-05-14,C - Crucial,43.680388087976006,-79.3400627633516,Fail to protect food from contamination or adulteration - Sec. 26(1) 
SAMOSA PALACE,2022-10-15,C - Crucial,43.748147498073905,-79.47943765674856,Store potentially hazardous foods at internal temperature between 4 C and 60 C - Sec. 27(1)
SAMPAGUITA VILLAGE RESTAURANT,2023-11-01,C - Crucial,43.73694238527779,-79.43657007750714,Fail to ensure food handler in food premise washes hands as necessary to prevent contamination of food areas - Sec.  33(1)(e)
SAMRAT INDIAN CUISINE,2024-03-26,C - Crucial,43.6554338609354,-79.4157984943903,Fail to protect food from contamination or adulteration - Sec. 26(1) 
SAN FRANCESCO ITALIAN SANDWICHES - FB 707 - CNE 2024,2022-08-30,C - Crucial,43.63691873529661,-79.40975358878616,Store potentially hazardous foods at internal temperature between 4 C and 60 C - Sec. 27(1)
SANDBOX DAY CARE,2024-05-30,C - Crucial,43.76501253134713,-79.20592581292037,Maintain potentially hazardous foods at internal temperature between 4 C and 60 C -  Sec. 27(1)
SANQIN RESTAURANT,2023-10-18,C - Crucial,43.76022393982223,-79.4113452816178,Fail to ensure food handler in food premise washes hands as necessary to prevent contamination of food - Sec. 33(1)(e) 
SARKER FOODS,2022-10-04,C - Crucial,43.691234119585786,-79.29091639351374,Fail to protect food from contamination or adulteration - Sec. 26(1) 
SARKER FOODS,2022-10-04,C - Crucial,43.69085217756976,-79.29115213903309,Store potentially hazardous foods at internal temperature between 4 C and 60 C - Sec. 27(1)
SARKER FOODS,2023-06-29,C - Crucial,43.690590915608055,-79.2913351087257,Food premise maintained in manner permitting adverse effect on food - Sec. 7(1)(a)(iii) 
SATAY ON THE ROAD,2024-01-25,C - Crucial,43.705261417376086,-79.3757181107479,Offer for sale potentially hazardous foods at internal temperature between 4 C and 60 C - Sec. 27(1)
SATAY ON THE ROAD,2024-01-25,C - Crucial,43.70550477320907,-79.37509102346525,Fail to ensure food handler in food premise refrains from conduct that could result in contamination of food - Sec. 33(1)(h) 
SAVOURS FRESH MARKET,2022-07-05,C - Crucial,43.71737343350165,-79.42930621785402,Store potentially hazardous foods at internal temperature between 4 C and 60 C - Sec. 27(1)
SAVOURS FRESH MARKET,2024-03-27,C - Crucial,43.717224601245114,-79.42923901061971,Maintain potentially hazardous foods at internal temperature between 4 C and 60 C -  Sec. 27(1)
SCADDABUSH ITALIAN KITCHEN & BAR,2024-05-16,C - Crucial,43.73642810020683,-79.34402609028159,Store potentially hazardous foods at internal temperature between 4 C and 60 C - Sec. 27(1)
SCARBOROUGH RETIREMENT RESIDENCE,2023-01-10,C - Crucial,43.740649343422405,-79.219041794033,Fail to protect food from contamination or adulteration - Sec. 26(1) 
SCARBOROUGH RETIREMENT RESIDENCE,2023-05-01,C - Crucial,43.74068955184304,-79.21850069565647,Fail to protect food from contamination or adulteration - Sec. 26(1) 
SCARBOROUGH RETIREMENT RESIDENCE,2023-05-01,C - Crucial,43.74078501391986,-79.21860235550938,Store potentially hazardous foods at internal temperature between 4 C and 60 C - Sec. 27(1)
SCARBOROUGH RETIREMENT RESIDENCE,2024-05-28,C - Crucial,43.74153795263664,-79.21847508357976,Food premise maintained in manner permitting adverse effect on food - Sec. 7(1)(a)(iii) 
SCHOOL,2023-11-23,C - Crucial,43.63774300225925,-79.4246972496732,Fail to ensure storage racks designed to protect against contamination - Sec. 31
SCHOOL,2023-11-23,C - Crucial,43.637394059799966,-79.42468872651247,Fail to ensure food handler in food premise refrains from conduct that could result in contamination of food - Sec. 33(1)(h) 
SEARA BAKERY,2023-06-15,C - Crucial,43.702832213207316,-79.47637665437207,Store ice in unsanitary manner - Sec.  26(5) 
SEASPRAY,2023-02-02,C - Crucial,43.678247615146,-79.29804386182327,Fail to protect food from contamination or adulteration - Sec. 26(1) 
SECOND CUP,2022-12-20,C - Crucial,43.71934959883407,-79.43150479640946,Fail to protect food from contamination or adulteration - Sec. 26(1) 
SECOND CUP,2023-10-04,C - Crucial,43.66519739901965,-79.38763657155862,Fail to protect food from contamination or adulteration - Sec. 26(1) 
SECOND CUP,2023-10-11,C - Crucial,43.66525529779859,-79.3875982130296,Food premise maintained in manner to permit contamination of single-service containers - Sec. 7(1)(h)  
SECOND CUP COFFEE,2023-08-31,C - Crucial,43.688575222392735,-79.41243212491878,Maintain potentially hazardous foods at internal temperature between 4 C and 60 C -  Sec. 27(1)
SECOND CUP COFFEE,2023-08-31,C - Crucial,43.688604062471285,-79.41258917427015,Store ice in unsanitary manner - Sec.  26(5) 
SEOUL HOUSE,2023-04-20,C - Crucial,43.71867405080351,-79.45597358240028,Fail to ensure food handler in food premise washes hands as necessary to prevent contamination of food - Sec. 33(1)(e) 
SEOUL HOUSE,2023-04-20,C - Crucial,43.718084577559175,-79.45593696238478,Store ice in unsanitary manner - Sec.  26(5) 
SEOUL HOUSE,2023-04-20,C - Crucial,43.718448031845504,-79.45570955213347,Fail to protect food from contamination or adulteration - Sec. 26(1) 
SERANO BAKERY,2023-07-10,C - Crucial,43.682995009194855,-79.34696514119821,Fail to protect food from contamination or adulteration - Sec. 26(1) 
SHAHEEN TIKKA KABAB HOUSE,2023-05-02,C - Crucial,43.71367765938406,-79.33577025293357,Fail to protect food from contamination or adulteration - Sec. 26(1) 
SHAHEEN TIKKA KABAB HOUSE,2024-04-10,C - Crucial,43.71379987394976,-79.3355787539181,Fail to protect food from contamination or adulteration - Sec. 26(1) 
SHAHI RASOI,2023-03-22,C - Crucial,43.70607117171969,-79.34619761993173,Fail to ensure food handler in food premise washes hands as necessary to prevent contamination of food - Sec. 33(1)(e) 
SHAHI RASOI,2023-03-22,C - Crucial,43.70511492151542,-79.34574749698882,Maintain potentially hazardous foods at internal temperature between 4 C and 60 C -  Sec. 27(1)
SHAHI RASOI,2023-03-22,C - Crucial,43.70565120639769,-79.34651568982758,Fail to protect food from contamination or adulteration - Sec. 26(1) 
SHAHI RASOI,2023-05-10,C - Crucial,43.75706661686267,-79.312730659432,Fail to protect food from contamination or adulteration - Sec. 26(1) 
SHALOM ETHIOPIAN RESTAURANT,2022-08-02,C - Crucial,43.667423489870195,-79.36931132655906,Store potentially hazardous foods at internal temperature between 4 C and 60 C - Sec. 27(1)
SHALOM ETHIOPIAN RESTAURANT,2022-08-02,C - Crucial,43.667352362824346,-79.36896371573357,Store ice in unsanitary manner - Sec.  26(5) 
SHAMBHALA KITCHEN,2023-07-21,C - Crucial,43.640955211088375,-79.43382334405683,Fail to protect food from contamination or adulteration - Sec. 26(1) 
SHANGHAI 360,2024-06-17,C - Crucial,43.777441512849,-79.34480027496171,Maintain potentially hazardous foods at internal temperature between 4 C and 60 C -  Sec. 27(1)
SHAWARBITE,2024-02-07,C - Crucial,43.74792847756028,-79.34895889646326,Maintain potentially hazardous foods at internal temperature between 4 C and 60 C -  Sec. 27(1)
SHAWARMA CLUB,2023-08-18,C - Crucial,43.64905138811971,-79.54920334103959,Store potentially hazardous foods at internal temperature between 4 C and 60 C - Sec. 27(1)
SHAWARMA CLUB,2023-08-18,C - Crucial,43.64968057711428,-79.54957964752643,Fail to protect food from contamination or adulteration - Sec. 26(1) 
SHAWARMA CLUB,2023-08-18,C - Crucial,43.6491260012538,-79.54988605747086,Fail to maintain records of food purchased  - Sec. 29(2)  
SHAWARMA DADDY,2022-08-11,C - Crucial,43.78557314330175,-79.27966622881843,Fail to protect food from contamination or adulteration - Sec. 26(1) 
SHAWARMA MAX,2023-09-11,C - Crucial,43.76981838516881,-79.41341410110518,Store potentially hazardous foods at internal temperature between 4 C and 60 C - Sec. 27(1)
SHAWARMA MAX,2024-03-20,C - Crucial,43.7693765847071,-79.41336969952273,Fail to protect food from contamination or adulteration - Sec. 26(1) 
SHAWARMA MOOSE,2023-07-28,C - Crucial,43.65400994912805,-79.42536126217173,Fail to protect food from contamination or adulteration - Sec. 26(1) 
SHAWARMA Q,2023-05-02,C - Crucial,43.66498903788675,-79.38733372100168,Fail to protect food from contamination or adulteration - Sec. 26(1) 
SHAWL CAFE,2024-02-23,C - Crucial,43.66170728861511,-79.42616661602723,Store potentially hazardous foods at internal temperature between 4 C and 60 C - Sec. 27(1)
SHINYI HANDMADE DUMPLINGS,2022-11-18,C - Crucial,43.66754305806549,-79.3859160821767,Fail to protect food from contamination or adulteration - Sec. 26(1) 
SHIRIN KEBAB,2024-04-16,C - Crucial,43.725417456402305,-79.29986203125762,Fail to protect food from contamination or adulteration - Sec. 26(1) 
SHISH,2023-03-30,C - Crucial,43.66293942027027,-79.3308377277751,Fail to protect food from contamination or adulteration - Sec. 26(1) 
SHOELESS JOE'S SPORTS GRILL,2023-07-10,C - Crucial,43.67284423720439,-79.47117823656819,Store ice in unsanitary manner - Sec.  26(5) 
SHOELESS JOE'S SPORTS GRILL,2023-10-23,C - Crucial,43.67260752341029,-79.47102652487673,Fail to protect food from contamination or adulteration - Sec. 26(1) 
SHOELESS JOE'S SPORTS GRILL,2023-04-20,C - Crucial,43.71868400352734,-79.45604263237998,Store potentially hazardous foods at internal temperature between 4 C and 60 C - Sec. 27(1)
SHOELESS JOE'S SPORTS GRILL,2023-08-28,C - Crucial,43.71803370444009,-79.45555573463344,Fail to protect food from contamination or adulteration - Sec. 26(1) 
SHOPPERS DRUG MART,2024-02-14,C - Crucial,43.64625999397002,-79.3923601064267,Fail to protect food from contamination or adulteration - Sec. 26(1) 
SHOPPERS DRUG MART,2024-03-01,C - Crucial,43.64638393329213,-79.39228266035302,Fail to protect food from contamination or adulteration - Sec. 26(1) 
SHOUSHIN,2022-11-16,C - Crucial,43.73144516098937,-79.40400579398462,Fail to protect food from contamination or adulteration - Sec. 26(1) 
SHUN HING NOODLES & FOOD PRODUCTS LTD,2023-04-25,C - Crucial,43.807045732017116,-79.24425745525716,Fail to ensure food handler in food premise washes hands as necessary to prevent contamination of food areas - Sec.  33(1)(e)
SHY COFFEE COMPANY,2024-06-10,C - Crucial,43.643430394772864,-79.40569150055785,Store potentially hazardous foods at internal temperature between 4 C and 60 C - Sec. 27(1)
SHY COFFEE COMPANY,2024-06-10,C - Crucial,43.643499197505875,-79.40519467723506,Food premise maintained in manner permitting adverse effect on food - Sec. 7(1)(a)(iii) 
SI LOM THAI BISTRO,2023-11-13,C - Crucial,43.66506785528823,-79.38131698648347,Fail to protect food from contamination or adulteration - Sec. 26(1) 
SIDEBAR,2023-03-22,C - Crucial,43.67579397627383,-79.35740772121875,Fail to protect food from contamination or adulteration - Sec. 26(1) 
SIEMPRE RESTAURANT,2022-07-15,C - Crucial,43.643538952167646,-79.39225170765859,Store potentially hazardous foods at internal temperature between 4 C and 60 C - Sec. 27(1)
SIGNATURE FINE DINING RESTAURANT,2024-03-15,C - Crucial,43.647630965390896,-79.38678255622794,Fail to protect food from contamination or adulteration - Sec. 26(1) 
SIGNATURE FINE DINING RESTAURANT,2024-03-15,C - Crucial,43.64759908683276,-79.38703408086707,Store potentially hazardous foods at internal temperature between 4 C and 60 C - Sec. 27(1)
SILVA GROCERIES LTD.,2023-12-07,C - Crucial,43.67025755005677,-79.45530857919378,Have on food premise meat not labelled - Sec. 38(1)
SILVA GROCERIES LTD.,2023-12-07,C - Crucial,43.670015087904694,-79.45573151000447,Fail to protect food from contamination or adulteration - Sec. 26(1) 
SILVER POT RESTAURANT VEG& NON VEG,2024-04-17,C - Crucial,43.75122736259611,-79.26146881242411,Store potentially hazardous foods at internal temperature between 4 C and 60 C - Sec. 27(1)
SIMBA'S HOT CHICKEN,2022-07-05,C - Crucial,43.74755925986177,-79.34892594496323,Fail to ensure food handler in food premise washes hands as necessary to prevent contamination of food - Sec. 33(1)(e) 
SIMBA'S HOT CHICKEN,2023-06-21,C - Crucial,43.74765989143916,-79.34880168948129,Fail to ensure food handler in food premise washes hands as necessary to prevent contamination of food areas - Sec.  33(1)(e)
SIMPLE BURGER,2023-02-06,C - Crucial,43.66322053155644,-79.41915171305173,Fail to protect food from contamination or adulteration - Sec. 26(1) 
SINALOA FACTORY,2024-02-21,C - Crucial,43.67827170379345,-79.3472701105176,Store ice in unsanitary manner - Sec.  26(5) 
SINALOA FACTORY,2024-02-21,C - Crucial,43.67784498783943,-79.34739012106186,Fail to protect food from contamination or adulteration - Sec. 26(1) 
SKARDARLIJA BAR,2022-09-07,C - Crucial,43.64007426745013,-79.44152784596228,Fail to protect food from contamination or adulteration - Sec. 26(1) 
SKCOOKKS,2022-06-23,C - Crucial,43.639435718878744,-79.42195273353866,Fail to protect food from contamination or adulteration - Sec. 26(1) 
SKY DRAGON CHINESE RESTAURANT,2022-11-28,C - Crucial,43.652653919208596,-79.39773150043077,Fail to protect food from contamination or adulteration - Sec. 26(1) 
SKYLAND FOOD MART INC.,2022-10-27,C - Crucial,43.760876381446614,-79.21894549630314,Fail to ensure room kept free from live birds or animals - Sec. 14(1)
SKYLAND FOOD MART INC.,2022-10-27,C - Crucial,43.76096807630566,-79.21918958966897,Fail to protect food from contamination or adulteration - Sec. 26(1) 
SKYLAND FOOD MART,2023-03-02,C - Crucial,43.7605642873481,-79.21853781309242,Fail to ensure room kept free from live birds or animals - Sec. 14(1)
SKYLAND FOOD MART,2023-03-02,C - Crucial,43.7606339609987,-79.21920491072822,Fail to protect food from contamination or adulteration - Sec. 26(1) 
SKYLINE PIZZA INC,2022-08-22,C - Crucial,43.783144069520766,-79.29902160329375,Refrigerate potentially hazardous foods at internal temperature above 4 C - Sec. 30(a)
SLAB BURGERS,2022-10-21,C - Crucial,43.668002368925684,-79.38769116614849,Fail to protect food from contamination or adulteration - Sec. 26(1) 
SLICE & BITES,2023-03-13,C - Crucial,43.71805635368218,-79.43027426576457,Fail to ensure food handler in food premise washes hands as necessary to prevent contamination of food - Sec. 33(1)(e) 
SLICE & BITES,2023-03-13,C - Crucial,43.71850437154183,-79.43032947325153,Fail to protect food from contamination or adulteration - Sec. 26(1) 
SMALL POT RESTAURANT,2024-03-27,C - Crucial,43.77350898359708,-79.33257019290303,Store potentially hazardous foods at internal temperature between 4 C and 60 C - Sec. 27(1)
SMALL POT RESTAURANT,2024-03-27,C - Crucial,43.773372768984856,-79.33279188725378,Fail to ensure room kept free from live birds or animals - Sec. 14(1)
SMALL POT RESTAURANT,2024-03-27,C - Crucial,43.77297995730265,-79.33265358386998,Fail to ensure storage shelves designed to protect against contamination - Sec. 31
SMOKESHOW BBQ & BREW,2023-10-16,C - Crucial,43.70694301340767,-79.38985099114211,Fail to ensure food handler in food premise washes hands as necessary to prevent contamination of food - Sec. 33(1)(e) 
SMOKESHOW BBQ & BREW,2023-10-16,C - Crucial,43.707026443858176,-79.38967859127264,Food premise maintained in manner permitting adverse effect on food - Sec. 7(1)(a)(iii) 
SO FAMOUS,2024-03-11,C - Crucial,43.666188028969266,-79.40617412370072,Store potentially hazardous foods at internal temperature between 4 C and 60 C - Sec. 27(1)
SO FAMOUS,2024-03-11,C - Crucial,43.66627962872761,-79.40615740644219,Fail to protect food from contamination or adulteration - Sec. 26(1) 
SO'S FAST KITCHEN,2023-10-03,C - Crucial,43.79825604930307,-79.31859243058706,Fail to protect food from contamination or adulteration - Sec. 26(1) 
SOUK TABULE,2023-10-05,C - Crucial,43.64167295002555,-79.39789491251128,Fail to protect food from contamination or adulteration - Sec. 26(1) 
SOUTH ST. BURGER,2024-01-25,C - Crucial,43.73439609947255,-79.34403876014328,Store potentially hazardous foods at internal temperature between 4 C and 60 C - Sec. 27(1)
SOUTH ST. BURGER,2024-01-25,C - Crucial,43.7345578939896,-79.34401074480112,Fail to protect food from contamination or adulteration - Sec. 26(1) 
SOUTH ST. BURGER CO.,2023-01-16,C - Crucial,43.71106599071529,-79.36295319009919,Refrigerate potentially hazardous foods at internal temperature above 4 C - Sec. 30(a)
SOUV LIKE,2023-04-12,C - Crucial,43.67932091119047,-79.34542052581487,Store potentially hazardous foods at internal temperature between 4 C and 60 C - Sec. 27(1)
SOUVLAKI HUT,2023-10-17,C - Crucial,43.670863048764915,-79.29604647037202,Maintain potentially hazardous foods at internal temperature between 4 C and 60 C -  Sec. 27(1)
SP Importers Supermarket,2024-05-23,C - Crucial,43.75390346409113,-79.25414115143981,Fail to protect food from contamination or adulteration - Sec. 26(1) 
SPENCE'S BAKERY,2023-08-01,C - Crucial,43.697382626015056,-79.44101656153944,Store potentially hazardous foods at internal temperature between 4 C and 60 C - Sec. 27(1)
SPENCE'S BAKERY,2023-10-23,C - Crucial,43.69763031127302,-79.44129439949862,Store potentially hazardous foods at internal temperature between 4 C and 60 C - Sec. 27(1)
SPENCE'S BAKERY,2024-03-07,C - Crucial,43.69764148695889,-79.44105775381271,Fail to process food in manner safe to eat - Sec. 26(2)
SPICE CLUB INDIAN RESTAURANT,2023-08-14,C - Crucial,43.77191087575376,-79.18648944499677,Fail to protect food from contamination or adulteration - Sec. 26(1) 
SPICY WORLD,2023-02-27,C - Crucial,43.78638999212019,-79.27626730127194,Fail to protect food from contamination or adulteration - Sec. 26(1) 
ST CLAIR BAR & GRILL,2022-11-23,C - Crucial,43.70722617719621,-79.29555327725852,Fail to protect food from contamination or adulteration - Sec. 26(1) 
ST CLAIR BAR & GRILL,2022-11-23,C - Crucial,43.70735506417952,-79.29580964359486,Store potentially hazardous foods at internal temperature between 4 C and 60 C - Sec. 27(1)
ST. ANDREWS FISH & CHIP RESTAURANT,2022-09-21,C - Crucial,43.771567491855016,-79.25245524756998,Maintain potentially hazardous foods at internal temperature between 4 C and 60 C -  Sec. 27(1)
ST. CLAIR O'CONNOR COMMUNITY INC.,2023-07-05,C - Crucial,43.70538451715018,-79.31124942442663,Maintain potentially hazardous foods at internal temperature between 4 C and 60 C -  Sec. 27(1)
ST. GEORGE CARE COMMUNITY,2023-09-18,C - Crucial,43.6719656039252,-79.40112235369755,Store potentially hazardous foods at internal temperature between 4 C and 60 C - Sec. 27(1)
ST. GEORGE CARE COMMUNITY,2023-09-18,C - Crucial,43.672142874756915,-79.40180681953953,Fail to protect food from contamination or adulteration - Sec. 26(1) 
"ST. JOSEPH'S COLLEGE SCHOOL, MAIN KITCHEN",2022-09-06,C - Crucial,43.66471389793579,-79.38906975645386,Fail to protect food from contamination or adulteration - Sec. 26(1) 
ST. LOUIS BAR AND GRILL,2024-06-06,C - Crucial,43.75370402968851,-79.35795563519333,Fail to ensure food handler in food premise washes hands as necessary to prevent contamination of food - Sec. 33(1)(e) 
ST. LOUIS BAR AND GRILL,2024-06-06,C - Crucial,43.753607648589416,-79.35784517186438,Fail to ensure food handler in food premise refrains from conduct that could result in contamination of food - Sec. 33(1)(h) 
ST. MICHAEL'S HOUSE,2022-10-26,C - Crucial,43.65787145402696,-79.43015133454016,Refrigerate potentially hazardous foods at internal temperature above 4 C - Sec. 30(a)
ST. OSCAR ROMERO CATHOLIC SECONDARY SCHOOL,2022-09-14,C - Crucial,43.68008849318861,-79.48041359422604,Fail to protect food from contamination or adulteration - Sec. 26(1) 
ST. PETER AND PAUL RESIDENCE,2023-06-07,C - Crucial,43.78854203857274,-79.24039504728961,Fail to protect food from contamination or adulteration - Sec. 26(1) 
STACKED PANCAKE & BREAKFAST HOUSE,2023-04-27,C - Crucial,43.677663816153384,-79.35090476927341,Hot-holding potentially hazardous foods at internal temperature below 60 C - Sec. 30(a)
STACKED PANCAKE & BREAKFAST HOUSE,2023-04-27,C - Crucial,43.6775859306356,-79.35130910432801,Refrigerate potentially hazardous foods at internal temperature above 4 C - Sec. 30(a)
STACY'S ISLAND FLAVOR RESTAURANT,2024-04-10,C - Crucial,43.77541735161555,-79.31820762766587,Display potentially hazardous foods at internal temperature between 4 C and 60 C - Sec. 27(1)
STARBUCKS,2024-02-21,C - Crucial,43.74219700299367,-79.31295781465423,Fail to ensure food handler in food premise washes hands as necessary to prevent contamination of food - Sec. 33(1)(e) 
STARBUCKS COFFEE CO (East Side),2023-09-19,C - Crucial,43.7261383257246,-79.45186032097457,Fail to ensure food handler in food premise washes hands as necessary to prevent contamination of food - Sec. 33(1)(e) 
STARBUCKS COFFEE CO (East Side),2023-09-19,C - Crucial,43.725961618182374,-79.45087725172812,Fail to protect food from contamination or adulteration - Sec. 26(1) 
STARBUCKS COFFEE CO (East Side),2023-09-19,C - Crucial,43.725957871708694,-79.45132049211858,Store ice in unsanitary manner - Sec.  26(5) 
STARFISH MARKET,2023-01-27,C - Crucial,43.68375057869035,-79.56489866353155,Fail to process food in manner safe to eat - Sec. 26(2)
STEVAG RESTAURANT & BAR,2024-04-02,C - Crucial,43.748475644078034,-79.5187877603998,Fail to process food in manner safe to eat - Sec. 26(2)
STONE WELL PUB,2022-08-05,C - Crucial,43.68698810441342,-79.27155222326338,Food premise maintained in manner permitting adverse effect on food - Sec. 7(1)(a)(iii) 
STREET GRILL,2023-08-29,C - Crucial,43.79420224469858,-79.35405865147996,Store potentially hazardous foods at internal temperature between 4 C and 60 C - Sec. 27(1)
STREET GRILL,2024-05-17,C - Crucial,43.79458870604029,-79.35366734751044,Food premise maintained in manner permitting adverse effect on food - Sec. 7(1)(a)(iii) 
SUBWAY,2024-04-15,C - Crucial,43.67754742105988,-79.35616725675335,Fail to process food in manner safe to eat - Sec. 26(2)
SUBWAY,2024-04-15,C - Crucial,43.67680204624721,-79.35540187875856,Fail to ensure food handler in food premise washes hands as necessary to prevent contamination of food - Sec. 33(1)(e) 
SUBWAY,2023-06-12,C - Crucial,43.67103782487116,-79.3855711090078,Refrigerate potentially hazardous foods at internal temperature above 4 C - Sec. 30(a)
SUBWAY,2024-04-26,C - Crucial,43.65484151941917,-79.37839816958227,Food premise maintained in manner permitting health hazard - Sec. 7(1)(a)(i)    
SUBWAY,2024-02-08,C - Crucial,43.72998397489208,-79.40371539255393,Store potentially hazardous foods at internal temperature between 4 C and 60 C - Sec. 27(1)
SUBWAY,2023-06-19,C - Crucial,43.773489048244485,-79.34046209151022,Store potentially hazardous foods at internal temperature between 4 C and 60 C - Sec. 27(1)
SUBWAY,2022-07-27,C - Crucial,43.66673737842075,-79.37689204109003,Store potentially hazardous foods at internal temperature between 4 C and 60 C - Sec. 27(1)
SUMAQ,2024-06-03,C - Crucial,43.74468264276633,-79.29801199531421,Fail to ensure food handler in food premise washes hands as necessary to prevent contamination of food - Sec. 33(1)(e) 
SUN ON FOOD COMPANY,2023-02-24,C - Crucial,43.82531499133619,-79.25226532122511,Fail to ensure food handler in food premise refrains from conduct that could result in contamination of food - Sec. 33(1)(h) 
SUN SUN FRUIT MARKET,2024-03-18,C - Crucial,43.678397466037275,-79.44231503577917,Fail to protect food from contamination or adulteration - Sec. 26(1) 
SUN SUN FRUIT MARKET,2024-03-19,C - Crucial,43.67855389003043,-79.442257037493,Fail to protect food from contamination or adulteration - Sec. 26(1) 
SUN-UP BARBECUE CO,2023-07-05,C - Crucial,43.727172872593904,-79.4312206121387,Fail to protect food from contamination or adulteration - Sec. 26(1) 
SUN-UP BARBECUE CO,2023-11-30,C - Crucial,43.726916393651564,-79.43111776027216,Store potentially hazardous foods at internal temperature between 4 C and 60 C - Sec. 27(1)
SUN-UP BARBECUE CO,2023-11-30,C - Crucial,43.72676463487192,-79.43106284641269,Fail to protect food from contamination or adulteration - Sec. 26(1) 
SUNNY MORNING,2022-08-15,C - Crucial,43.686932309301746,-79.39353298392827,Maintain potentially hazardous foods at internal temperature between 4 C and 60 C -  Sec. 27(1)
SUNNY'S,2023-07-12,C - Crucial,43.72146971478382,-79.37826760540392,Refrigerate potentially hazardous foods at internal temperature above 4 C - Sec. 30(a)
SUNRISE CARIBBEAN RESTAURANT,2023-01-12,C - Crucial,43.75659382618018,-79.51827381907404,Hot-holding potentially hazardous foods at internal temperature below 60 C - Sec. 30(a)
SUNRISE CARIBBEAN RESTAURANT,2024-01-22,C - Crucial,43.75608953881958,-79.51790419140048,Fail to ensure food handler in food premise washes hands as necessary to prevent contamination of food - Sec. 33(1)(e) 
SUNRISE CARIBBEAN RESTAURANT,2024-01-29,C - Crucial,43.67371712359512,-79.46998181651352,Display potentially hazardous foods at internal temperature between 4 C and 60 C - Sec. 27(1)
SUNRISE CARIBBEAN RESTAURANT,2024-01-29,C - Crucial,43.674170950898905,-79.47075080473418,Fail to protect food from contamination or adulteration - Sec. 26(1) 
SUNRISE CARIBBEAN RESTAURANT,2022-11-21,C - Crucial,43.76126748509926,-79.32515317542064,Fail to ensure food handler in food premise refrains from conduct that could result in contamination of food - Sec. 33(1)(h) 
SUNSET GRILL,2023-02-10,C - Crucial,43.71025788065563,-79.36296572787413,Fail to protect food from contamination or adulteration - Sec. 26(1) 
SUNSET GRILL,2023-02-10,C - Crucial,43.71016269071667,-79.3626324371884,Refrigerate potentially hazardous foods at internal temperature above 4 C - Sec. 30(a)
SUNSHINE WHOLESOME MARKET,2024-01-17,C - Crucial,43.653363182082636,-79.42679736812282,Store potentially hazardous foods at internal temperature between 4 C and 60 C - Sec. 27(1)
SURATI BROTHERS INDIAN GROCERY STORE,2023-02-22,C - Crucial,43.76354280616028,-79.30153686913957,Fail to protect food from contamination or adulteration - Sec. 26(1) 
SURREAL FOOD CO,2023-08-01,C - Crucial,43.69959373660965,-79.42958107012632,Fail to ensure storage shelves designed to protect against contamination - Sec. 31
SUSHI & SUSHI,2024-03-14,C - Crucial,43.7105239211299,-79.3819254133936,Store potentially hazardous foods at internal temperature between 4 C and 60 C - Sec. 27(1)
SUSHI INN,2024-04-12,C - Crucial,43.670160844974696,-79.39174730350841,Fail to protect food from contamination or adulteration - Sec. 26(1) 
SUSHI MUGEN,2022-09-26,C - Crucial,43.66255509483373,-79.33588584302466,Food premise maintained in manner permitting adverse effect on food - Sec. 7(1)(a)(iii) 
SUSHI MUGEN,2023-06-05,C - Crucial,43.66167954895537,-79.33621615150297,Fail to ensure storage shelves designed to protect against contamination - Sec. 31
SUSHI STYLE,2022-09-26,C - Crucial,43.65626703846681,-79.37752470612092,Store ice in unsanitary manner - Sec.  26(5) 
SUSHI SUPREME,2022-12-05,C - Crucial,43.70133424031019,-79.38754087672048,Fail to protect food from contamination or adulteration - Sec. 26(1) 
SUSHI ZONE,2023-07-27,C - Crucial,43.700259688787305,-79.39683914763225,Fail to protect food from contamination or adulteration - Sec. 26(1) 
SUSHI ZONE,2023-07-27,C - Crucial,43.70041056866767,-79.39724921585766,Refrigerate potentially hazardous foods at internal temperature above 4 C - Sec. 30(a)
SUSHIMOTO RESTAURANT & BAR,2023-05-31,C - Crucial,43.76349500211971,-79.41120409326247,Display potentially hazardous foods at internal temperature between 4 C and 60 C - Sec. 27(1)
SUVAIYAKAM RESTAURANT,2022-06-22,C - Crucial,43.79969872960486,-79.30654949422409,Fail to protect food from contamination or adulteration - Sec. 26(1) 
SUVAIYAKAM RESTAURANT,2023-01-31,C - Crucial,43.79941736240022,-79.30688773773824,Fail to protect food from contamination or adulteration - Sec. 26(1) 
SWEET MAHAL,2023-06-12,C - Crucial,43.7203351813012,-79.61356655238231,Fail to protect food from contamination or adulteration - Sec. 26(1) 
SWEETWAY CAFE EATERY,2024-04-19,C - Crucial,43.73548112072234,-79.34795766820443,Store potentially hazardous foods at internal temperature between 4 C and 60 C - Sec. 27(1)
SWISS BAKERY & FAST FOOD,2023-09-14,C - Crucial,43.69137681194497,-79.2919189127065,Food premise maintained in manner permitting adverse effect on food - Sec. 7(1)(a)(iii) 
SWISS CHALET,2023-10-04,C - Crucial,43.7165630401359,-79.45555520412762,Fail to protect food from contamination or adulteration - Sec. 26(1) 
SWISS CHALET,2023-10-04,C - Crucial,43.717309853250434,-79.4557066478975,Food premise maintained in manner to permit contamination of single-service containers - Sec. 7(1)(h)  
SWISS CHALET,2023-10-04,C - Crucial,43.71715761841907,-79.45593719569807,Food premise maintained in manner permitting health hazard (Insects) - Sec. 7(1)(a)(i)    
SWISS CHALET EXPRESS,2022-06-28,C - Crucial,43.67141961771361,-79.29290165594982,Food premise maintained in manner permitting health hazard (Insects) - Sec. 7(1)(a)(i)    
SWISS CHALET EXPRESS,2022-06-28,C - Crucial,43.672133475111174,-79.29307831054133,Fail to protect food from contamination or adulteration - Sec. 26(1) 
Scarborough Pizza & Kabob,2022-06-29,C - Crucial,43.74686231523848,-79.28443414535165,Fail to ensure food handler in food premise washes hands as necessary to prevent contamination of food - Sec. 33(1)(e) 
Scarborough Pizza & Kabob,2022-06-29,C - Crucial,43.74753566093056,-79.28500607209527,Fail to protect food from contamination or adulteration - Sec. 26(1) 
Shahi Karahi Restaurant,2023-02-16,C - Crucial,43.76106195519868,-79.2237912849624,Refrigerate potentially hazardous foods at internal temperature above 4 C - Sec. 30(a)
Shahi Karahi Restaurant,2023-05-30,C - Crucial,43.760829826386,-79.22404674271473,Fail to protect food from contamination or adulteration - Sec. 26(1) 
Shahi Karahi Restaurant,2023-05-30,C - Crucial,43.76117014391164,-79.22426212653768,Maintain potentially hazardous foods at internal temperature between 4 C and 60 C -  Sec. 27(1)
Shahi Karahi Restaurant,2023-12-11,C - Crucial,43.76123442204378,-79.22360941975217,Maintain potentially hazardous foods at internal temperature between 4 C and 60 C -  Sec. 27(1)
Shahi Karahi Restaurant,2023-12-11,C - Crucial,43.760379815846996,-79.22390769831661,Food premise maintained in manner to permit contamination of single-service containers - Sec. 7(1)(h)  
Shahi Karahi Restaurant,2024-03-25,C - Crucial,43.760772870780656,-79.22388209713898,Fail to protect food from contamination or adulteration - Sec. 26(1) 
Shahi Karahi Restaurant,2024-03-25,C - Crucial,43.760623151129536,-79.22378341872805,Food premise maintained in manner to permit contamination of single-service containers - Sec. 7(1)(h)  
Shepherd Village,2022-10-31,C - Crucial,43.78193154448497,-79.29449087720492,Fail to protect food from contamination or adulteration - Sec. 26(1) 
Shola Mini-Market,2024-01-10,C - Crucial,43.68951496522344,-79.29756750767719,Fail to protect food from contamination or adulteration - Sec. 26(1) 
Spring Sushi,2023-10-18,C - Crucial,43.6569072910257,-79.38077609973925,Fail to protect food from contamination or adulteration - Sec. 26(1) 
Spring Sushi,2023-10-18,C - Crucial,43.656652787270005,-79.38038722750817,Maintain potentially hazardous foods at internal temperature between 4 C and 60 C -  Sec. 27(1)
Sun Brand/Instant Foods,2022-10-11,C - Crucial,43.82365413663452,-79.25294464883493,Fail to ensure food handler in food premise washes hands as necessary to prevent contamination of food - Sec. 33(1)(e) 
Sun Brand/Instant Foods,2023-07-25,C - Crucial,43.82342754509054,-79.25240965470638,Fail to ensure food handler in food premise washes hands as necessary to prevent contamination of food - Sec. 33(1)(e) 
Sun Brand/Instant Foods,2023-09-07,C - Crucial,43.822714419438135,-79.25318933871293,Fail to protect food from contamination or adulteration - Sec. 26(1) 
T & T SUSHI BAR,2022-06-24,C - Crucial,43.67143170628833,-79.42129821975324,Store potentially hazardous foods at internal temperature between 4 C and 60 C - Sec. 27(1)
T-BONES,2022-07-20,C - Crucial,43.73567830242065,-79.2560018215887,Store potentially hazardous foods at internal temperature between 4 C and 60 C - Sec. 27(1)
T-BONES,2023-02-06,C - Crucial,43.73515105816332,-79.25610627658959,Fail to ensure storage shelves designed to protect against contamination - Sec. 31
T-BONES,2023-02-06,C - Crucial,43.73550735300721,-79.25572491242147,Fail to protect food from contamination or adulteration - Sec. 26(1) 
T-BONES,2024-01-25,C - Crucial,43.734951452670145,-79.25612766273547,Maintain potentially hazardous foods at internal temperature between 4 C and 60 C -  Sec. 27(1)
T-BONES,2024-05-14,C - Crucial,43.73525430604432,-79.25635975404707,Maintain potentially hazardous foods at internal temperature between 4 C and 60 C -  Sec. 27(1)
TACO BAR,2024-04-09,C - Crucial,43.68653947166105,-79.4460259367003,Maintain potentially hazardous foods at internal temperature between 4 C and 60 C -  Sec. 27(1)
TACONTENTO II,2023-03-18,C - Crucial,43.74837927494446,-79.47934629745352,Fail to ensure food handler in food premise washes hands as necessary to prevent contamination of food - Sec. 33(1)(e) 
TACONTENTO II,2023-07-22,C - Crucial,43.74807020922395,-79.47853916136958,Fail to ensure food handler in food premise washes hands as necessary to prevent contamination of food - Sec. 33(1)(e) 
TACONTENTO MEXICAN FOOD,2023-07-22,C - Crucial,43.747858808800494,-79.47924123107407,Fail to protect food from contamination or adulteration - Sec. 26(1) 
TACONTENTO MEXICAN FOOD,2023-07-22,C - Crucial,43.74800673403884,-79.47925254271229,Fail to ensure food handler in food premise washes hands as necessary to prevent contamination of food - Sec. 33(1)(e) 
TACONTENTO MEXICAN FOOD,2023-07-22,C - Crucial,43.7485863774722,-79.4789251038762,Store potentially hazardous foods at internal temperature between 4 C and 60 C - Sec. 27(1)
TACORRITO AND HURRY CURRY,2024-02-05,C - Crucial,43.757933158400306,-79.46549833199018,Maintain potentially hazardous foods at internal temperature between 4 C and 60 C -  Sec. 27(1)
TACOS MORAS,2022-10-25,C - Crucial,43.68253642686772,-79.42118775891647,Refrigerate potentially hazardous foods at internal temperature above 4 C - Sec. 30(a)
TACOS MORAS,2022-10-25,C - Crucial,43.681778529841594,-79.42064338609384,Fail to protect food from contamination or adulteration - Sec. 26(1) 
TAFTAN TRADITIONAL PERSIAN CUISINE,2022-06-27,C - Crucial,43.7545577780141,-79.34967534109057,Handle ice in unsanitary manner - Sec.  26(5) 
TAGPUAN,2023-04-03,C - Crucial,43.735864755159724,-79.30776774733994,Store potentially hazardous foods at internal temperature between 4 C and 60 C - Sec. 27(1)
TAHANAN FILIPINO CUISINE,2024-02-12,C - Crucial,43.74671375142178,-79.43632422630776,Maintain potentially hazardous foods at internal temperature between 4 C and 60 C -  Sec. 27(1)
TAHINI'S RESTAURANT,2023-10-16,C - Crucial,43.65829030711663,-79.39779105994407,Maintain potentially hazardous foods at internal temperature between 4 C and 60 C -  Sec. 27(1)
TAMASHA,2023-04-24,C - Crucial,43.69625445409416,-79.3953809567264,Fail to protect food from contamination or adulteration - Sec. 26(1) 
TAMASHA,2023-04-24,C - Crucial,43.69693622253053,-79.39550553184385,Store ice in unsanitary manner - Sec.  26(5) 
TAMASHA,2023-09-28,C - Crucial,43.6968905915911,-79.39548995012265,Fail to protect food from contamination or adulteration - Sec. 26(1) 
TAMASHA,2023-09-28,C - Crucial,43.69673251683524,-79.3955593956282,Store potentially hazardous foods at internal temperature between 4 C and 60 C - Sec. 27(1)
TANDOORI TIME,2022-08-22,C - Crucial,43.74339746943992,-79.60338455453406,Fail to protect food from contamination or adulteration - Sec. 26(1) 
TAPPS RESTAURANT & BAR,2023-03-21,C - Crucial,43.678526857126066,-79.34673325165022,Fail to protect food from contamination or adulteration - Sec. 26(1) 
TARA INN RESTAURANT & PUB,2022-11-01,C - Crucial,43.70749358797904,-79.24986685452294,Food premise maintained in manner permitting adverse effect on food - Sec. 7(1)(a)(iii) 
TARO'S FISH,2023-06-21,C - Crucial,43.76947428231722,-79.37425914730939,Store potentially hazardous foods at internal temperature between 4 C and 60 C - Sec. 27(1)
TASTE OF MANDURAI,2023-10-06,C - Crucial,43.82353019755573,-79.25155658269121,Sell potentially hazardous foods at internal temperature between 4 C and 60 C - Sec. 27(1)
TASTE OF MANDURAI,2023-10-06,C - Crucial,43.82360759022473,-79.2509674938093,Food premise maintained in manner to permit contamination of single-service articles - Sec. 7(1)(h)  
TASTE OF MANDURAI,2023-10-06,C - Crucial,43.823530587771955,-79.25121125106769,Fail to protect food from contamination or adulteration - Sec. 26(1) 
TASTE OF SHAWARMA,2023-07-26,C - Crucial,43.70087664322413,-79.45198794400716,Store potentially hazardous foods at internal temperature between 4 C and 60 C - Sec. 27(1)
TASTE OF TAMIL NADU,2023-11-23,C - Crucial,43.730432007722776,-79.46637835212654,Fail to protect food from contamination or adulteration - Sec. 26(1) 
TASTE OF THAILAND CUISINE,2022-12-20,C - Crucial,43.636206761795215,-79.5409461792634,Fail to protect food from contamination or adulteration - Sec. 26(1) 
TASTE OF VIETNAM RESTAURANT AND BAR,2023-09-25,C - Crucial,43.75500426019998,-79.46881894346035,Fail to ensure food handler in food premise washes hands as necessary to prevent contamination of food - Sec. 33(1)(e) 
TASTE OF VIETNAM RESTAURANT AND BAR,2023-09-25,C - Crucial,43.755161430517894,-79.46892644871104,Maintain potentially hazardous foods at internal temperature between 4 C and 60 C -  Sec. 27(1)
TASTECO SUPERMARKET,2023-04-03,C - Crucial,43.70704733587688,-79.26944496398778,Fail to protect food from contamination or adulteration - Sec. 26(1) 
TASTECO SUPERMARKET,2023-07-20,C - Crucial,43.70741473776195,-79.2700550735074,Fail to protect food from contamination or adulteration - Sec. 26(1) 
TASTY HOUSE,2024-06-06,C - Crucial,43.82611449249826,-79.27735969523653,Fail to ensure storage pallets designed to protect against contamination - Sec. 31
TAZZA,2022-12-08,C - Crucial,43.795700860048136,-79.41896238911762,Handle ice in unsanitary manner - Sec.  26(5) 
TAZZA,2022-12-08,C - Crucial,43.795662574900184,-79.41932263807205,Fail to ensure room kept free from live birds or animals - Sec. 14(1)
TCSCC - Main Kitchen,2024-01-26,C - Crucial,43.73897773940701,-79.41947904275891,Food premise maintained in manner permitting health hazard (Rodents) - Sec. 7(1)(a)(i)    
TEA-N-BANNOCK,2023-07-20,C - Crucial,43.67115935208434,-79.32737657871607,Maintain potentially hazardous foods at internal temperature between 4 C and 60 C -  Sec. 27(1)
TEA-N-BANNOCK,2023-07-20,C - Crucial,43.67206662859013,-79.32745842809281,Fail to protect food from contamination or adulteration - Sec. 26(1) 
TEN REN'S TEA,2023-10-20,C - Crucial,43.76805759791658,-79.41215695854957,Fail to protect food from contamination or adulteration - Sec. 26(1) 
TEN REN'S TEA TIME,2023-07-04,C - Crucial,43.72605343669883,-79.45160584705826,Fail to protect food from contamination or adulteration - Sec. 26(1) 
TENON VEGAN SUSHI,2023-08-30,C - Crucial,43.66562583189355,-79.40832486857062,Fail to protect food from contamination or adulteration - Sec. 26(1) 
TERMINAL 3 COFFEE ROASTERS,2022-07-04,C - Crucial,43.595554211450626,-79.52541424855396,Fail to obtain food from source subject to inspection - Sec. 29(1)  
TERRA NOVA BAKERY AND PASTRY,2022-07-06,C - Crucial,43.70804003339934,-79.4537606325767,Fail to protect food from contamination or adulteration - Sec. 26(1) 
TERRA NOVA BAKERY AND PASTRY,2023-02-03,C - Crucial,43.7081482863347,-79.45392090900333,Display potentially hazardous foods at internal temperature between 4 C and 60 C - Sec. 27(1)
TERRA NOVA BAKERY AND PASTRY,2023-02-03,C - Crucial,43.70787208443543,-79.45372019633152,Fail to ensure food handler in food premise washes hands as necessary to prevent contamination of food - Sec. 33(1)(e) 
TERRA NOVA BAKERY AND PASTRY,2023-02-03,C - Crucial,43.70731105843977,-79.45362825764705,Fail to protect food from contamination or adulteration - Sec. 26(1) 
TERRA NOVA BAKERY AND PASTRY,2023-05-26,C - Crucial,43.707929832821215,-79.45334257606756,Sell potentially hazardous foods at internal temperature between 4 C and 60 C - Sec. 27(1)
TERRA NOVA BAKERY AND PASTRY,2023-05-26,C - Crucial,43.7078524745663,-79.45396694298552,Fail to protect food from contamination or adulteration - Sec. 26(1) 
TERRA NOVA BAKERY AND PASTRY,2023-05-26,C - Crucial,43.70748389105093,-79.45340778674267,Fail to ensure food handler in food premise washes hands as necessary to prevent contamination of food - Sec. 33(1)(e) 
TERRA NOVA BAKERY AND PASTRY,2023-05-26,C - Crucial,43.70801721677942,-79.4544429517943,Store ice in unsanitary manner - Sec.  26(5) 
TERRA NOVA BAKERY AND PASTRY,2023-11-17,C - Crucial,43.707462030137364,-79.45378517149287,Fail to protect food from contamination or adulteration - Sec. 26(1) 
TERRA NOVA BAKERY AND PASTRY,2023-11-17,C - Crucial,43.70802537372363,-79.45384806049137,Store potentially hazardous foods at internal temperature between 4 C and 60 C - Sec. 27(1)
TERRA NOVA BAKERY AND PASTRY,2023-11-17,C - Crucial,43.70856381508596,-79.45407366872887,Fail to ensure food handler in food premise washes hands as necessary to prevent contamination of food - Sec. 33(1)(e) 
TERRA NOVA BAKERY AND PASTRY,2023-11-17,C - Crucial,43.70731344795252,-79.45336749269971,Food premise maintained in manner to permit contamination of single-service containers - Sec. 7(1)(h)  
THAI ELEPHANT,2024-03-14,C - Crucial,43.64583197456863,-79.40923098713039,Food premise maintained in manner permitting adverse effect on food - Sec. 7(1)(a)(iii) 
THAI EXPRESS,2022-07-14,C - Crucial,43.786262925086795,-79.4728733834151,Store ice in unsanitary manner - Sec.  26(5) 
THAI ISLAND,2023-05-08,C - Crucial,43.64668555479044,-79.38215892581688,Fail to protect food from contamination or adulteration - Sec. 26(1) 
THAI ROOM,2023-01-16,C - Crucial,43.64202342353742,-79.41128624786992,Fail to protect food from contamination or adulteration - Sec. 26(1) 
THAI ROOM,2024-03-25,C - Crucial,43.64192226590473,-79.41121341564035,Maintain potentially hazardous foods at internal temperature between 4 C and 60 C -  Sec. 27(1)
THAI ROOM,2024-03-25,C - Crucial,43.642376159486524,-79.4114453133125,Fail to protect food from contamination or adulteration - Sec. 26(1) 
THAI ROOM,2024-03-01,C - Crucial,43.78563052336842,-79.25485547565651,Store ice in unsanitary manner - Sec.  26(5) 
THAI ROOM,2024-03-01,C - Crucial,43.785360668248444,-79.25468804847063,Fail to protect food from contamination or adulteration - Sec. 26(1) 
THAIROOMGRAND,2022-10-19,C - Crucial,43.75394620176555,-79.35093539222179,Fail to ensure food handler in food premise refrains from conduct that could result in contamination of food - Sec. 33(1)(h) 
THAIROOMGRAND,2024-06-11,C - Crucial,43.75425748850349,-79.3511272468412,Fail to ensure food handler in food premise refrains from conduct that could result in contamination of food - Sec. 33(1)(h) 
THAIROOMGRAND,2023-06-22,C - Crucial,43.70496880744964,-79.40826701212586,Use ice not made from potable water - Sec.  26(5) 
THALASSERY DUM BIRYANI,2023-06-13,C - Crucial,43.73936336354396,-79.23819650109286,Fail to protect food from contamination or adulteration - Sec. 26(1) 
THAM MA DA THAI CUISINE,2024-02-26,C - Crucial,43.60148888020054,-79.50442537713002,Fail to protect food from contamination or adulteration - Sec. 26(1) 
THARAVADU HOME OF KERALA CUISINE,2023-08-23,C - Crucial,43.74576876696827,-79.21992820858294,Fail to protect food from contamination or adulteration - Sec. 26(1) 
THARAVADU HOME OF KERALA CUISINE,2024-03-01,C - Crucial,43.74516966482467,-79.21996231354662,Fail to protect food from contamination or adulteration - Sec. 26(1) 
THARAVADU HOME OF KERALA CUISINE,2024-03-01,C - Crucial,43.74552253319504,-79.2202712606519,Food premise maintained in manner to permit contamination of single-service containers - Sec. 7(1)(h)  
THE ABBOT ON EGLINTON,2023-03-28,C - Crucial,43.70432558133858,-79.41321737469882,Use ice not made from potable water - Sec.  26(5) 
THE ABBOT ON EGLINTON,2023-03-28,C - Crucial,43.704169714569154,-79.41368776978575,Fail to protect food from contamination or adulteration - Sec. 26(1) 
THE ALLEY,2023-01-17,C - Crucial,43.77632317657915,-79.41456146412571,Fail to ensure food handler in food premise washes hands as necessary to prevent contamination of food - Sec. 33(1)(e) 
THE ANNEX RETIREMENT BY REVERA,2022-12-13,C - Crucial,43.67224626508394,-79.40608900266905,Fail to protect food from contamination or adulteration - Sec. 26(1) 
THE APPLE CAFE,2024-04-12,C - Crucial,43.69046812408747,-79.32646674229754,Offer for sale potentially hazardous foods at internal temperature between 4 C and 60 C - Sec. 27(1)
THE ART OF PHO,2022-08-26,C - Crucial,43.79576182723887,-79.42000175875512,Store potentially hazardous foods at internal temperature between 4 C and 60 C - Sec. 27(1)
THE ART OF PHO,2023-03-20,C - Crucial,43.79586027788429,-79.41997601923052,Fail to ensure storage racks designed to protect against contamination - Sec. 31
THE ART OF PHO,2023-06-07,C - Crucial,43.79535323931679,-79.42021668675602,Maintain potentially hazardous foods at internal temperature between 4 C and 60 C -  Sec. 27(1)
THE ART OF PHO,2023-06-07,C - Crucial,43.79547012161184,-79.42044377811047,Fail to protect food from contamination or adulteration - Sec. 26(1) 
THE ART OF PHO,2023-06-07,C - Crucial,43.79574995367337,-79.42023625685026,Refrigerate potentially hazardous foods at internal temperature above 4 C - Sec. 30(a)
THE AULD SPOT PUB,2023-03-10,C - Crucial,43.676988326765915,-79.3528549123539,Fail to protect food from contamination or adulteration - Sec. 26(1) 
THE BAGEL HOUSE,2023-09-06,C - Crucial,43.70448210400029,-79.37478917173874,Store potentially hazardous foods at internal temperature between 4 C and 60 C - Sec. 27(1)
THE BAGEL HOUSE,2023-09-06,C - Crucial,43.704608628015826,-79.37496553150835,Fail to protect food from contamination or adulteration - Sec. 26(1) 
THE BAGEL HOUSE,2023-04-17,C - Crucial,43.687430050514784,-79.39428841164055,Fail to protect food from contamination or adulteration - Sec. 26(1) 
THE BAGEL HOUSE,2023-04-17,C - Crucial,43.68704767979731,-79.39378883639355,Food premise maintained in manner to permit contamination of single-service articles - Sec. 7(1)(h)  
THE BAGEL HOUSE,2023-04-17,C - Crucial,43.68716639158822,-79.39410878348087,Store potentially hazardous foods at internal temperature between 4 C and 60 C - Sec. 27(1)
THE BELSIZE PUBLIC HOUSE,2022-08-22,C - Crucial,43.7027165513231,-79.38735427521459,Store ice in unsanitary manner - Sec.  26(5) 
THE BELSIZE PUBLIC HOUSE,2022-08-22,C - Crucial,43.7022421965949,-79.38783124659184,Fail to protect food from contamination or adulteration - Sec. 26(1) 
THE BELSIZE PUBLIC HOUSE,2024-04-03,C - Crucial,43.70255438991418,-79.38745617093791,Maintain potentially hazardous foods at internal temperature between 4 C and 60 C -  Sec. 27(1)
THE BELSIZE PUBLIC HOUSE,2024-04-03,C - Crucial,43.702968157235915,-79.38733199372103,Fail to protect food from contamination or adulteration - Sec. 26(1) 
THE BENUE,2022-08-04,C - Crucial,43.675595711909736,-79.42321511624222,Maintain potentially hazardous foods at internal temperature between 4 C and 60 C -  Sec. 27(1)
THE BENUE,2022-08-04,C - Crucial,43.6754010092154,-79.42272391361985,Fail to protect food from contamination or adulteration - Sec. 26(1) 
THE BENUE,2023-04-20,C - Crucial,43.67529081539431,-79.42328421368448,Store potentially hazardous foods at internal temperature between 4 C and 60 C - Sec. 27(1)
THE BENUE,2023-04-20,C - Crucial,43.67499347302754,-79.42324756127137,Operate food premise --- refrigeration equipment for potentially hazardous food not of sufficient size - Sec. 30(a)
THE BENUE,2024-02-13,C - Crucial,43.67527678693967,-79.42332886041918,Food premise maintained in manner permitting adverse effect on food - Sec. 7(1)(a)(iii) 
THE BEST ORIGINAL BOY LITSON,2024-01-05,C - Crucial,43.753294492432374,-79.24399698260066,Fail to protect food from contamination or adulteration - Sec. 26(1) 
THE BHAIS SHAWARMA & GRILL,2023-10-16,C - Crucial,43.64931899547787,-79.36507148841619,Fail to process food in manner safe to eat - Sec. 26(2)
THE BIRYANI WALLA,2023-03-02,C - Crucial,43.729172612419,-79.40282636698645,Store potentially hazardous foods at internal temperature between 4 C and 60 C - Sec. 27(1)
THE BIRYANI WALLA,2023-03-02,C - Crucial,43.72919348416775,-79.4030139560265,Fail to protect food from contamination or adulteration - Sec. 26(1) 
THE BIRYANI WALLA,2023-03-02,C - Crucial,43.72855694110092,-79.40287514699479,Refrigerate potentially hazardous foods at internal temperature above 4 C - Sec. 30(a)
THE BIRYANI WALLA,2023-12-19,C - Crucial,43.72907381758676,-79.4024830576182,Fail to ensure food handler in food premise washes hands as necessary to prevent contamination of food - Sec. 33(1)(e) 
THE BIRYANI WALLA,2024-02-05,C - Crucial,43.72900912157952,-79.4031236203275,Fail to protect food from contamination or adulteration - Sec. 26(1) 
THE BIRYANI WALLA,2024-02-05,C - Crucial,43.72883978509694,-79.40287353443958,Fail to ensure food handler in food premise washes hands as necessary to prevent contamination of food - Sec. 33(1)(e) 
THE BIRYANI WALLA,2024-02-05,C - Crucial,43.728670007284094,-79.40298249380169,Store potentially hazardous foods at internal temperature between 4 C and 60 C - Sec. 27(1)
THE BIRYANI WALLA/CHICHA'S,2023-03-17,C - Crucial,43.75057383356648,-79.27659649861006,Store potentially hazardous foods at internal temperature between 4 C and 60 C - Sec. 27(1)
THE BIRYANI WALLA/CHICHA'S,2023-07-24,C - Crucial,43.750783532771145,-79.27671962796533,Maintain potentially hazardous foods at internal temperature between 4 C and 60 C -  Sec. 27(1)
THE BOMBAY,2022-07-18,C - Crucial,43.65013022129095,-79.38920842512293,Fail to protect food from contamination or adulteration - Sec. 26(1) 
THE BOMBAY,2023-05-31,C - Crucial,43.65039325322904,-79.38936891037122,Fail to protect food from contamination or adulteration - Sec. 26(1) 
THE BRADGATE ARMS,2023-02-02,C - Crucial,43.6852283207722,-79.39997628474435,Fail to protect food from contamination or adulteration - Sec. 26(1) 
THE BRIDGE RIBS,2024-03-22,C - Crucial,43.775569504055255,-79.413824172414,Fail to protect food from contamination or adulteration - Sec. 26(1) 
THE BULLGER,2023-11-02,C - Crucial,43.67789386282465,-79.35062878446287,Fail to protect food from contamination or adulteration - Sec. 26(1) 
THE BURGER BROS,2024-05-16,C - Crucial,43.658479165781536,-79.44308946607836,Store potentially hazardous foods at internal temperature between 4 C and 60 C - Sec. 27(1)
THE CELEBRATIONS BANQUET HALL,2023-04-17,C - Crucial,43.72187155119082,-79.31254225530662,Fail to protect food from contamination or adulteration - Sec. 26(1) 
THE CHINESE BLOCK,2024-02-23,C - Crucial,43.77706404597427,-79.41441491657986,Fail to protect food from contamination or adulteration - Sec. 26(1) 
THE CHINESE BLOCK,2024-02-23,C - Crucial,43.77708764174893,-79.41459986660544,Store potentially hazardous foods at internal temperature between 4 C and 60 C - Sec. 27(1)
THE COPPER CHIMNEY AUTHENTIC INDIAN ROOM,2022-07-12,C - Crucial,43.736348183009056,-79.42090570662342,Food premise maintained in manner adversely affecting sanitary operation - Sec. 7(1)(a)(ii)
THE COPPER CHIMNEY AUTHENTIC INDIAN ROOM,2023-02-14,C - Crucial,43.7362334990632,-79.4204394753389,Fail to protect food from contamination or adulteration - Sec. 26(1) 
THE COPPER CHIMNEY AUTHENTIC INDIAN ROOM,2023-02-14,C - Crucial,43.73601658216566,-79.42072148696637,Maintain potentially hazardous foods at internal temperature between 4 C and 60 C -  Sec. 27(1)
THE COPPER CHIMNEY AUTHENTIC INDIAN ROOM,2023-05-03,C - Crucial,43.73588476992829,-79.42014762630474,Refrigerate potentially hazardous foods at internal temperature above 4 C - Sec. 30(a)
THE COPPER CHIMNEY AUTHENTIC INDIAN ROOM,2023-05-03,C - Crucial,43.73563081856669,-79.4201428884245,Fail to protect food from contamination or adulteration - Sec. 26(1) 
THE EMPIRE 1,2023-08-31,C - Crucial,43.661097983328716,-79.43107792694022,Store potentially hazardous foods at internal temperature between 4 C and 60 C - Sec. 27(1)
THE EXCHANGE,2022-09-20,C - Crucial,43.665327383553546,-79.39842074504067,Display potentially hazardous foods at internal temperature between 4 C and 60 C - Sec. 27(1)
THE FAMOUS OWL OF MINERVA,2023-10-03,C - Crucial,43.652307259375135,-79.39782967812812,Store potentially hazardous foods at internal temperature between 4 C and 60 C - Sec. 27(1)
THE FAMOUS OWL OF MINERVA,2023-10-03,C - Crucial,43.65256757295624,-79.39863132582708,Fail to protect food from contamination or adulteration - Sec. 26(1) 
THE FORTUNATE FOX,2023-09-21,C - Crucial,43.66749605037695,-79.40079058877359,Fail to protect food from contamination or adulteration - Sec. 26(1) 
THE FOX,2022-08-03,C - Crucial,43.70729130921343,-79.39620092856201,Store ice in unsanitary manner - Sec.  26(5) 
THE FOX AND THE FIDDLE (FOX ON JOHN),2023-10-06,C - Crucial,43.64781336715617,-79.39121463924727,Store ice in unsanitary manner - Sec.  26(5) 
THE FRIENDLY BUTCHER,2023-10-31,C - Crucial,43.7293341319939,-79.40267301418692,Fail to protect food from contamination or adulteration - Sec. 26(1) 
THE FRIENDLY BUTCHER-GOOD'N READY,2023-06-28,C - Crucial,43.68745236325032,-79.42467055425222,Refrigerate potentially hazardous foods at internal temperature above 4 C - Sec. 30(a)
THE FRIENDLY BUTCHER-GOOD'N READY,2023-06-28,C - Crucial,43.687658011714,-79.42391960342476,Fail to protect food from contamination or adulteration - Sec. 26(1) 
THE FRIENDLY GREEK,2024-04-25,C - Crucial,43.67842872242017,-79.34900004197522,Fail to protect food from contamination or adulteration - Sec. 26(1) 
THE FRIENDLY GREEK,2024-04-25,C - Crucial,43.67779017080566,-79.34948496685435,Handle ice in unsanitary manner - Sec.  26(5) 
THE FRIENDLY THAI,2023-02-01,C - Crucial,43.64593766145405,-79.44900503322911,Fail to protect food from contamination or adulteration - Sec. 26(1) 
THE FRIENDLY THAI,2023-02-01,C - Crucial,43.64600813504866,-79.44892308169494,Fail to ensure storage shelves designed to protect against contamination - Sec. 31
THE FRIENDLY THAI,2023-10-03,C - Crucial,43.66563947915424,-79.47087184176202,Fail to protect food from contamination or adulteration - Sec. 26(1) 
THE GREAT CANADIAN BAGEL,2023-10-16,C - Crucial,43.70637260997355,-79.39839713756272,Store potentially hazardous foods at internal temperature between 4 C and 60 C - Sec. 27(1)
THE GREAT CANADIAN BAGEL,2023-10-16,C - Crucial,43.705472486953184,-79.39881201736138,Fail to protect food from contamination or adulteration - Sec. 26(1) 
THE GREAT MARATHA,2023-11-09,C - Crucial,43.69987956563249,-79.42944785273059,Food premise maintained in manner permitting adverse effect on food - Sec. 7(1)(a)(iii) 
THE GREAT MARATHA,2023-11-09,C - Crucial,43.70008159601928,-79.42873547626392,Store potentially hazardous foods at internal temperature between 4 C and 60 C - Sec. 27(1)
THE GRENADIER CAFE,2023-12-19,C - Crucial,43.65339726390581,-79.46390935932439,Fail to protect food from contamination or adulteration - Sec. 26(1) 
THE GRILL COTTAGE,2022-06-27,C - Crucial,43.64042307736558,-79.43643504066607,Fail to ensure food handler in food premise washes hands as necessary to prevent contamination of food - Sec. 33(1)(e) 
THE GRILL COTTAGE,2022-06-27,C - Crucial,43.640975222931715,-79.43686563190931,Fail to protect food from contamination or adulteration - Sec. 26(1) 
THE GRILL COTTAGE,2022-06-27,C - Crucial,43.640594724379085,-79.43636251297895,Store potentially hazardous foods at internal temperature between 4 C and 60 C - Sec. 27(1)
THE GRILL COTTAGE,2023-07-24,C - Crucial,43.64103184929954,-79.43672365484922,Store potentially hazardous foods at internal temperature between 4 C and 60 C - Sec. 27(1)
THE ISLAND CARIBBEAN COOKSHOP,2023-08-17,C - Crucial,43.762315029642785,-79.41084235202027,Store potentially hazardous foods at internal temperature between 4 C and 60 C - Sec. 27(1)
THE KEG,2023-04-25,C - Crucial,43.7065105941905,-79.39792696255769,Store potentially hazardous foods at internal temperature between 4 C and 60 C - Sec. 27(1)
THE MOMO HOUSE,2022-10-12,C - Crucial,43.67031292664853,-79.3899749252399,Maintain potentially hazardous foods at internal temperature between 4 C and 60 C -  Sec. 27(1)
THE MOMO HOUSE,2024-04-26,C - Crucial,43.67855146726239,-79.34439207381365,Fail to protect food from contamination or adulteration - Sec. 26(1) 
THE MONKEY BAR & GRILL,2023-07-05,C - Crucial,43.731525652934344,-79.403634965888,Fail to protect food from contamination or adulteration - Sec. 26(1) 
THE MORNING AFTER,2023-08-09,C - Crucial,43.640492300654145,-79.39718017647203,Food premise maintained in manner permitting adverse effect on food - Sec. 7(1)(a)(iii) 
THE NUTRITION BAR,2023-07-05,C - Crucial,43.6672467255726,-79.38559581139852,Fail to protect food from contamination or adulteration - Sec. 26(1) 
THE OLD HOUSE,2023-05-17,C - Crucial,43.786725720076596,-79.27652528016132,Fail to protect food from contamination or adulteration - Sec. 26(1) 
THE PORTUGUESE CHICKEN GUYS,2024-01-22,C - Crucial,43.62642119187071,-79.54054106905586,Fail to protect food from contamination or adulteration - Sec. 26(1) 
THE REAL JERK,2024-01-18,C - Crucial,43.66795366823131,-79.34330453552553,Food premise maintained in manner to permit contamination of single-service containers - Sec. 7(1)(h)  
THE RIVIERA,2023-09-29,C - Crucial,43.62693104617143,-79.35622180427318,Fail to protect food from contamination or adulteration - Sec. 26(1) 
THE RIVIERA,2024-04-25,C - Crucial,43.62725449173399,-79.35667200788923,Fail to protect food from contamination or adulteration - Sec. 26(1) 
THE RIVIERA,2024-04-25,C - Crucial,43.62738099573537,-79.35710218972847,Store ice in unsanitary manner - Sec.  26(5) 
THE ROSE AND CROWN,2022-07-26,C - Crucial,43.70872502970224,-79.39856430737994,Store ice in unsanitary manner - Sec.  26(5) 
THE ROY PUBLIC HOUSE,2023-11-23,C - Crucial,43.66082219641863,-79.34367124919952,Fail to ensure food handler in food premise washes hands as necessary to prevent contamination of food areas - Sec.  33(1)(e)
THE ROY PUBLIC HOUSE,2023-11-23,C - Crucial,43.66047939120606,-79.34367189595855,Fail to ensure food handler in food premise refrains from conduct that could result in contamination of food areas - Sec. 33(1)(h) 
THE SHAMEFUL TIKI ROOM,2023-10-23,C - Crucial,43.64206978311563,-79.43322374938349,Fail to protect food from contamination or adulteration - Sec. 26(1) 
THE SHORE CLUB,2023-09-18,C - Crucial,43.64608442371484,-79.38608166902227,Store ice in unsanitary manner - Sec.  26(5) 
THE SIX CONVENIENCE,2023-04-17,C - Crucial,43.603489365176785,-79.50459997320984,Fail to ensure room kept free from live birds or animals - Sec. 14(1)
THE SKYLINE RESTAURANT,2023-11-27,C - Crucial,43.64095742118526,-79.43535805542051,Fail to protect food from contamination or adulteration - Sec. 26(1) 
THE SKYLINE RESTAURANT,2023-11-27,C - Crucial,43.64102007163149,-79.4353562333568,Store potentially hazardous foods at internal temperature between 4 C and 60 C - Sec. 27(1)
THE SPICY GRILL,2023-06-07,C - Crucial,43.69282113644509,-79.28307345901625,Maintain potentially hazardous foods at internal temperature between 4 C and 60 C -  Sec. 27(1)
THE SPICY GRILL,2023-06-07,C - Crucial,43.693189670999274,-79.28276943805896,Food premise maintained in manner permitting adverse effect on food - Sec. 7(1)(a)(iii) 
THE SPICY GRILL,2023-08-09,C - Crucial,43.69289524446938,-79.28335523738815,Maintain potentially hazardous foods at internal temperature between 4 C and 60 C -  Sec. 27(1)
THE SPICY GRILL,2023-08-09,C - Crucial,43.69276638883608,-79.28322755464079,Fail to ensure food handler in food premise washes hands as necessary to prevent contamination of food - Sec. 33(1)(e) 
THE SWAN A FIRKIN PUB,2024-05-23,C - Crucial,43.651009062347136,-79.47561822128586,Store ice in unsanitary manner - Sec.  26(5) 
THE TUMMY SECTION-BY DELHI BOYZ,2023-12-27,C - Crucial,43.65405506747057,-79.45103629416774,Fail to protect food from contamination or adulteration - Sec. 26(1) 
THIRSTEA BLOOR STREET,2024-06-04,C - Crucial,43.66435096066647,-79.41455158959036,Fail to protect food from contamination or adulteration - Sec. 26(1) 
THREE KINGDOMS PIZZA,2023-05-30,C - Crucial,43.665000866015724,-79.38424560240419,Fail to protect food from contamination or adulteration - Sec. 26(1) 
TIM HORTONS,2022-07-20,C - Crucial,43.7062580362128,-79.25183715944814,Food premise maintained in manner permitting adverse effect on food - Sec. 7(1)(a)(iii) 
TIM HORTONS,2023-08-25,C - Crucial,43.679526495207966,-79.34516069217504,Fail to ensure food handler in food premise washes hands as necessary to prevent contamination of food - Sec. 33(1)(e) 
TIM HORTONS,2024-02-16,C - Crucial,43.71964042361805,-79.46798901798665,Fail to protect food from contamination or adulteration - Sec. 26(1) 
TIM HORTONS,2023-07-12,C - Crucial,43.78712999408347,-79.47017250001235,Store ice in unsanitary manner - Sec.  26(5) 
TIM HORTONS,2023-07-12,C - Crucial,43.78668742239712,-79.47068469650851,Fail to ensure food handler in food premise washes hands as necessary to prevent contamination of food - Sec. 33(1)(e) 
TIM HORTONS,2023-04-28,C - Crucial,43.726020665060354,-79.2313486704291,Maintain potentially hazardous foods at internal temperature between 4 C and 60 C -  Sec. 27(1)
TIM HORTONS,2022-10-05,C - Crucial,43.680433471706124,-79.28297911394027,Food premise maintained in manner permitting adverse effect on food - Sec. 7(1)(a)(iii) 
TIM HORTONS,2022-10-05,C - Crucial,43.68089070170685,-79.28296428158457,Fail to protect food from contamination or adulteration - Sec. 26(1) 
TIM HORTONS,2023-06-20,C - Crucial,43.73210033012172,-79.41887043619312,Fail to ensure food handler in food premise washes hands as necessary to prevent contamination of food - Sec. 33(1)(e) 
TIM HORTONS,2024-02-26,C - Crucial,43.67228431028531,-79.37698099135261,Food premise maintained in manner to permit contamination of single-service containers - Sec. 7(1)(h)  
TIM HORTONS,2023-08-24,C - Crucial,43.689445149561465,-79.3936400201726,Fail to protect food from contamination or adulteration - Sec. 26(1) 
TIN SHING HONG,2024-03-18,C - Crucial,43.804370513233394,-79.29547707793907,Fail to protect food from contamination or adulteration - Sec. 26(1) 
TIN SHING HONG,2024-03-18,C - Crucial,43.804475153194275,-79.29508942566167,Fail to ensure food handler in food premise washes hands as necessary to prevent contamination of food - Sec. 33(1)(e) 
TIN TIN CONGEE CHINESE RESTAURANT,2024-05-29,C - Crucial,43.77417004198053,-79.49193012036643,Fail to protect food from contamination or adulteration - Sec. 26(1) 
TINUNO,2023-11-06,C - Crucial,43.670569079547604,-79.37469215823769,Maintain potentially hazardous foods at internal temperature between 4 C and 60 C -  Sec. 27(1)
TINUNO,2023-03-06,C - Crucial,43.72946471914641,-79.43233604572337,Store potentially hazardous foods at internal temperature between 4 C and 60 C - Sec. 27(1)
TINUNO,2023-03-06,C - Crucial,43.72915581190738,-79.43308184065633,Store ice in unsanitary manner - Sec.  26(5) 
TINUNO,2023-03-06,C - Crucial,43.72925639325024,-79.43256680182496,Fail to protect food from contamination or adulteration - Sec. 26(1) 
TINUNO,2023-03-06,C - Crucial,43.729325480569905,-79.43244886779186,Fail to ensure food handler in food premise washes hands as necessary to prevent contamination of food - Sec. 33(1)(e) 
TIPSY MOOSE PUB,2024-04-19,C - Crucial,43.68457861887792,-79.31695754509116,Store ice in unsanitary manner - Sec.  26(5) 
TITA'S MEXICAN FOOD,2023-11-07,C - Crucial,43.66896214525242,-79.48181898120643,Food premise maintained in manner to permit contamination of single-service containers - Sec. 7(1)(h)  
TITA'S MEXICAN FOOD,2023-11-07,C - Crucial,43.66872241571885,-79.48162923967769,Fail to protect food from contamination or adulteration - Sec. 26(1) 
TLM CATERING,2023-08-15,C - Crucial,43.7125465188777,-79.34980349840728,Refrigerate potentially hazardous foods at internal temperature above 4 C - Sec. 30(a)
TOBY'S FOOD MART,2023-03-23,C - Crucial,43.67031037330491,-79.31104454846064,Fail to ensure storage pallets designed to protect against contamination - Sec. 31
TOBY'S FOOD MART,2023-03-23,C - Crucial,43.66949432248635,-79.31099801457373,Fail to protect food from contamination or adulteration - Sec. 26(1) 
TOKYO GRILL 2,2023-10-23,C - Crucial,43.770154416888225,-79.41269238318662,Maintain potentially hazardous foods at internal temperature between 4 C and 60 C -  Sec. 27(1)
TOKYO GRILL 2,2023-10-23,C - Crucial,43.770584183462454,-79.41250987021128,Fail to protect food from contamination or adulteration - Sec. 26(1) 
TOMATONO KOREAN MEAL KIT,2024-04-25,C - Crucial,43.76390150951272,-79.47572946298858,Fail to protect food from contamination or adulteration - Sec. 26(1) 
TOP FOOD ASIAN CUISINE,2023-01-20,C - Crucial,43.75834779367746,-79.51946900470722,Fail to protect food from contamination or adulteration - Sec. 26(1) 
TOP FOOD SUPERMARKET,2023-08-28,C - Crucial,43.751414880885825,-79.2602862471343,Fail to protect food from contamination or adulteration - Sec. 26(1) 
TOP FOOD SUPERMARKET,2023-08-28,C - Crucial,43.75144176421509,-79.26030763510643,Store potentially hazardous foods at internal temperature between 4 C and 60 C - Sec. 27(1)
TORA RESTAURANTS,2023-10-25,C - Crucial,43.726165791559936,-79.45122407634159,Fail to protect food from contamination or adulteration - Sec. 26(1) 
TORA RESTAURANTS,2023-10-25,C - Crucial,43.72650531405437,-79.45189686438584,Fail to ensure food handler in food premise washes hands as necessary to prevent contamination of food - Sec. 33(1)(e) 
TORA RESTAURANTS,2023-10-25,C - Crucial,43.725952713541865,-79.45165341133118,Store potentially hazardous foods at internal temperature between 4 C and 60 C - Sec. 27(1)
TORONTO DON VALLEY HOTEL & SUITES,2023-03-09,C - Crucial,43.72490273094594,-79.32737065952664,Fail to ensure food handler in food premise refrains from conduct that could result in contamination of food areas - Sec. 33(1)(h) 
TORONTO DON VALLEY HOTEL & SUITES,2023-03-09,C - Crucial,43.72477545083149,-79.32772084799876,Fail to ensure food handler in food premise washes hands as necessary to prevent contamination of food areas - Sec.  33(1)(e)
TORONTO PHO,2024-02-20,C - Crucial,43.700911808768346,-79.45152128877197,Store ice in unsanitary manner - Sec.  26(5) 
TORONTO PHO,2024-02-20,C - Crucial,43.701172144886996,-79.45118389879812,Maintain potentially hazardous foods at internal temperature between 4 C and 60 C -  Sec. 27(1)
TORONTO SHAWARMA,2024-04-30,C - Crucial,43.63891831474934,-79.42762377941524,Maintain potentially hazardous foods at internal temperature between 4 C and 60 C -  Sec. 27(1)
TOUHENBOKU,2023-01-19,C - Crucial,43.65048911337429,-79.3888073206113,Fail to protect food from contamination or adulteration - Sec. 26(1) 
TOUHENBOKU,2023-01-19,C - Crucial,43.65004499588219,-79.3896089421663,Store ice in unsanitary manner - Sec.  26(5) 
TRADITIONAL KOREAN BAKERY,2022-06-23,C - Crucial,43.647088802434254,-79.53115405344869,Fail to protect food from contamination or adulteration - Sec. 26(1) 
TRIPLE-TRIPLE PIZZA & CHICKEN,2023-08-30,C - Crucial,43.68955232768594,-79.47585622021872,Food premise maintained in manner to permit contamination of single-service containers - Sec. 7(1)(h)  
TULIPA - CROISSANTERIA SALAO DE CHA,2022-11-10,C - Crucial,43.64890533081094,-79.42595456932544,Food premise maintained in manner permitting health hazard - Sec. 7(1)(a)(i)    
TULIPA - CROISSANTERIA SALAO DE CHA,2022-11-10,C - Crucial,43.64957067526876,-79.42628876236087,Fail to protect food from contamination or adulteration - Sec. 26(1) 
TUNG HING BAKERY,2024-04-25,C - Crucial,43.72085776622057,-79.51247038178238,Store ice in unsanitary manner - Sec.  26(5) 
TUNG HING BAKERY,2024-04-25,C - Crucial,43.72091080365712,-79.51276864599505,Fail to ensure food handler in food premise washes hands as necessary to prevent contamination of food - Sec. 33(1)(e) 
TUNG HING BAKERY,2024-04-25,C - Crucial,43.72068817903924,-79.51294189891117,Offer for sale potentially hazardous foods at internal temperature between 4 C and 60 C - Sec. 27(1)
TUTTO PRONTO,2022-07-21,C - Crucial,43.72823169994109,-79.41788667074789,Refrigerate potentially hazardous foods at internal temperature above 4 C - Sec. 30(a)
TWO BROTHERS SHAWARMA,2022-07-15,C - Crucial,43.689989557690325,-79.2951429054471,Food premise maintained in manner permitting adverse effect on food - Sec. 7(1)(a)(iii) 
TWO BROTHERS SHAWARMA,2022-07-15,C - Crucial,43.68959322580437,-79.2953831527159,Maintain potentially hazardous foods at internal temperature between 4 C and 60 C -  Sec. 27(1)
TYNDALE UNIVERSITY & COLLEGE SEMINARY,2023-04-21,C - Crucial,43.79761937265644,-79.39179690043314,Hot-holding potentially hazardous foods at internal temperature below 60 C - Sec. 30(a)
TZATZIKI,2024-03-11,C - Crucial,43.70742334448903,-79.39003701845797,Maintain potentially hazardous foods at internal temperature between 4 C and 60 C -  Sec. 27(1)
TZATZIKI,2024-03-11,C - Crucial,43.706786802580886,-79.38957888780469,Food premise maintained in manner permitting adverse effect on food - Sec. 7(1)(a)(iii) 
TZATZIKI,2024-03-11,C - Crucial,43.70655570659662,-79.39053242233717,Fail to process food in manner safe to eat - Sec. 26(2)
Tajmahal Foods,2022-06-30,C - Crucial,43.74383957750195,-79.21760245543358,Fail to ensure food handler in food premise washes hands as necessary to prevent contamination of food areas - Sec.  33(1)(e)
Tajmahal Foods,2022-06-30,C - Crucial,43.74406305124062,-79.21822761342145,Fail to protect food from contamination or adulteration - Sec. 26(1) 
Tajmahal Foods,2022-06-30,C - Crucial,43.74403930089669,-79.21726645998645,Store potentially hazardous foods at internal temperature between 4 C and 60 C - Sec. 27(1)
Tashi Delek Cafe,2022-07-21,C - Crucial,43.640238274942554,-79.43655893521766,Store potentially hazardous foods at internal temperature between 4 C and 60 C - Sec. 27(1)
Tashi Delek Cafe,2022-07-21,C - Crucial,43.63979118705056,-79.43674749777279,Fail to protect food from contamination or adulteration - Sec. 26(1) 
Tashi Delek Cafe,2022-07-21,C - Crucial,43.63990541334025,-79.43700169195121,Food premise maintained in manner permitting health hazard (Rodents) - Sec. 7(1)(a)(i)    
Tashi Delek Cafe,2023-10-31,C - Crucial,43.639878058654325,-79.43712424114884,Store potentially hazardous foods at internal temperature between 4 C and 60 C - Sec. 27(1)
Tashi Delek Cafe,2023-10-31,C - Crucial,43.640389187110934,-79.43751118579043,Fail to ensure food handler in food premise washes hands as necessary to prevent contamination of food - Sec. 33(1)(e) 
Thai Restaurant,2022-09-29,C - Crucial,43.735253936799836,-79.25943780071364,Fail to protect food from contamination or adulteration - Sec. 26(1) 
Thai Restaurant,2023-08-23,C - Crucial,43.73506422118896,-79.25943225867539,Maintain potentially hazardous foods at internal temperature between 4 C and 60 C -  Sec. 27(1)
Thai Restaurant,2023-08-23,C - Crucial,43.73459134180172,-79.25963230686678,Fail to protect food from contamination or adulteration - Sec. 26(1) 
Tong Ha Supreme BBQ,2022-08-31,C - Crucial,43.821582546059176,-79.29885862713608,Fail to protect food from contamination or adulteration - Sec. 26(1) 
Tong Ha Supreme BBQ,2022-10-13,C - Crucial,43.82140105226319,-79.29930450898937,Food premise maintained in manner to permit contamination of single-service articles - Sec. 7(1)(h)  
Tong Ha Supreme BBQ,2022-10-13,C - Crucial,43.82211250482778,-79.29934828671166,Fail to protect food from contamination or adulteration - Sec. 26(1) 
Tong Ha Supreme BBQ,2022-10-13,C - Crucial,43.822408323417015,-79.29866760585382,Maintain potentially hazardous foods at internal temperature between 4 C and 60 C -  Sec. 27(1)
Tong Ha Supreme BBQ,2022-10-28,C - Crucial,43.821848605253564,-79.29930749755934,Fail to protect food from contamination or adulteration - Sec. 26(1) 
Tong Ha Supreme BBQ,2024-02-23,C - Crucial,43.82161475802672,-79.29927237695811,Store potentially hazardous foods at internal temperature between 4 C and 60 C - Sec. 27(1)
Tropical Nights Restaurant,2023-12-21,C - Crucial,43.801585107642694,-79.19928954417001,Fail to protect food from contamination or adulteration - Sec. 26(1) 
Tropical Nights Restaurant,2023-12-21,C - Crucial,43.80174664562084,-79.20008975176319,Refrigerate potentially hazardous foods at internal temperature above 4 C - Sec. 30(a)
UMAMI POKE,2023-03-31,C - Crucial,43.68387034733869,-79.39223792068863,Food premise maintained in manner to permit contamination of single-service containers - Sec. 7(1)(h)  
UMAMI POKE,2023-03-31,C - Crucial,43.68308602279538,-79.39267275276238,Fail to protect food from contamination or adulteration - Sec. 26(1) 
UMAMI POKE,2023-10-04,C - Crucial,43.68290537511333,-79.39182262249516,Maintain potentially hazardous foods at internal temperature between 4 C and 60 C -  Sec. 27(1)
UNION SOCIAL EATERY,2023-03-23,C - Crucial,43.68821749688285,-79.39258314628773,Store ice in unsanitary manner - Sec.  26(5) 
UNION SOCIAL EATERY,2023-03-23,C - Crucial,43.68778567910983,-79.39330427346138,Fail to protect food from contamination or adulteration - Sec. 26(1) 
UNION SOCIAL EATERY,2023-03-23,C - Crucial,43.68821405354088,-79.39268874605644,Store potentially hazardous foods at internal temperature between 4 C and 60 C - Sec. 27(1)
UNION SOCIAL EATERY,2023-07-05,C - Crucial,43.68820377036956,-79.39295316788888,Store potentially hazardous foods at internal temperature between 4 C and 60 C - Sec. 27(1)
UNION SOCIAL EATERY,2023-09-13,C - Crucial,43.763718960025734,-79.41141834385222,Display potentially hazardous foods at internal temperature between 4 C and 60 C - Sec. 27(1)
UPTOWN BRIE,2022-08-04,C - Crucial,43.7115312970828,-79.399903103881,Store potentially hazardous foods at internal temperature between 4 C and 60 C - Sec. 27(1)
UPTOWN CHURRASQUEIRA,2024-03-12,C - Crucial,43.75365742020319,-79.54208743328779,Hot-holding potentially hazardous foods at internal temperature below 60 C - Sec. 30(a)
URBAN HAKKA,2023-12-18,C - Crucial,43.73054362174588,-79.40326011202254,Fail to protect food from contamination or adulteration - Sec. 26(1) 
URBAN HAKKA,2023-12-18,C - Crucial,43.730574655861865,-79.4030599514139,Fail to ensure food handler in food premise washes hands as necessary to prevent contamination of food - Sec. 33(1)(e) 
URBAN HAKKA,2023-12-18,C - Crucial,43.73042409942982,-79.40264725077134,Store potentially hazardous foods at internal temperature between 4 C and 60 C - Sec. 27(1)
URBAN HAKKA,2024-02-08,C - Crucial,43.73058406488286,-79.40350006405524,Fail to protect food from contamination or adulteration - Sec. 26(1) 
URBAN HAKKA,2024-02-08,C - Crucial,43.73020632516441,-79.40351491952936,Store potentially hazardous foods at internal temperature between 4 C and 60 C - Sec. 27(1)
VAGABONDO RESTO BAR,2023-10-24,C - Crucial,43.643186811303615,-79.39070651309073,Fail to protect food from contamination or adulteration - Sec. 26(1) 
VALLEYFIELD JR. SCHOOL SNACK PROGRAM,2022-09-21,C - Crucial,43.694396396835515,-79.53832918430776,Store potentially hazardous foods at internal temperature between 4 C and 60 C - Sec. 27(1)
VEERAR TAKEOUT & CATERING,2023-01-19,C - Crucial,43.795783181946746,-79.23083299567132,Fail to protect food from contamination or adulteration - Sec. 26(1) 
VESTA LUNCH,2023-09-19,C - Crucial,43.67292714700789,-79.41412241387505,Fail to protect food from contamination or adulteration - Sec. 26(1) 
VESTA LUNCH,2023-09-19,C - Crucial,43.67331863172891,-79.41406419756665,Store potentially hazardous foods at internal temperature between 4 C and 60 C - Sec. 27(1)
VICTORY CAFE,2022-07-04,C - Crucial,43.66627411765687,-79.40826501028363,Store potentially hazardous foods at internal temperature between 4 C and 60 C - Sec. 27(1)
VICTORY CAFE,2024-04-02,C - Crucial,43.66607444995055,-79.4082326485992,Fail to protect food from contamination or adulteration - Sec. 26(1) 
VICTORY CAFE,2024-06-03,C - Crucial,43.666124051945545,-79.40829526007501,Fail to protect food from contamination or adulteration - Sec. 26(1) 
VIETNAM LOVELY NOODLE,2023-10-24,C - Crucial,43.66637510872938,-79.40631644808715,Fail to protect food from contamination or adulteration - Sec. 26(1) 
VILA VERDE BAR & GRILL,2022-12-14,C - Crucial,43.677209028159055,-79.47201685888383,Fail to protect food from contamination or adulteration - Sec. 26(1) 
VILA VERDE BAR & GRILL,2024-04-10,C - Crucial,43.67708329183464,-79.47233817734109,Fail to ensure storage shelves designed to protect against contamination - Sec. 31
VILLA COLOMBO HOMES FOR THE AGED,2022-06-23,C - Crucial,43.71055568228757,-79.45600756126487,Store potentially hazardous foods at internal temperature between 4 C and 60 C - Sec. 27(1)
VINDALOO INDIAN CUISINE,2022-06-24,C - Crucial,43.722684543762185,-79.23577831864112,Fail to protect food from contamination or adulteration - Sec. 26(1) 
VINDALOO INDIAN CUISINE,2022-06-24,C - Crucial,43.721794533296055,-79.23512247144134,Maintain potentially hazardous foods at internal temperature between 4 C and 60 C -  Sec. 27(1)
VIPEI BISTRO,2023-09-18,C - Crucial,43.72687983095201,-79.22947500345948,Store potentially hazardous foods at internal temperature between 4 C and 60 C - Sec. 27(1)
WAI YU LAU RESTAURANT,2022-10-17,C - Crucial,43.80548339296691,-79.28805074205358,Fail to protect food from contamination or adulteration - Sec. 26(1) 
WANAS SHAWARMA,2024-03-20,C - Crucial,43.67781548969087,-79.35087613140661,Fail to protect food from contamination or adulteration - Sec. 26(1) 
WEI'S TAIWANESE FOOD INC.,2023-01-26,C - Crucial,43.78988323740673,-79.30231647957532,Fail to protect food from contamination or adulteration - Sec. 26(1) 
WELL & BETTER COFFEE,2023-09-29,C - Crucial,43.70424159324774,-79.38885590100816,Refrigerate potentially hazardous foods at internal temperature above 4 C - Sec. 30(a)
WELLESLEY CENTRAL PLACE,2023-10-05,C - Crucial,43.66687598668374,-79.37613598615762,Store potentially hazardous foods at internal temperature between 4 C and 60 C - Sec. 27(1)
WENDY'S,2022-09-02,C - Crucial,43.70500371551167,-79.35095299759384,Fail to protect food from contamination or adulteration - Sec. 26(1) 
WENDY'S,2023-07-25,C - Crucial,43.71293537066645,-79.46134305280066,Sell potentially hazardous foods at internal temperature between 4 C and 60 C - Sec. 27(1)
WENDY'S,2023-07-25,C - Crucial,43.712748696713895,-79.460641635989,Fail to protect food from contamination or adulteration - Sec. 26(1) 
WENDY'S,2022-09-12,C - Crucial,43.78525367596258,-79.475215302988,Fail to ensure food handler in food premise washes hands as necessary to prevent contamination of food - Sec. 33(1)(e) 
WENDY'S,2022-09-12,C - Crucial,43.78570350823418,-79.47558959925635,Store potentially hazardous foods at internal temperature between 4 C and 60 C - Sec. 27(1)
WESTON STATION,2023-02-21,C - Crucial,43.70014358600008,-79.51716175544614,Fail to protect food from contamination or adulteration - Sec. 26(1) 
WESTWOOD GRILL,2023-12-05,C - Crucial,43.65977618198451,-79.48000788595992,Fail to protect food from contamination or adulteration - Sec. 26(1) 
WHITE EAGLE NURSING HOME,2022-09-26,C - Crucial,43.637388081132954,-79.43924468465173,Fail to ensure storage shelves designed to protect against contamination - Sec. 31
WIKKI HUT,2024-01-16,C - Crucial,43.76187946195105,-79.41050658524962,Fail to protect food from contamination or adulteration - Sec. 26(1) 
WIKKI HUT,2024-05-15,C - Crucial,43.76249704607003,-79.41069165441667,Fail to protect food from contamination or adulteration - Sec. 26(1) 
WIKKI HUT,2023-06-14,C - Crucial,43.71731952549649,-79.44718738312801,Display potentially hazardous foods at internal temperature between 4 C and 60 C - Sec. 27(1)
WIKKI HUT,2023-06-14,C - Crucial,43.71671063774937,-79.44744051099417,Fail to protect food from contamination or adulteration - Sec. 26(1) 
WIKKI HUT,2023-06-14,C - Crucial,43.71656741416926,-79.44738193823969,Store ice in unsanitary manner - Sec.  26(5) 
WIKKI HUT,2023-06-14,C - Crucial,43.71757470355708,-79.44746379764949,Fail to ensure food handler in food premise washes hands as necessary to prevent contamination of food - Sec. 33(1)(e) 
WILD WING,2022-08-22,C - Crucial,43.64342240310509,-79.40311313649364,Store potentially hazardous foods at internal temperature between 4 C and 60 C - Sec. 27(1)
WILD WING,2023-01-06,C - Crucial,43.643770528968474,-79.40278133793521,Fail to maintain records of food purchased  - Sec. 29(2)  
WILD WING,2023-01-06,C - Crucial,43.644343726214196,-79.40280770031849,Food premise maintained in manner permitting adverse effect on food - Sec. 7(1)(a)(iii) 
WILD WING,2023-01-06,C - Crucial,43.643257737866726,-79.40277592041255,Operate food premise --- refrigeration equipment for potentially hazardous food not of sufficient size - Sec. 30(a)
WILD WING,2022-11-25,C - Crucial,43.720421107492925,-79.51215644065917,Fail to protect food from contamination or adulteration - Sec. 26(1) 
WILD WING,2023-05-29,C - Crucial,43.665770907013886,-79.40563447118095,Store potentially hazardous foods at internal temperature between 4 C and 60 C - Sec. 27(1)
WILD WING,2022-11-02,C - Crucial,43.70466175246907,-79.37463208480982,Fail to ensure food handler in food premise washes hands as necessary to prevent contamination of food - Sec. 33(1)(e) 
WILD WING,2022-11-02,C - Crucial,43.704555829161215,-79.37482559917393,Refrigerate potentially hazardous foods at internal temperature above 4 C - Sec. 30(a)
WILSON'S HAUS OF LECHON,2023-01-24,C - Crucial,43.736745020753474,-79.43712669428994,Fail to ensure food handler in food premise washes hands as necessary to prevent contamination of food - Sec. 33(1)(e) 
WILSON'S HAUS OF LECHON,2023-01-24,C - Crucial,43.73654052152551,-79.4366792933129,Store ice in unsanitary manner - Sec.  26(5) 
WILSON'S HAUS OF LECHON,2023-01-24,C - Crucial,43.73707697281922,-79.43668784406242,Display potentially hazardous foods at internal temperature between 4 C and 60 C - Sec. 27(1)
WILSON'S HAUS OF LECHON,2023-11-09,C - Crucial,43.73672265872956,-79.43683109384968,Sell potentially hazardous foods at internal temperature between 4 C and 60 C - Sec. 27(1)
WILSON'S HAUS OF LECHON,2023-11-09,C - Crucial,43.73673198550603,-79.43671471129129,Fail to ensure food handler in food premise washes hands as necessary to prevent contamination of food - Sec. 33(1)(e) 
WILSON'S HAUS OF LECHON,2023-11-09,C - Crucial,43.73668239539415,-79.43664969169274,Fail to protect food from contamination or adulteration - Sec. 26(1) 
WINDFIELD'S FAMILY RESTAURANT,2023-11-07,C - Crucial,43.75287305385051,-79.35813749121193,Fail to ensure food handler in food premise refrains from conduct that could result in contamination of food - Sec. 33(1)(h) 
WINDFIELD'S FAMILY RESTAURANT,2023-11-07,C - Crucial,43.75251361612017,-79.35867407376767,Fail to protect food from contamination or adulteration - Sec. 26(1) 
WINDIES RESTAURANT & SPORTS BAR,2023-11-03,C - Crucial,43.758906763480866,-79.23387374237629,Maintain potentially hazardous foods at internal temperature between 4 C and 60 C -  Sec. 27(1)
WING HING FOOD PRODUCTS INC,2023-06-15,C - Crucial,43.82650931333803,-79.25286653445903,Fail to protect food from contamination or adulteration - Sec. 26(1) 
WING HING FOOD PRODUCTS INC,2023-10-05,C - Crucial,43.826882760554746,-79.25231643610982,Fail to protect food from contamination or adulteration - Sec. 26(1) 
WING MACHINE,2023-11-06,C - Crucial,43.68145767462745,-79.33308373095727,Fail to protect food from contamination or adulteration - Sec. 26(1) 
WING MACHINE,2024-06-10,C - Crucial,43.681755882851775,-79.33327217865254,Food premise maintained in manner permitting adverse effect on food - Sec. 7(1)(a)(iii) 
WING WING RESTAURANT,2022-09-01,C - Crucial,43.69094410806078,-79.29023719298547,Food premise maintained in manner permitting adverse effect on food - Sec. 7(1)(a)(iii) 
WING WING RESTAURANT,2023-08-29,C - Crucial,43.6911036538721,-79.29004941151146,Food premise maintained in manner permitting adverse effect on food - Sec. 7(1)(a)(iii) 
WINGS 'N' BITES,2023-11-15,C - Crucial,43.639424445224904,-79.38143946194455,Fail to protect food from contamination or adulteration - Sec. 26(1) 
WINGS N BITES,2023-02-22,C - Crucial,43.8351584134123,-79.25014558799406,Refrigerate potentially hazardous foods at internal temperature above 4 C - Sec. 30(a)
WOK AND BOWL,2023-05-08,C - Crucial,43.71797696189079,-79.42916869048831,Fail to protect food from contamination or adulteration - Sec. 26(1) 
WOKKING ON WHEELS,2023-07-12,C - Crucial,43.665415608279126,-79.39815708186967,Store potentially hazardous foods at internal temperature between 4 C and 60 C - Sec. 27(1)
WON KEE BBQ & BAR,2024-04-19,C - Crucial,43.775146534345915,-79.4140289666963,Maintain potentially hazardous foods at internal temperature between 4 C and 60 C -  Sec. 27(1)
WOOD HOUSE BARBECUE,2023-08-22,C - Crucial,43.75824831061019,-79.41053924223534,Store potentially hazardous foods at internal temperature between 4 C and 60 C - Sec. 27(1)
WOOJOO BUNSIK,2024-02-12,C - Crucial,43.78949213605023,-79.41823286136776,Store potentially hazardous foods at internal temperature between 4 C and 60 C - Sec. 27(1)
WOONDALL,2024-04-16,C - Crucial,43.69119547911514,-79.29079990277755,Fail to protect food from contamination or adulteration - Sec. 26(1) 
WORLD FAMOUS PIZZA,2022-11-22,C - Crucial,43.80131903985888,-79.19954157683053,Maintain potentially hazardous foods at internal temperature between 4 C and 60 C -  Sec. 27(1)
WORLD FAMOUS PIZZA,2022-11-22,C - Crucial,43.80141848599851,-79.19849620543145,Fail to protect food from contamination or adulteration - Sec. 26(1) 
WORLDLY FOOD,2022-10-19,C - Crucial,43.7295349392643,-79.4317285686026,Fail to protect food from contamination or adulteration - Sec. 26(1) 
WORLDLY FOOD,2022-10-19,C - Crucial,43.72976978026575,-79.43217384738976,Store potentially hazardous foods at internal temperature between 4 C and 60 C - Sec. 27(1)
WORLDLY FOOD,2023-06-21,C - Crucial,43.73008095687858,-79.43215250805424,Fail to protect food from contamination or adulteration - Sec. 26(1) 
WORLDLY FOOD,2023-06-21,C - Crucial,43.7295260156894,-79.43164016577971,Refrigerate potentially hazardous foods at internal temperature above 4 C - Sec. 30(a)
WYCHWOOD PUB,2024-02-12,C - Crucial,43.683356932424154,-79.41893225472938,Fail to protect food from contamination or adulteration - Sec. 26(1) 
XE KEM,2024-02-23,C - Crucial,43.75114985388499,-79.54374586430782,Maintain potentially hazardous foods at internal temperature between 4 C and 60 C -  Sec. 27(1)
XE KEM,2024-02-23,C - Crucial,43.75124572373131,-79.54409266293439,Food premise maintained in manner to permit contamination of single-service containers - Sec. 7(1)(h)  
XE KEM,2024-02-23,C - Crucial,43.75141805612842,-79.54349292301788,Fail to ensure storage shelves designed to protect against contamination - Sec. 31
XIAO FANG YANG BBQ,2023-08-29,C - Crucial,43.81510349678468,-79.29695007557365,Fail to protect food from contamination or adulteration - Sec. 26(1) 
XIAO FANG YANG BBQ,2024-04-14,C - Crucial,43.81530173909504,-79.29749121500832,Store potentially hazardous foods at internal temperature between 4 C and 60 C - Sec. 27(1)
XIAO FANG YANG BBQ,2024-04-14,C - Crucial,43.815501640193176,-79.2963584515133,Fail to protect food from contamination or adulteration - Sec. 26(1) 
YANAGI SUSHI,2022-12-06,C - Crucial,43.68400828542109,-79.32513954838092,Fail to protect food from contamination or adulteration - Sec. 26(1) 
YANAGI SUSHI,2023-08-22,C - Crucial,43.68318187975068,-79.32476980829342,Food premise maintained in manner to permit contamination of single-service containers - Sec. 7(1)(h)  
YANAGI SUSHI,2023-08-22,C - Crucial,43.683196760513184,-79.32452860469859,Fail to protect food from contamination or adulteration - Sec. 26(1) 
YANAGI SUSHI,2024-03-05,C - Crucial,43.68297309450973,-79.3243853005251,Food premise maintained in manner to permit contamination of single-service containers - Sec. 7(1)(h)  
YANAGI SUSHI,2024-03-05,C - Crucial,43.68321551350704,-79.32548791093863,Store potentially hazardous foods at internal temperature between 4 C and 60 C - Sec. 27(1)
YANG'S BBQ RESTAURANT,2022-09-14,C - Crucial,43.803741593740995,-79.2871497539767,Fail to protect food from contamination or adulteration - Sec. 26(1) 
YANG'S BBQ RESTAURANT,2023-08-30,C - Crucial,43.80357218855359,-79.28713186739344,Fail to protect food from contamination or adulteration - Sec. 26(1) 
YARL CREAM HOUSE,2023-11-06,C - Crucial,43.82531961604943,-79.24782468727057,Fail to protect food from contamination or adulteration - Sec. 26(1) 
YARL CREAM HOUSE,2024-06-05,C - Crucial,43.82564855781682,-79.24780034016989,Maintain potentially hazardous foods at internal temperature between 4 C and 60 C -  Sec. 27(1)
YATAI JAPANESE STREET FOOD - FB 204 - CNE 2023,2023-08-31,C - Crucial,43.6373574671759,-79.40960873980092,Maintain potentially hazardous foods at internal temperature between 4 C and 60 C -  Sec. 27(1)
YAYA GREEK BISTRO,2023-07-11,C - Crucial,43.66285988833054,-79.33160856532683,Distribute potentially hazardous foods at internal temperature between 4 C and 60 C - Sec. 27(1)
YAYA GREEK BISTRO,2024-05-24,C - Crucial,43.663111270545514,-79.33215845943529,Handle ice in unsanitary manner - Sec.  26(5) 
YAYA GREEK BISTRO,2024-05-24,C - Crucial,43.66317447800838,-79.33190606350826,Store potentially hazardous foods at internal temperature between 4 C and 60 C - Sec. 27(1)
YI FANG TAIWAN FRUIT TEA,2022-10-18,C - Crucial,43.80496011814231,-79.29052421513165,Fail to protect food from contamination or adulteration - Sec. 26(1) 
YI FANG TAIWAN FRUIT TEA,2022-10-18,C - Crucial,43.80483516354898,-79.28992184068842,Store potentially hazardous foods at internal temperature between 4 C and 60 C - Sec. 27(1)
YIFANG TAIWAN FRUIT TEA/MR FISH,2023-05-15,C - Crucial,43.66683672782301,-79.38596545914592,Fail to protect food from contamination or adulteration - Sec. 26(1) 
YIN JI CHANG FEN,2022-11-17,C - Crucial,43.655404996467254,-79.39913027044989,Fail to protect food from contamination or adulteration - Sec. 26(1) 
YIN JI CHANG FEN,2023-12-12,C - Crucial,43.75847230983488,-79.40981688166916,Fail to ensure food handler in food premise washes hands as necessary to prevent contamination of food - Sec. 33(1)(e) 
YOGEN FRUZ,2023-06-22,C - Crucial,43.7256767969536,-79.4513533855232,Store ice in unsanitary manner - Sec.  26(5) 
YOGO YOGURT,2023-09-28,C - Crucial,43.65631898973888,-79.39893531725494,Display potentially hazardous foods at internal temperature between 4 C and 60 C - Sec. 27(1)
YOGO YOGURT,2023-09-28,C - Crucial,43.656415073628466,-79.39883918293611,Fail to protect food from contamination or adulteration - Sec. 26(1) 
YOI RAMEN EATERY,2023-10-25,C - Crucial,43.77761824383559,-79.34428602512227,Store potentially hazardous foods at internal temperature between 4 C and 60 C - Sec. 27(1)
YOI RAMEN EATERY,2023-10-25,C - Crucial,43.77786433271767,-79.34461520012599,Food premise maintained in manner to permit contamination of single-service articles - Sec. 7(1)(h)  
YOI RAMEN EATERY,2024-01-31,C - Crucial,43.77726315664906,-79.34423052743064,Fail to ensure food handler in food premise washes hands as necessary to prevent contamination of food areas - Sec.  33(1)(e)
YOI RAMEN EATERY,2024-01-31,C - Crucial,43.777949672681494,-79.344389819983,Fail to protect food from contamination or adulteration - Sec. 26(1) 
YONGE FRESH MARKET,2022-09-15,C - Crucial,43.708439491750944,-79.38921503375916,Fail to protect food from contamination or adulteration - Sec. 26(1) 
YONGE FRESH MARKET,2022-09-15,C - Crucial,43.70853984746303,-79.38946385265513,Food premise maintained in manner to permit contamination of single-service articles - Sec. 7(1)(h)  
YONGE FRESH MARKET,2023-04-28,C - Crucial,43.70821912911116,-79.38948120045562,Food premise maintained in manner to permit contamination of single-service articles - Sec. 7(1)(h)  
YONGE FRESH MARKET,2023-04-28,C - Crucial,43.70839747296193,-79.38942508327824,Fail to protect food from contamination or adulteration - Sec. 26(1) 
YONGE FRESH MARKET,2023-04-28,C - Crucial,43.70800473355628,-79.389856793162,Store potentially hazardous foods at internal temperature between 4 C and 60 C - Sec. 27(1)
YONGE FRESH MARKET,2023-08-18,C - Crucial,43.70851371805615,-79.38948173667953,Fail to protect food from contamination or adulteration - Sec. 26(1) 
YONGE FRESH MARKET,2023-08-18,C - Crucial,43.708407533361445,-79.38916311921047,Store potentially hazardous foods at internal temperature between 4 C and 60 C - Sec. 27(1)
YONGE ST WAREHOUSE,2022-10-06,C - Crucial,43.65748778255134,-79.38230341271968,Store potentially hazardous foods at internal temperature between 4 C and 60 C - Sec. 27(1)
YONGE ST WAREHOUSE,2022-10-06,C - Crucial,43.65729000078365,-79.38180875018655,Fail to protect food from contamination or adulteration - Sec. 26(1) 
YORKDOWNS  CONVENIENCE,2024-02-15,C - Crucial,43.74646633722824,-79.43643962340514,Store potentially hazardous foods at internal temperature between 4 C and 60 C - Sec. 27(1)
YOURS FOOD MART,2022-06-24,C - Crucial,43.79828187539651,-79.31880125706576,Fail to protect food from contamination or adulteration - Sec. 26(1) 
YUKI JAPANESE RESTAURANT,2023-05-31,C - Crucial,43.721073329538164,-79.45591622723514,Fail to ensure food handler in food premise washes hands as necessary to prevent contamination of food - Sec. 33(1)(e) 
YUKI JAPANESE RESTAURANT,2023-05-31,C - Crucial,43.72089761645948,-79.4556739205977,Fail to protect food from contamination or adulteration - Sec. 26(1) 
YU SEAFOOD,2023-10-06,C - Crucial,43.726389580095784,-79.45125429866701,Store potentially hazardous foods at internal temperature between 4 C and 60 C - Sec. 27(1)
YU SEAFOOD,2023-10-06,C - Crucial,43.726456349249936,-79.45164690110782,Fail to protect food from contamination or adulteration - Sec. 26(1) 
YU SEAFOOD,2023-10-06,C - Crucial,43.725882191957496,-79.45131765077363,Fail to ensure storage racks designed to protect against contamination - Sec. 31
YU SEAFOOD,2023-10-06,C - Crucial,43.726148486289084,-79.45132626234694,Store ice in unsanitary manner - Sec.  26(5) 
YU SEAFOOD,2023-10-06,C - Crucial,43.72647961036777,-79.45132264936645,Fail to ensure food handler in food premise washes hands as necessary to prevent contamination of food - Sec. 33(1)(e) 
YUAN CHINESE CUISINE,2023-08-21,C - Crucial,43.77692906623198,-79.41397894605805,Fail to maintain records of food purchased  - Sec. 29(2)  
YUAN CHINESE CUISINE,2023-12-11,C - Crucial,43.77676087721738,-79.4144476972581,Fail to protect food from contamination or adulteration - Sec. 26(1) 
YUAN CHINESE CUISINE,2023-12-11,C - Crucial,43.77739695538101,-79.4145366245239,Fail to ensure food handler in food premise washes hands as necessary to prevent contamination of food - Sec. 33(1)(e) 
YUMMY BBQ KOREAN FOOD,2024-04-25,C - Crucial,43.7476181671635,-79.34907643350125,Fail to ensure food handler in food premise washes hands as necessary to prevent contamination of food areas - Sec.  33(1)(e)
YUMMY CHICKEN & BURGER,2022-07-19,C - Crucial,43.7672752323903,-79.51581849283377,Food premise maintained in manner permitting adverse effect on food - Sec. 7(1)(a)(iii) 
YUMMY KITCHEN,2022-06-24,C - Crucial,43.71339284127982,-79.3360218999804,Fail to protect food from contamination or adulteration - Sec. 26(1) 
YUMMY KITCHEN,2023-06-12,C - Crucial,43.7137133328509,-79.33555537738764,Fail to protect food from contamination or adulteration - Sec. 26(1) 
YUMMY KITCHEN,2023-06-12,C - Crucial,43.71388429599573,-79.33571624565448,Hot-holding potentially hazardous foods at internal temperature below 60 C - Sec. 30(a)
YUMMY KITCHEN,2023-06-12,C - Crucial,43.71418459667735,-79.3355597691794,Fail to ensure food handler in food premise washes hands as necessary to prevent contamination of food - Sec. 33(1)(e) 
YUMMY KOREAN FOOD RESTAURANT,2023-08-22,C - Crucial,43.66402015245645,-79.41812772570457,Fail to protect food from contamination or adulteration - Sec. 26(1) 
YUMMY KOREAN FOOD RESTAURANT,2023-12-19,C - Crucial,43.66385720089754,-79.41790628979089,Fail to protect food from contamination or adulteration - Sec. 26(1) 
YUMMY TUMMY,2023-02-09,C - Crucial,43.69524685621238,-79.4544324295149,Store potentially hazardous foods at internal temperature between 4 C and 60 C - Sec. 27(1)
YUMMY TUMMY BAR & GRILL,2024-01-22,C - Crucial,43.71548810147383,-79.44727029846041,Store potentially hazardous foods at internal temperature between 4 C and 60 C - Sec. 27(1)
YUMMY TUMMY BAR & GRILL,2024-01-22,C - Crucial,43.715088905797394,-79.44740154846451,Fail to ensure room kept free from live birds or animals - Sec. 14(1)
YUMMY TUMMY BAR & GRILL,2024-01-22,C - Crucial,43.714983694468096,-79.44722754902547,Fail to ensure food handler in food premise washes hands as necessary to prevent contamination of food - Sec. 33(1)(e) 
YUPDDUK BLOOR,2023-11-08,C - Crucial,43.66428371926593,-79.4132221068875,Fail to protect food from contamination or adulteration - Sec. 26(1) 
YUPDDUK BLOOR,2024-05-06,C - Crucial,43.664724410468786,-79.4136720680503,Fail to protect food from contamination or adulteration - Sec. 26(1) 
ZAAD,2023-08-02,C - Crucial,43.666067312768924,-79.40409245065862,Fail to protect food from contamination or adulteration - Sec. 26(1) 
ZAAD,2023-08-02,C - Crucial,43.666514269269626,-79.4046339542002,Maintain potentially hazardous foods at internal temperature between 4 C and 60 C -  Sec. 27(1)
ZAAD RESTAURANT,2023-10-25,C - Crucial,43.67697300289331,-79.35789872963059,Display potentially hazardous foods at internal temperature between 4 C and 60 C - Sec. 27(1)
ZAAD RESTAURANT,2023-10-25,C - Crucial,43.676575284270605,-79.35805790284873,Refrigerate potentially hazardous foods at internal temperature above 4 C - Sec. 30(a)
ZAAD RESTAURANT,2024-05-17,C - Crucial,43.676418979354274,-79.35784274730179,Food premise maintained in manner to permit contamination of single-service containers - Sec. 7(1)(h)  
ZAAD RESTAURANT,2024-05-17,C - Crucial,43.67630341035974,-79.35800925283502,Fail to ensure food handler in food premise washes hands as necessary to prevent contamination of food - Sec. 33(1)(e) 
ZAAD RESTAURANT,2024-05-17,C - Crucial,43.67656306043345,-79.35828780225165,Fail to protect food from contamination or adulteration - Sec. 26(1) 
ZAAD RESTAURANT,2024-05-17,C - Crucial,43.67663034834782,-79.35809384180541,Display potentially hazardous foods at internal temperature between 4 C and 60 C - Sec. 27(1)
ZHENG'S JUICY FRIED BUNS,2022-08-24,C - Crucial,43.76057986186618,-79.41129746221907,Store potentially hazardous foods at internal temperature between 4 C and 60 C - Sec. 27(1)
ZHENG'S JUICY FRIED BUNS,2023-02-01,C - Crucial,43.76056112348076,-79.41099458001905,Store potentially hazardous foods at internal temperature between 4 C and 60 C - Sec. 27(1)
ZHENG'S JUICY FRIED BUNS,2023-02-01,C - Crucial,43.76103750351376,-79.41096614980931,Fail to ensure food handler in food premise washes hands as necessary to prevent contamination of food - Sec. 33(1)(e) 
ZHI XIAN BARBECUE & SEAFOOD,2023-03-09,C - Crucial,43.80759370313126,-79.2893892871729,Maintain potentially hazardous foods at internal temperature between 4 C and 60 C -  Sec. 27(1)
ZUNYAN FINE DINING AND BANQUET,2024-01-02,C - Crucial,43.822638641563195,-79.29997220485649,Fail to protect food from contamination or adulteration - Sec. 26(1) 
BIG BROTHERS GOURMET PIZZA,2024-06-18,C - Crucial,43.69292093539056,-79.26250433286214,Store potentially hazardous foods at internal temperature between 4 C and 60 C - Sec. 27(1)
BIG BROTHERS GOURMET PIZZA,2024-06-18,C - Crucial,43.69250506214842,-79.26275629091997,Fail to ensure storage racks designed to protect against contamination - Sec. 31
ROYAL CANADIAN LEGION #22,2024-06-19,C - Crucial,43.69322772699984,-79.31642693223385,Store ice in unsanitary manner - Sec.  26(5) 
Miss Fu in ChengDu,2024-06-20,C - Crucial,43.776516220160666,-79.4146766023217,Store potentially hazardous foods at internal temperature between 4 C and 60 C - Sec. 27(1)
NOODLEBOX,2024-06-20,C - Crucial,43.734777608159476,-79.53336373813467,Store potentially hazardous foods at internal temperature between 4 C and 60 C - Sec. 27(1)
St. Gabriel Lalement Early Learning Centre,2024-06-20,C - Crucial,43.81278557289503,-79.227033265399,Store potentially hazardous foods at internal temperature between 4 C and 60 C - Sec. 27(1)
WESTIN HARBOUR CASTLE BANQUET KITCHEN,2024-06-20,C - Crucial,43.64094007274005,-79.37718530268403,Fail to protect food from contamination or adulteration - Sec. 26(1) 
LUCKY MOOSE FOOD MART,2024-06-21,C - Crucial,43.65409448004272,-79.39479406340884,Fail to ensure food handler in food premise washes hands as necessary to prevent contamination of food - Sec. 33(1)(e) 
QUE LING RESTAURANT,2024-06-20,C - Crucial,43.6659326113595,-79.3491043260227,Fail to protect food from contamination or adulteration - Sec. 26(1) 
ZABARDAST HYDERABADI BIRYANI,2024-06-21,C - Crucial,43.760459905260944,-79.41086181064617,Store potentially hazardous foods at internal temperature between 4 C and 60 C - Sec. 27(1)
BLOOMING ORCHID,2024-06-24,C - Crucial,43.70350997286115,-79.4140649018819,Food premise maintained in manner permitting adverse effect on food - Sec. 7(1)(a)(iii) 
BOBACHA CAFE,2024-06-24,C - Crucial,43.63931469744179,-79.44329791087742,Fail to protect food from contamination or adulteration - Sec. 26(1) 
915 DUPONT CAFE,2024-06-25,C - Crucial,43.67027615574985,-79.4296012106967,Fail to protect food from contamination or adulteration - Sec. 26(1) 
CAPTAIN'S CATCH,2024-06-25,C - Crucial,43.77503962797607,-79.33325960016724,Store potentially hazardous foods at internal temperature between 4 C and 60 C - Sec. 27(1)
CAPTAIN'S CATCH,2024-06-25,C - Crucial,43.77516794711536,-79.33357662737164,Fail to protect food from contamination or adulteration - Sec. 26(1) 
CARIBBEAN QUEEN,2024-06-25,C - Crucial,43.72060368476865,-79.60012981552116,Refrigerate potentially hazardous foods at internal temperature above 4 C - Sec. 30(a)
CARIBBEAN QUEEN,2024-06-25,C - Crucial,43.72051841098941,-79.59940518091747,Store potentially hazardous foods at internal temperature between 4 C and 60 C - Sec. 27(1)
THE NOSH - BAYCREST,2024-06-26,C - Crucial,43.730325760566316,-79.4340539702549,Store potentially hazardous foods at internal temperature between 4 C and 60 C - Sec. 27(1)
THE NOSH - BAYCREST,2024-06-26,C - Crucial,43.730112614751775,-79.43400726824015,Fail to ensure food handler in food premise washes hands as necessary to prevent contamination of food - Sec. 33(1)(e) 
East Court & Mike's BBQ,2024-06-27,C - Crucial,43.788189078459105,-79.27017139478906,Maintain potentially hazardous foods at internal temperature between 4 C and 60 C -  Sec. 27(1)
LA VECCHIA RESTAURANT,2024-06-27,C - Crucial,43.71030630825429,-79.39901325125558,Fail to protect food from contamination or adulteration - Sec. 26(1) 
LA VECCHIA RESTAURANT,2024-06-27,C - Crucial,43.710272766500566,-79.3986892862564,Refrigerate potentially hazardous foods at internal temperature above 4 C - Sec. 30(a)
DYNASTY HOUSE SEAFOOD RESTAURANT,2024-06-27,C - Crucial,43.704961097706665,-79.49246401946974,Fail to protect food from contamination or adulteration - Sec. 26(1) 
DYNASTY HOUSE SEAFOOD RESTAURANT,2024-06-27,C - Crucial,43.704630240378094,-79.49187260816502,Food premise maintained in manner permitting health hazard (Insects) - Sec. 7(1)(a)(i)    
DYNASTY HOUSE SEAFOOD RESTAURANT,2024-06-27,C - Crucial,43.70475192459619,-79.49246101389501,Food premise maintained in manner permitting health hazard (Rodents) - Sec. 7(1)(a)(i)    
LAWRENCE HEIGHTS COMMUNITY DAY CARE CENTRE,2024-06-28,C - Crucial,43.719890022751095,-79.44416472483097,Fail to protect food from contamination or adulteration - Sec. 26(1) 
MONKEY SUSHI,2024-06-28,C - Crucial,43.70010499389407,-79.4532146725609,Fail to process food in manner safe to eat - Sec. 26(2)
MONKEY SUSHI,2024-06-28,C - Crucial,43.70036112212351,-79.45301492477728,Food premise maintained in manner permitting adverse effect on food - Sec. 7(1)(a)(iii) 
GOVINDA'S VEGETARIAN CUISINE,2024-07-02,C - Crucial,43.6771878117109,-79.3971881744714,Display potentially hazardous foods at internal temperature between 4 C and 60 C - Sec. 27(1)
JZ'S PIZZA,2024-06-28,C - Crucial,43.64506774171422,-79.38955864366456,Store ice in unsanitary manner - Sec.  26(5) 
SWAAGAT GRAND,2024-06-28,C - Crucial,43.72288671668167,-79.289137422983,Fail to protect food from contamination or adulteration - Sec. 26(1) 
CAFE LANDWER,2024-07-03,C - Crucial,43.72637222184488,-79.45132854076742,Fail to protect food from contamination or adulteration - Sec. 26(1) 
CAFE LANDWER,2024-07-03,C - Crucial,43.72606323330112,-79.45165980245508,Store potentially hazardous foods at internal temperature between 4 C and 60 C - Sec. 27(1)
EL INKA,2024-07-03,C - Crucial,43.68744858441661,-79.39306022853276,Fail to ensure food handler in food premise refrains from conduct that could result in contamination of food - Sec. 33(1)(h) 
EL INKA,2024-07-03,C - Crucial,43.688236833669706,-79.39290847197438,Refrigerate potentially hazardous foods at internal temperature above 4 C - Sec. 30(a)
MUNZUR RESTAURANT AND BUTCHER HOUSE,2024-07-02,C - Crucial,43.72334540823471,-79.49757242082713,Fail to protect food from contamination or adulteration - Sec. 26(1) 
SHAWARMA BROS,2024-07-03,C - Crucial,43.74555924805562,-79.29546901309111,Fail to ensure food handler in food premise washes hands as necessary to prevent contamination of food - Sec. 33(1)(e) 
THE BAGEL HOUSE,2024-07-03,C - Crucial,43.727952342241224,-79.41841960158918,Fail to protect food from contamination or adulteration - Sec. 26(1) 
THE FOX AND THE FIDDLE (FOX ON JOHN),2024-07-03,C - Crucial,43.64735873756414,-79.39054515459505,Store potentially hazardous foods at internal temperature between 4 C and 60 C - Sec. 27(1)
TORONTO PHO,2024-07-03,C - Crucial,43.701049589870344,-79.45116037720712,Maintain potentially hazardous foods at internal temperature between 4 C and 60 C -  Sec. 27(1)
TORONTO PHO,2024-07-03,C - Crucial,43.701370784794335,-79.45143710464119,Fail to process food in manner safe to eat - Sec. 26(2)
MAMA'S TOFU,2024-07-04,C - Crucial,43.70393310110431,-79.4925855281395,Food premise maintained in manner permitting health hazard (Insects) - Sec. 7(1)(a)(i)    
MEGUMI MAZESOBA,2024-07-04,C - Crucial,43.689208674761105,-79.39229139884446,Store ice in unsanitary manner - Sec.  26(5) 
MUZDA  BAKERY,2024-07-04,C - Crucial,43.681014337281326,-79.33667365320737,Fail to protect food from contamination or adulteration - Sec. 26(1) 
SOI THAIFOON,2024-07-04,C - Crucial,43.646973827001446,-79.39924414082616,Display potentially hazardous foods at internal temperature between 4 C and 60 C - Sec. 27(1)
ST. THERESA'S DAY CARE CENTRE,2024-07-03,C - Crucial,43.7249955907675,-79.48886604929923,Food premise maintained in manner permitting health hazard (Insects) - Sec. 7(1)(a)(i)    
ST. THERESA'S DAY CARE CENTRE,2024-07-03,C - Crucial,43.72540951778614,-79.4884668728284,Fail to protect food from contamination or adulteration - Sec. 26(1) 
ALL-IN-ONE FARM FRESH FRUITS & GROCERY MART,2024-07-16,C - Crucial,43.713340916718685,-79.39945386280401,Refrigerate potentially hazardous foods at internal temperature above 4 C - Sec. 30(a)
ALL-IN-ONE FARM FRESH FRUITS & GROCERY MART,2024-07-16,C - Crucial,43.71408053188772,-79.399737718591,Fail to protect food from contamination or adulteration - Sec. 26(1) 
BENEFEASTO BURGERS & DONER,2024-07-11,C - Crucial,43.73167617890954,-79.40334677825818,Store potentially hazardous foods at internal temperature between 4 C and 60 C - Sec. 27(1)
BLOOMING GARDEN DESSERT HOUSE,2024-07-09,C - Crucial,43.809288046804994,-79.26896518558539,Fail to ensure food handler in food premise washes hands as necessary to prevent contamination of food - Sec. 33(1)(e) 
Bawarchi Indian Cuisine,2024-07-05,C - Crucial,43.769019487364915,-79.28155703018295,Fail to protect food from contamination or adulteration - Sec. 26(1) 
CALICO SAINTS CHILD CARE CENTRE NORTH YORK,2024-07-09,C - Crucial,43.73771447706578,-79.50381759545998,Store potentially hazardous foods at internal temperature between 4 C and 60 C - Sec. 27(1)
CAPRI BAKERY,2024-07-11,C - Crucial,43.73906395391338,-79.52606704317618,Fail to protect food from contamination or adulteration - Sec. 26(1) 
CAPRI BAKERY,2024-07-11,C - Crucial,43.73907594841911,-79.5257129385451,Food premise maintained in manner permitting health hazard (Insects) - Sec. 7(1)(a)(i)    
CAPRI BAKERY,2024-07-11,C - Crucial,43.7388376475441,-79.52605707229587,Food premise maintained in manner permitting health hazard (Rodents) - Sec. 7(1)(a)(i)    
CARMEN PERUVIAN CUISINE,2024-07-13,C - Crucial,43.748238009313724,-79.47914870963444,Fail to protect food from contamination or adulteration - Sec. 26(1) 
CHAT ONE,2024-07-10,C - Crucial,43.73620069370768,-79.4371708267651,Offer for sale potentially hazardous foods at internal temperature between 4 C and 60 C - Sec. 27(1)
FOUR SEASONS RESTAURANT,2024-07-05,C - Crucial,43.77053927473608,-79.33436762695537,Fail to protect food from contamination or adulteration - Sec. 26(1) 
GALAXY FRESH FOODS,2024-07-10,C - Crucial,43.66534128927075,-79.35241569466942,Fail to ensure storage pallets designed to protect against contamination - Sec. 31
GALAXY FRESH FOODS,2024-07-10,C - Crucial,43.66540519304552,-79.35205024314486,Food premise maintained in manner permitting adverse effect on food - Sec. 7(1)(a)(iii) 
GALAXY FRESH FOODS,2024-07-10,C - Crucial,43.66524996034633,-79.35234452207165,Fail to protect food from contamination or adulteration - Sec. 26(1) 
GALAXY FRESH FOODS,2024-07-10,C - Crucial,43.66479330097123,-79.3515702013232,Offer for sale potentially hazardous foods at internal temperature between 4 C and 60 C - Sec. 27(1)
GALAXY FRESH FOODS,2024-07-10,C - Crucial,43.665519348047276,-79.351855652736,Offer for sale ungraded eggs - Sec. 47(1)
GALAXY FRESH FOODS,2024-07-15,C - Crucial,43.66582777196537,-79.35149974887896,Offer for sale ungraded eggs - Sec. 47(1)
GOURMET KITCHEN,2024-07-09,C - Crucial,43.82167374063525,-79.299668654754,Maintain potentially hazardous foods at internal temperature between 4 C and 60 C -  Sec. 27(1)
Hearty Catering Inc.,2024-07-12,C - Crucial,43.714717980623185,-79.30559442308774,Refrigerate potentially hazardous foods at internal temperature above 4 C - Sec. 30(a)
JEYAM DINING AND CATERING,2024-07-08,C - Crucial,43.763509990374494,-79.3004805638353,Maintain potentially hazardous foods at internal temperature between 4 C and 60 C -  Sec. 27(1)
JEYAM DINING AND CATERING,2024-07-08,C - Crucial,43.76369193240806,-79.30107931244993,Food premise maintained in manner permitting adverse effect on food - Sec. 7(1)(a)(iii) 
KIDS & COMPANY,2024-07-05,C - Crucial,43.64674080573618,-79.38258526031754,Refrigerate potentially hazardous foods at internal temperature above 4 C - Sec. 30(a)
L'OLIVO,2024-07-10,C - Crucial,43.70430217341025,-79.41236086323003,Store potentially hazardous foods at internal temperature between 4 C and 60 C - Sec. 27(1)
L'OLIVO,2024-07-10,C - Crucial,43.703995794539914,-79.41228201285593,Fail to protect food from contamination or adulteration - Sec. 26(1) 
LIBERTY SHAWARMA,2024-07-12,C - Crucial,43.64423188320626,-79.39941213592199,Store potentially hazardous foods at internal temperature between 4 C and 60 C - Sec. 27(1)
LIBERTY SHAWARMA,2024-07-12,C - Crucial,43.64439336162164,-79.39961489041127,Fail to protect food from contamination or adulteration - Sec. 26(1) 
MAINSHA RESTAURANT,2024-07-11,C - Crucial,43.721128073853095,-79.45619615128567,Fail to protect food from contamination or adulteration - Sec. 26(1) 
MAINSHA RESTAURANT,2024-07-11,C - Crucial,43.72122152407763,-79.45532554042367,Store potentially hazardous foods at internal temperature between 4 C and 60 C - Sec. 27(1)
MIZZICA GELATERIA & CAFE,2024-07-05,C - Crucial,43.7096755087102,-79.39914911249033,Operate food premise --- refrigeration equipment for potentially hazardous food not of sufficient size - Sec. 30(a)
MORE FISH,2024-07-10,C - Crucial,43.8050565305997,-79.28772949044291,Fail to protect food from contamination or adulteration - Sec. 26(1) 
MY ROTI PLACE/ MY DOSA PLACE,2024-07-10,C - Crucial,43.73183419520408,-79.40388096989471,Refrigerate potentially hazardous foods at internal temperature above 4 C - Sec. 30(a)
MY ROTI PLACE/ MY DOSA PLACE,2024-07-10,C - Crucial,43.732095092660145,-79.40427332325656,Fail to ensure food handler in food premise washes hands as necessary to prevent contamination of food - Sec. 33(1)(e) 
OBSESSION III,2024-07-12,C - Crucial,43.63881539760707,-79.38290632268135,Fail to provide food premise with adequate potable water supply - Sec.  7(3)(a)  
OSMOWS,2024-07-15,C - Crucial,43.794658606097585,-79.24097219366543,Fail to ensure food handler in food premise washes hands as necessary to prevent contamination of food areas - Sec.  33(1)(e)
PELMO FAMILY RESTAURANT,2024-07-10,C - Crucial,43.71048740446309,-79.50606281670706,Store potentially hazardous foods at internal temperature between 4 C and 60 C - Sec. 27(1)
PELMO FAMILY RESTAURANT,2024-07-10,C - Crucial,43.70974437938792,-79.50543736790577,Food premise maintained in manner permitting health hazard (Insects) - Sec. 7(1)(a)(i)    
BBQ PITSTOP,2024-07-13,C - Crucial,43.749008238226985,-79.47902059511824,Maintain potentially hazardous foods at internal temperature between 4 C and 60 C -  Sec. 27(1)
PHO ANH VU,2024-07-15,C - Crucial,43.718143431800335,-79.45596814136282,Maintain potentially hazardous foods at internal temperature between 4 C and 60 C -  Sec. 27(1)
PHO ANH VU,2024-07-15,C - Crucial,43.71836977514463,-79.45598166059499,Fail to ensure food handler in food premise washes hands as necessary to prevent contamination of food - Sec. 33(1)(e) 
PHO ANH VU,2024-07-15,C - Crucial,43.71815308623557,-79.45605506263931,Fail to protect food from contamination or adulteration - Sec. 26(1) 
ROYAL CAKE HOUSE,2024-07-15,C - Crucial,43.823643729917656,-79.25290071364974,Fail to protect food from contamination or adulteration - Sec. 26(1) 
SANDY'S  RESTAURANT,2024-07-11,C - Crucial,43.685220143777826,-79.31196659785596,Food premise maintained in manner permitting adverse effect on food - Sec. 7(1)(a)(iii) 
SUSHIMOTO RESTAURANT & BAR,2024-07-12,C - Crucial,43.76400359551258,-79.41114713828547,Fail to ensure food handler in food premise refrains from conduct that could result in contamination of food - Sec. 33(1)(h) 
SUSHIMOTO RESTAURANT & BAR,2024-07-12,C - Crucial,43.76414648993031,-79.41094557339484,Fail to ensure food handler in food premise washes hands as necessary to prevent contamination of food - Sec. 33(1)(e) 
THE BRIDGE RIBS,2024-07-11,C - Crucial,43.7755497768773,-79.41385343167217,Re-serve non-low-risk food - Sec.  26(3) 
THE BRIDGE RIBS,2024-07-11,C - Crucial,43.77508871072625,-79.41358228757349,Fail to protect food from contamination or adulteration - Sec. 26(1) 
THE DONLANDS DINER,2024-07-10,C - Crucial,43.694325581727256,-79.34262835631596,Store potentially hazardous foods at internal temperature between 4 C and 60 C - Sec. 27(1)
THE DONLANDS DINER,2024-07-10,C - Crucial,43.69470121172626,-79.34233418108212,Fail to protect food from contamination or adulteration - Sec. 26(1) 
THE EMPIRE 1,2024-07-11,C - Crucial,43.66118032417139,-79.43105335635585,Sell potentially hazardous foods at internal temperature between 4 C and 60 C - Sec. 27(1)
BOOSTER JUICE,2024-07-17,C - Crucial,43.688367678749486,-79.39335016168062,Store ice in unsanitary manner - Sec.  26(5) 
BOOSTER JUICE,2024-07-17,C - Crucial,43.688501589753564,-79.39325033828686,Offer for sale potentially hazardous foods at internal temperature between 4 C and 60 C - Sec. 27(1)
YAO HUA SUPERMARKET,2024-07-16,C - Crucial,43.66569394291768,-79.35065600767133,Store ice in unsanitary manner - Sec.  26(5) 
YAO HUA SUPERMARKET,2024-07-16,C - Crucial,43.665795348595246,-79.35057394370038,Maintain potentially hazardous foods at internal temperature between 4 C and 60 C -  Sec. 27(1)
YAO HUA SUPERMARKET,2024-07-16,C - Crucial,43.66580696224639,-79.3501952968626,Fail to protect food from contamination or adulteration - Sec. 26(1) 
YAO HUA SUPERMARKET,2024-07-16,C - Crucial,43.66565512854625,-79.35054286825837,Offer for sale ungraded eggs - Sec. 47(1)
YIN JI CHANG FEN,2024-07-17,C - Crucial,43.7590289411528,-79.41035032604823,Fail to ensure food handler in food premise washes hands as necessary to prevent contamination of food - Sec. 33(1)(e) 
MARMARIS TURKISH RESTAURANT,2024-07-18,C - Crucial,43.733780492470274,-79.40426545781045,Store potentially hazardous foods at internal temperature between 4 C and 60 C - Sec. 27(1)
CIRCLE K,2024-07-19,C - Crucial,43.67311983464064,-79.41439742807214,Food premise maintained in manner to permit contamination of single-service containers - Sec. 7(1)(h)  
CONGEE QUEEN,2024-07-19,C - Crucial,43.79637793943751,-79.42025094023367,Fail to protect food from contamination or adulteration - Sec. 26(1) 
ANATOLIAN FINE FOODS MARKET,2024-07-19,C - Crucial,43.74973576453543,-79.54997008208488,Fail to ensure room kept free from live birds or animals - Sec. 14(1)
BLOOMING GARDEN,2024-07-22,C - Crucial,43.808957184438015,-79.26893114253718,Maintain potentially hazardous foods at internal temperature between 4 C and 60 C -  Sec. 27(1)
PIZZA PIZZA,2024-07-22,C - Crucial,43.650287724661,-79.3899738445131,Store potentially hazardous foods at internal temperature between 4 C and 60 C - Sec. 27(1)
POUTINE & BIRIYANI,2024-07-20,C - Crucial,43.74809968953607,-79.47931862816743,Fail to ensure food handler in food premise washes hands as necessary to prevent contamination of food - Sec. 33(1)(e) 
POUTINE & BIRIYANI,2024-07-20,C - Crucial,43.748114257169334,-79.47884295561903,Store potentially hazardous foods at internal temperature between 4 C and 60 C - Sec. 27(1)
POUTINE & BIRIYANI,2024-07-20,C - Crucial,43.74809426950329,-79.47925894740108,Fail to protect food from contamination or adulteration - Sec. 26(1) 
SHAKEY'S,2024-07-22,C - Crucial,43.65040995686595,-79.47744391155828,Fail to ensure food handler in food premise refrains from conduct that could result in contamination of food areas - Sec. 33(1)(h) 
SHAKEY'S,2024-07-22,C - Crucial,43.651149987992255,-79.4774210898347,Food premise maintained in manner to permit contamination of single-service containers - Sec. 7(1)(h)  
Salu Salo,2024-07-22,C - Crucial,43.73720178451507,-79.43506829341271,Maintain potentially hazardous foods at internal temperature between 4 C and 60 C -  Sec. 27(1)
CAPITAL SWEET SAMOSA,2024-07-23,C - Crucial,43.707833761977355,-79.34361453941992,Fail to protect food from contamination or adulteration - Sec. 26(1) 
CAPITAL SWEET SAMOSA,2024-07-23,C - Crucial,43.708090536151026,-79.34352435364218,Store potentially hazardous foods at internal temperature between 4 C and 60 C - Sec. 27(1)
GUSTO GELATO,2024-07-23,C - Crucial,43.70902861344195,-79.4536412976967,Fail to protect food from contamination or adulteration - Sec. 26(1) 
GUSTO GELATO,2024-07-23,C - Crucial,43.70880873731484,-79.45310475631946,Fail to ensure food handler in food premise washes hands as necessary to prevent contamination of food - Sec. 33(1)(e) 
IQBAL FOODS PARKWAY,2024-07-23,C - Crucial,43.77386842758624,-79.33998613107453,Fail to ensure food handler in food premise washes hands as necessary to prevent contamination of food - Sec. 33(1)(e) 
MORTREE ONLINE GROCERIES DELIVERY INC,2024-07-23,C - Crucial,43.81143989889755,-79.25792453980027,Store potentially hazardous foods at internal temperature between 4 C and 60 C - Sec. 27(1)
PATNA KABAB HOUSE,2024-07-22,C - Crucial,43.74382109382714,-79.30144185300345,Food premise maintained in manner adversely affecting sanitary operation - Sec. 7(1)(a)(ii)
PATNA KABAB HOUSE,2024-07-22,C - Crucial,43.74429791824401,-79.30130872131157,Fail to protect food from contamination or adulteration - Sec. 26(1) 
SUSHI ROCK,2024-07-23,C - Crucial,43.71010956404595,-79.39864425982441,Fail to protect food from contamination or adulteration - Sec. 26(1) 
SUSHI ROCK,2024-07-23,C - Crucial,43.711147924707234,-79.39925798242037,Store potentially hazardous foods at internal temperature between 4 C and 60 C - Sec. 27(1)
SUSHI ROCK,2024-07-23,C - Crucial,43.710109958642214,-79.39875227043078,Store ice in unsanitary manner - Sec.  26(5) 
SUSHI ROCK,2024-07-23,C - Crucial,43.71061766017413,-79.39815960983255,Fail to ensure food handler in food premise washes hands as necessary to prevent contamination of food - Sec. 33(1)(e) 
SUSHI ROCK,2024-07-23,C - Crucial,43.709990687735846,-79.39890392697636,Refrigerate potentially hazardous foods at internal temperature above 4 C - Sec. 30(a)
Taste Good B.B.Q.,2024-07-23,C - Crucial,43.7867564501805,-79.27580856330039,Maintain potentially hazardous foods at internal temperature between 4 C and 60 C -  Sec. 27(1)
244 PIZZA & WINGS,2024-07-24,C - Crucial,43.6872694429168,-79.49109002564123,Fail to protect food from contamination or adulteration - Sec. 26(1) 
ANR CONVENIENCE,2024-07-24,C - Crucial,43.719010368565066,-79.32530897587927,Fail to obtain food from source subject to inspection - Sec. 29(1)  
CANTON KITCHEN,2024-07-24,C - Crucial,43.797963177467864,-79.27095747152966,Maintain potentially hazardous foods at internal temperature between 4 C and 60 C -  Sec. 27(1)
CANTON KITCHEN,2024-07-24,C - Crucial,43.79766386671382,-79.2707807838659,Fail to protect food from contamination or adulteration - Sec. 26(1) 
SHISH,2024-07-23,C - Crucial,43.663400549311184,-79.32994391739905,Store potentially hazardous foods at internal temperature between 4 C and 60 C - Sec. 27(1)
STARBUCKS,2024-07-24,C - Crucial,43.700119697883885,-79.35992766822653,Store ice in unsanitary manner - Sec.  26(5) 
THAI HOUSE CUISINE,2024-07-24,C - Crucial,43.67089484168903,-79.29637105619243,Maintain potentially hazardous foods at internal temperature between 4 C and 60 C -  Sec. 27(1)
THAI HOUSE CUISINE,2024-07-24,C - Crucial,43.67090302367315,-79.29603301999786,Fail to protect food from contamination or adulteration - Sec. 26(1) 
CHRISTINA'S,2024-07-25,C - Crucial,43.67752459509484,-79.34921572968913,Fail to protect food from contamination or adulteration - Sec. 26(1) 
GHOST KITCHENS,2024-07-25,C - Crucial,43.74430894643241,-79.29582887028133,Maintain potentially hazardous foods at internal temperature between 4 C and 60 C -  Sec. 27(1)
LUKUMUM,2024-07-25,C - Crucial,43.67797326878675,-79.34906138854983,Store potentially hazardous foods at internal temperature between 4 C and 60 C - Sec. 27(1)
LUKUMUM,2024-07-25,C - Crucial,43.67846882325428,-79.3487362879167,Store ice in unsanitary manner - Sec.  26(5) 
SOUTH ST. BURGER,2024-07-25,C - Crucial,43.723302067666516,-79.41594608684748,Refrigerate potentially hazardous foods at internal temperature above 4 C - Sec. 30(a)
244 PIZZA & WINGS,2024-07-25,C - Crucial,43.687465975007036,-79.49036848388259,Fail to protect food from contamination or adulteration - Sec. 26(1) 
MANNA KITCHEN CATERING INC,2024-07-26,C - Crucial,43.74367101737794,-79.21637481323778,Fail to protect food from contamination or adulteration - Sec. 26(1) 
MEDA LOUNGE,2024-07-26,C - Crucial,43.68221325135308,-79.32810289282754,Store ice in unsanitary manner - Sec.  26(5) 
TASTE OF ALLEY,2024-07-26,C - Crucial,43.653189424158974,-79.39542735471453,Fail to protect food from contamination or adulteration - Sec. 26(1) 
AGORA,2024-07-29,C - Crucial,43.64543961363573,-79.41262006153369,Fail to protect food from contamination or adulteration - Sec. 26(1) 
AGORA,2024-07-29,C - Crucial,43.6454254338837,-79.41278668179113,Store ice in unsanitary manner - Sec.  26(5) 
CARIBBEAN HEAT,2024-07-29,C - Crucial,43.76516953122042,-79.49013086329549,Store ice in unsanitary manner - Sec.  26(5) 
ROUGE BAKERY PLUS,2024-07-30,C - Crucial,43.801206183952864,-79.19944795843729,Store potentially hazardous foods at internal temperature between 4 C and 60 C - Sec. 27(1)
ROUGE BAKERY PLUS,2024-07-30,C - Crucial,43.801023196054,-79.19968093388938,Fail to protect food from contamination or adulteration - Sec. 26(1) 
DR. LAFFA ON THE GO,2024-07-29,C - Crucial,43.72902142551904,-79.43145819542924,Refrigerate potentially hazardous foods at internal temperature above 4 C - Sec. 30(a)
KATSU SUSHI,2024-07-29,C - Crucial,43.67805656454839,-79.34763331113604,Store potentially hazardous foods at internal temperature between 4 C and 60 C - Sec. 27(1)
KATSU SUSHI,2024-07-29,C - Crucial,43.67789881794136,-79.34741029787432,Store ice in unsanitary manner - Sec.  26(5) 
GLOUCESTER HOUSE,2024-07-30,C - Crucial,43.667808628554454,-79.37961042266369,Fail to protect food from contamination or adulteration - Sec. 26(1) 
LIBERTY SHAWARMA,2024-07-30,C - Crucial,43.64036373919468,-79.39387686548095,Food premise maintained in manner to permit contamination of single-service containers - Sec. 7(1)(h)  
OSMOW'S,2024-07-31,C - Crucial,43.710883891041874,-79.39856136576374,Maintain potentially hazardous foods at internal temperature between 4 C and 60 C -  Sec. 27(1)
FOREST HILL FARMHOUSE,2024-07-31,C - Crucial,43.70183784646759,-79.39771463600243,Maintain potentially hazardous foods at internal temperature between 4 C and 60 C -  Sec. 27(1)
FOREST HILL FARMHOUSE,2024-07-31,C - Crucial,43.70198227012291,-79.39796815682902,Food premise maintained in manner permitting adverse effect on food - Sec. 7(1)(a)(iii) 
Naan and Kabob,2024-08-01,C - Crucial,43.77665642563807,-79.25775842146852,Refrigerate potentially hazardous foods at internal temperature above 4 C - Sec. 30(a)
NAIJA JOLLOF,2024-08-01,C - Crucial,43.765197667374984,-79.49007273538801,Store potentially hazardous foods at internal temperature between 4 C and 60 C - Sec. 27(1)
NAIJA JOLLOF,2024-08-01,C - Crucial,43.7647882807851,-79.48973049928263,Fail to protect food from contamination or adulteration - Sec. 26(1) 
TINUNO,2024-08-01,C - Crucial,43.72908678479882,-79.43273651108572,Store potentially hazardous foods at internal temperature between 4 C and 60 C - Sec. 27(1)
TINUNO,2024-08-01,C - Crucial,43.72958217113919,-79.43310326199709,Fail to protect food from contamination or adulteration - Sec. 26(1) 
TINUNO,2024-08-01,C - Crucial,43.72859316719292,-79.43243674770324,Fail to ensure food handler in food premise washes hands as necessary to prevent contamination of food - Sec. 33(1)(e) 
AROMA FINE INDIAN CUISINE,2024-08-01,C - Crucial,43.64648515348635,-79.38976320056322,Store potentially hazardous foods at internal temperature between 4 C and 60 C - Sec. 27(1)
6THIRTY COFFEE AND CO.,2024-08-02,C - Crucial,43.67946543457536,-79.34538988359164,Store ice in unsanitary manner - Sec.  26(5) 
FOUR BROTHERS PIZZA,2024-08-02,C - Crucial,43.64516980884956,-79.39790094352392,Store potentially hazardous foods at internal temperature between 4 C and 60 C - Sec. 27(1)
LA CARNITA,2024-08-01,C - Crucial,43.70734592236264,-79.39429050399998,Maintain potentially hazardous foods at internal temperature between 4 C and 60 C -  Sec. 27(1)
LA CARNITA,2024-08-01,C - Crucial,43.70810097492917,-79.3944269545033,Fail to ensure food handler in food premise refrains from conduct that could result in contamination of food - Sec. 33(1)(h) 
LA CARNITA,2024-08-01,C - Crucial,43.708008616337445,-79.39452753988098,Store ice in unsanitary manner - Sec.  26(5) 
C & C FOOD COURT,2024-08-06,C - Crucial,43.725960336397804,-79.34181832538256,Maintain potentially hazardous foods at internal temperature between 4 C and 60 C -  Sec. 27(1)
CANTEEN FRESH BY TIFFIN,2024-08-06,C - Crucial,43.764544447978814,-79.4900267766946,Fail to protect food from contamination or adulteration - Sec. 26(1) 
FIT FOR LIFE,2024-08-02,C - Crucial,43.707847245165354,-79.39707994847646,Food premise maintained in manner permitting adverse effect on food - Sec. 7(1)(a)(iii) 
FIT FOR LIFE,2024-08-02,C - Crucial,43.706990791699084,-79.3966184586702,Offer for sale potentially hazardous foods at internal temperature between 4 C and 60 C - Sec. 27(1)
GRILLIES,2024-08-02,C - Crucial,43.688742422183914,-79.30018858460589,Store potentially hazardous foods at internal temperature between 4 C and 60 C - Sec. 27(1)
INSIDE LAGOS KITCHEN,2024-08-06,C - Crucial,43.764688410828775,-79.49003699670243,Maintain potentially hazardous foods at internal temperature between 4 C and 60 C -  Sec. 27(1)
SUNKRIS DESSERT PALACE,2024-08-06,C - Crucial,43.7996923303241,-79.30653280955045,Maintain potentially hazardous foods at internal temperature between 4 C and 60 C -  Sec. 27(1)
THE SPICY GRILL,2024-08-02,C - Crucial,43.692977117350345,-79.28248530972367,Maintain potentially hazardous foods at internal temperature between 4 C and 60 C -  Sec. 27(1)
THE SPICY GRILL,2024-08-02,C - Crucial,43.69295779349694,-79.28307089239128,Food premise maintained in manner permitting adverse effect on food - Sec. 7(1)(a)(iii) 
MARCELINA'S FILIPINO CUISINE,2024-08-07,C - Crucial,43.73651071862988,-79.43654825089301,Fail to protect food from contamination or adulteration - Sec. 26(1) 
MARCELINA'S FILIPINO CUISINE,2024-08-07,C - Crucial,43.73652398374122,-79.4370214857606,Food premise maintained in manner permitting health hazard (Insects) - Sec. 7(1)(a)(i)    
BUTTER CHICKEN ROTI,2024-08-08,C - Crucial,43.65080951823871,-79.36957865940337,Fail to protect food from contamination or adulteration - Sec. 26(1) 
JOUMAK,2024-08-08,C - Crucial,43.66805025906516,-79.38654853365715,Maintain potentially hazardous foods at internal temperature between 4 C and 60 C -  Sec. 27(1)
KHAO SAN ROAD,2024-08-08,C - Crucial,43.646013051022905,-79.39344385070541,Store potentially hazardous foods at internal temperature between 4 C and 60 C - Sec. 27(1)
KIBO SUSHI,2024-08-08,C - Crucial,43.66235397692411,-79.33238869183617,Fail to protect food from contamination or adulteration - Sec. 26(1) 
KIBO SUSHI,2024-08-08,C - Crucial,43.733934816132084,-79.44817708067389,Fail to ensure food handler in food premise washes hands as necessary to prevent contamination of food - Sec. 33(1)(e) 
KIBO SUSHI,2024-08-08,C - Crucial,43.73399479790071,-79.44879936310997,Maintain potentially hazardous foods at internal temperature between 4 C and 60 C -  Sec. 27(1)
New Quality Bakery,2024-08-07,C - Crucial,43.76453107509327,-79.28039171102513,Food premise maintained in manner permitting health hazard (Insects) - Sec. 7(1)(a)(i)    
New Quality Bakery,2024-08-07,C - Crucial,43.76470793997254,-79.2799019516593,Maintain potentially hazardous foods at internal temperature between 4 C and 60 C -  Sec. 27(1)
New Quality Bakery,2024-08-07,C - Crucial,43.76544901853526,-79.27975409763675,Fail to protect food from contamination or adulteration - Sec. 26(1) 
PARAMOUNT FINE FOODS,2024-08-08,C - Crucial,43.77506764402847,-79.32631303149104,Store potentially hazardous foods at internal temperature between 4 C and 60 C - Sec. 27(1)
PHO MI VIET HOA RESTAURANT,2024-08-09,C - Crucial,43.75217509300636,-79.51626802812602,Fail to protect food from contamination or adulteration - Sec. 26(1) 
SMOQUE N'BONES,2024-08-09,C - Crucial,43.645520568531595,-79.41119956837544,Store potentially hazardous foods at internal temperature between 4 C and 60 C - Sec. 27(1)
SMOQUE N'BONES,2024-08-09,C - Crucial,43.64558089042413,-79.41062486646385,Food premise maintained in manner permitting adverse effect on food - Sec. 7(1)(a)(iii) 
BOSPHORUS TURKISH CUISINE,2024-08-12,C - Crucial,43.773394326535126,-79.49215229330068,Fail to protect food from contamination or adulteration - Sec. 26(1) 
KHAU GULLY,2024-08-12,C - Crucial,43.70002772345367,-79.39685717798721,Food premise maintained in manner to permit contamination of single-service containers - Sec. 7(1)(h)  
POORANI VILAAS,2024-08-12,C - Crucial,43.83643773454388,-79.24937199586275,Fail to protect food from contamination or adulteration - Sec. 26(1) 
POORANI VILAAS,2024-08-12,C - Crucial,43.83678050126007,-79.24913618884577,Store potentially hazardous foods at internal temperature between 4 C and 60 C - Sec. 27(1)
SANWEI MALATANG,2024-08-12,C - Crucial,43.66586781521787,-79.38477886270799,Fail to protect food from contamination or adulteration - Sec. 26(1) 
STACK,2024-08-12,C - Crucial,43.72975979138182,-79.40321055477345,Store potentially hazardous foods at internal temperature between 4 C and 60 C - Sec. 27(1)
BLUE MOON BREWERY - STACKT MARKET,2024-08-13,C - Crucial,43.640814685670996,-79.40235377266085,Maintain potentially hazardous foods at internal temperature between 4 C and 60 C -  Sec. 27(1)
NEW MIRCHI DHABA,2024-08-13,C - Crucial,43.7918029688407,-79.25064955043932,Fail to protect food from contamination or adulteration - Sec. 26(1) 
PICO DE GALLO RESTAURANT AND BAR,2024-08-13,C - Crucial,43.654897723801895,-79.40203746033046,Fail to ensure food handler in food premise washes hands as necessary to prevent contamination of food - Sec. 33(1)(e) 
WOW KEBABISH,2024-08-13,C - Crucial,43.74762329871218,-79.34837457828742,Maintain potentially hazardous foods at internal temperature between 4 C and 60 C -  Sec. 27(1)
WOW KEBABISH,2024-08-13,C - Crucial,43.74725441624862,-79.34895201481866,Fail to ensure food handler in food premise refrains from conduct that could result in contamination of food - Sec. 33(1)(h) 
CAKE HOUSE BAKERY,2024-08-12,C - Crucial,43.750472820601615,-79.27671004880911,Food premise maintained in manner permitting adverse effect on food - Sec. 7(1)(a)(iii) 
CAKE HOUSE BAKERY,2024-08-12,C - Crucial,43.75057682442185,-79.2761750003692,Fail to protect food from contamination or adulteration - Sec. 26(1) 
MR. MART,2024-08-13,C - Crucial,43.66529485817418,-79.40980903707634,Store potentially hazardous foods at internal temperature between 4 C and 60 C - Sec. 27(1)
RUTH'S CATERING & TAKEOUT,2024-08-13,C - Crucial,43.73242994589501,-79.26989161073097,Fail to protect food from contamination or adulteration - Sec. 26(1) 
RUTH'S CATERING & TAKEOUT,2024-08-13,C - Crucial,43.73233663606285,-79.27010002879236,Food premise maintained in manner permitting adverse effect on food - Sec. 7(1)(a)(iii) 
SUPER HAKKA RESTAURANT,2024-08-12,C - Crucial,43.74213047196354,-79.30562158271512,Fail to protect food from contamination or adulteration - Sec. 26(1) 
SUPER HAKKA RESTAURANT,2024-08-12,C - Crucial,43.74253651161481,-79.3051201098387,Food premise maintained in manner permitting adverse effect on food - Sec. 7(1)(a)(iii) 
CHURRASCO OF ST CLAIR,2024-08-15,C - Crucial,43.68127862281433,-79.42529554434836,Food premise maintained in manner permitting adverse effect on food - Sec. 7(1)(a)(iii) 
JING CHINESE RESTAURANT,2024-08-14,C - Crucial,43.706701718040726,-79.37578491859169,Food premise maintained in manner permitting adverse effect on food - Sec. 7(1)(a)(iii) 
JING CHINESE RESTAURANT,2024-08-14,C - Crucial,43.706847879472704,-79.37567707716394,Store ice in unsanitary manner - Sec.  26(5) 
KIRO SUSHI,2024-08-14,C - Crucial,43.67207876967437,-79.38710675105557,Fail to protect food from contamination or adulteration - Sec. 26(1) 
La Scogliera,2024-08-15,C - Crucial,43.72836871933643,-79.22923850258117,Fail to protect food from contamination or adulteration - Sec. 26(1) 
ROWE FARMS,2024-08-15,C - Crucial,43.65065590465842,-79.4771237168036,Fail to ensure storage shelves designed to protect against contamination - Sec. 31
ROWE FARMS,2024-08-15,C - Crucial,43.6511343986234,-79.47675374901465,Food premise maintained in manner to permit contamination of single-service articles - Sec. 7(1)(h)  
ROWE FARMS,2024-08-15,C - Crucial,43.65100522824124,-79.4767267791195,Fail to protect food from contamination or adulteration - Sec. 26(1) 
ROWE FARMS,2024-08-15,C - Crucial,43.65174333812128,-79.47661957469656,Fail to process food in manner safe to eat - Sec. 26(2)
TAVERNA YIANNIS GREEK GRILL AND PUB,2024-08-14,C - Crucial,43.72723354607263,-79.4024436197199,Fail to ensure food handler in food premise washes hands as necessary to prevent contamination of food areas - Sec.  33(1)(e)
Casa Mezcal,2024-08-15,C - Crucial,43.64657657062284,-79.39005359489916,Store potentially hazardous foods at internal temperature between 4 C and 60 C - Sec. 27(1)
DUFF'S FAMOUS WINGS,2024-08-16,C - Crucial,43.70661776590893,-79.37572000808589,Store ice in unsanitary manner - Sec.  26(5) 
IRIE FLAVOURS,2024-08-16,C - Crucial,43.76353910211275,-79.49915777900574,Fail to ensure food handler in food premise refrains from conduct that could result in contamination of food - Sec. 33(1)(h) 
IRIE FLAVOURS,2024-08-16,C - Crucial,43.76337577965589,-79.49941838163598,Store potentially hazardous foods at internal temperature between 4 C and 60 C - Sec. 27(1)
IRIE FLAVOURS,2024-08-16,C - Crucial,43.76334600932046,-79.49934840259505,Refrigerate potentially hazardous foods at internal temperature above 4 C - Sec. 30(a)
RAMONA'S KITCHEN,2024-08-16,C - Crucial,43.705689264163766,-79.37547265199088,Fail to ensure food handler in food premise refrains from conduct that could result in contamination of food - Sec. 33(1)(h) 
CHAWK BAZAR,2024-08-16,C - Crucial,43.742796601446585,-79.30849683190038,Fail to protect food from contamination or adulteration - Sec. 26(1) 
Pariwar Restaurant,2024-08-16,C - Crucial,43.74248133394669,-79.30829461538363,Food premise maintained in manner permitting adverse effect on food - Sec. 7(1)(a)(iii) 
Pariwar Restaurant,2024-08-16,C - Crucial,43.742751126665766,-79.30890462136055,Maintain potentially hazardous foods at internal temperature between 4 C and 60 C -  Sec. 27(1)
Pariwar Restaurant,2024-08-16,C - Crucial,43.74243668388554,-79.3091552875815,Fail to protect food from contamination or adulteration - Sec. 26(1) 
FOODRAMA,2024-08-19,C - Crucial,43.647598978043796,-79.40423877561216,Store potentially hazardous foods at internal temperature between 4 C and 60 C - Sec. 27(1)
GRILLIES,2024-08-19,C - Crucial,43.70538956073286,-79.37515790334656,Store potentially hazardous foods at internal temperature between 4 C and 60 C - Sec. 27(1)
NOT JUST NOODLES,2024-08-19,C - Crucial,43.665357074836464,-79.38503867541445,Fail to protect food from contamination or adulteration - Sec. 26(1) 
PATISSERIE LA CIGOGNE,2024-08-19,C - Crucial,43.70676950249425,-79.37550871380348,Store ice in unsanitary manner - Sec.  26(5) 
TAHANAN FILIPINO CUISINE,2024-08-19,C - Crucial,43.74713475976567,-79.43670843422814,Store potentially hazardous foods at internal temperature between 4 C and 60 C - Sec. 27(1)
TAHANAN FILIPINO CUISINE,2024-08-19,C - Crucial,43.74659690720535,-79.43667193639104,Fail to protect food from contamination or adulteration - Sec. 26(1) 
Tropical Nights Restaurant,2024-08-19,C - Crucial,43.80153288966291,-79.19978585727397,Handle ice in unsanitary manner - Sec.  26(5) 
BONE SOUP MALATANG,2024-08-20,C - Crucial,43.66447539281298,-79.41497406242587,Fail to protect food from contamination or adulteration - Sec. 26(1) 
NEW KALYANI TAKE OUT & CATERING,2024-08-20,C - Crucial,43.73028559443202,-79.26644523804634,Fail to protect food from contamination or adulteration - Sec. 26(1) 
PADMA RESTAURANT INC,2024-08-20,C - Crucial,43.69114651659272,-79.29093309804158,Hot-holding potentially hazardous foods at internal temperature below 60 C - Sec. 30(a)
PADMA RESTAURANT INC,2024-08-20,C - Crucial,43.69090867303251,-79.29084696992201,Refrigerate potentially hazardous foods at internal temperature above 4 C - Sec. 30(a)
BAIRRADA CHURRASQUEIRA GRILL AND PATIO,2024-08-21,C - Crucial,43.6530957800043,-79.42913081290304,Store ice in unsanitary manner - Sec.  26(5) 
BUONO RISTORANTE,2024-08-20,C - Crucial,43.70549719273089,-79.37468074284098,Store ice in unsanitary manner - Sec.  26(5) 
CHEFS CLAN/MEALBETS,2024-08-21,C - Crucial,43.71371646934396,-79.33581715459972,Maintain potentially hazardous foods at internal temperature between 4 C and 60 C -  Sec. 27(1)
CHEFS CLAN/MEALBETS,2024-08-21,C - Crucial,43.71311386213139,-79.33523104248985,Fail to protect food from contamination or adulteration - Sec. 26(1) 
CHEFS CLAN/MEALBETS,2024-08-21,C - Crucial,43.713652194697346,-79.33526504415696,Fail to ensure food handler in food premise washes hands as necessary to prevent contamination of food - Sec. 33(1)(e) 
PATISSERIE LA CIGOGNE,2024-08-21,C - Crucial,43.70652785723144,-79.37627635365318,Store ice in unsanitary manner - Sec.  26(5) 
ROIS CREAM,2024-08-21,C - Crucial,43.66529161692185,-79.46513909927603,Fail to ensure food handler in food premise washes hands as necessary to prevent contamination of food - Sec. 33(1)(e) 
TANDOORI MASALA,2024-08-21,C - Crucial,43.71554218735155,-79.5940663165569,Fail to protect food from contamination or adulteration - Sec. 26(1) 
FRESH BUY MARKET,2024-08-22,C - Crucial,43.698227774161516,-79.39636631809462,Fail to protect food from contamination or adulteration - Sec. 26(1) 
LAHORE GRILL & FAST FOOD,2024-08-21,C - Crucial,43.671491550626186,-79.32770271731313,Store potentially hazardous foods at internal temperature between 4 C and 60 C - Sec. 27(1)
THE SUPER NOODLE COMPANY - FB  415 - CNE 2024,2024-08-21,C - Crucial,43.63709541509568,-79.4100684710872,Fail to protect food from contamination or adulteration - Sec. 26(1) 
ARABICA,2024-08-23,C - Crucial,43.72616928034412,-79.45114122642832,Fail to ensure food handler in food premise washes hands as necessary to prevent contamination of food - Sec. 33(1)(e) 
ASIAN GOURMET,2024-08-23,C - Crucial,43.7165836364653,-79.44766774766639,Fail to protect food from contamination or adulteration - Sec. 26(1) 
BANCAN KITCHEN,2024-08-23,C - Crucial,43.71371552064963,-79.36642503279614,Fail to protect food from contamination or adulteration - Sec. 26(1) 
BANCAN KITCHEN,2024-08-23,C - Crucial,43.713775094486394,-79.36676219528813,Store potentially hazardous foods at internal temperature between 4 C and 60 C - Sec. 27(1)
BLOOMING GARDEN,2024-08-23,C - Crucial,43.80960162796269,-79.26885099721036,Maintain potentially hazardous foods at internal temperature between 4 C and 60 C -  Sec. 27(1)
CHICKEN PLUS THE BAR,2024-08-22,C - Crucial,43.76440489846371,-79.41063641512005,Fail to protect food from contamination or adulteration - Sec. 26(1) 
GOODFELLAS PIZZA,2024-08-23,C - Crucial,43.64853035324731,-79.48679745738133,Store ice in unsanitary manner - Sec.  26(5) 
KERALA NOOK,2024-08-21,C - Crucial,43.75576875035463,-79.26716801978488,Fail to protect food from contamination or adulteration - Sec. 26(1) 
KERALA NOOK,2024-08-21,C - Crucial,43.75569826136861,-79.26708068293316,Fail to ensure food handler in food premise washes hands as necessary to prevent contamination of food - Sec. 33(1)(e) 
KERALA NOOK,2024-08-21,C - Crucial,43.75595943125657,-79.26731317239546,Food premise maintained in manner permitting adverse effect on food - Sec. 7(1)(a)(iii) 
OLD K FRIED CHICKEN,2024-08-22,C - Crucial,43.76612406450616,-79.40081006071834,Fail to protect food from contamination or adulteration - Sec. 26(1) 
OLD K FRIED CHICKEN,2024-08-22,C - Crucial,43.7663037314101,-79.40007315935951,Fail to ensure food handler in food premise washes hands as necessary to prevent contamination of food - Sec. 33(1)(e) 
PLANET PUNJAB,2024-08-23,C - Crucial,43.76341505176363,-79.49980845291923,Hot-holding potentially hazardous foods at internal temperature below 60 C - Sec. 30(a)
PLANET PUNJAB,2024-08-23,C - Crucial,43.76279478073413,-79.49960891050014,Refrigerate potentially hazardous foods at internal temperature above 4 C - Sec. 30(a)
SHAHEEN TIKKA KABAB HOUSE,2024-08-22,C - Crucial,43.71379646295485,-79.33574391255382,Fail to protect food from contamination or adulteration - Sec. 26(1) 
Family Restaurant Wok & Fortune,2024-08-26,C - Crucial,43.739196702419804,-79.23760303857911,Food premise maintained in manner permitting adverse effect on food - Sec. 7(1)(a)(iii) 
ICE CREAM WAFFLES - CNE 2024 - KW,2024-08-26,C - Crucial,43.6352849810092,-79.41138050221623,Food premise maintained in manner permitting adverse effect on food - Sec. 7(1)(a)(iii) 
ICHIBAN SUSHI,2024-08-26,C - Crucial,43.64360206078774,-79.40508532370782,Maintain potentially hazardous foods at internal temperature between 4 C and 60 C -  Sec. 27(1)
KANGA RESTAURANT,2024-08-26,C - Crucial,43.710676333724045,-79.29663685788644,Hot-holding potentially hazardous foods at internal temperature below 60 C - Sec. 30(a)
KANGA RESTAURANT,2024-08-26,C - Crucial,43.710153569514425,-79.29668064068075,Refrigerate potentially hazardous foods at internal temperature above 4 C - Sec. 30(a)
MOMO COFFEE,2024-08-26,C - Crucial,43.759463288735716,-79.41092396766805,Handle ice in unsanitary manner - Sec.  26(5) 
RODEO BRAZILIAN CHURRASCARIA,2024-08-23,C - Crucial,43.67601563156845,-79.3583709237509,Food premise maintained in manner permitting health hazard (Insects) - Sec. 7(1)(a)(i)    
RODEO BRAZILIAN CHURRASCARIA,2024-08-23,C - Crucial,43.675667170199404,-79.35873638628108,Food premise maintained in manner permitting adverse effect on food - Sec. 7(1)(a)(iii) 
SCOTTHILL CARIBBEAN CUISINE,2024-08-26,C - Crucial,43.733904887559326,-79.41921639994764,Store potentially hazardous foods at internal temperature between 4 C and 60 C - Sec. 27(1)
SCOTTHILL CARIBBEAN CUISINE,2024-08-26,C - Crucial,43.73439636016296,-79.4192154912746,Fail to protect food from contamination or adulteration - Sec. 26(1) 
SEOUL HOUSE,2024-08-26,C - Crucial,43.71838162451118,-79.4556492742519,Fail to protect food from contamination or adulteration - Sec. 26(1) 
SEOUL HOUSE,2024-08-26,C - Crucial,43.71866166643866,-79.45577593455432,Store potentially hazardous foods at internal temperature between 4 C and 60 C - Sec. 27(1)
FOODIEEZ INDIAN AND HAKKA CUISINE,2024-08-27,C - Crucial,43.70004111688959,-79.43105091967969,Fail to ensure storage pallets designed to protect against contamination - Sec. 31
FOODIEEZ INDIAN AND HAKKA CUISINE,2024-08-27,C - Crucial,43.699886695081666,-79.43044565933657,Food premise maintained in manner permitting adverse effect on food - Sec. 7(1)(a)(iii) 
OSAKA SUSHI,2024-08-27,C - Crucial,43.713338373408,-79.33544796042266,Fail to protect food from contamination or adulteration - Sec. 26(1) 
OSAKA SUSHI,2024-08-27,C - Crucial,43.71350655067864,-79.33601479804334,Store ice in unsanitary manner - Sec.  26(5) 
OSAKA SUSHI,2024-08-27,C - Crucial,43.71371274383822,-79.33559182180946,Store potentially hazardous foods at internal temperature between 4 C and 60 C - Sec. 27(1)
SHAWARMA  ROYALE,2024-08-27,C - Crucial,43.70853414530884,-79.39054967779798,Fail to process food in manner safe to eat - Sec. 26(2)
SHAWARMA  ROYALE,2024-08-27,C - Crucial,43.70882456602075,-79.39129646998381,Food premise maintained in manner permitting adverse effect on food - Sec. 7(1)(a)(iii) 
SLICE & BITES,2024-08-27,C - Crucial,43.71813746652274,-79.42975589119149,Fail to ensure food handler in food premise washes hands as necessary to prevent contamination of food - Sec. 33(1)(e) 
SLICE & BITES,2024-08-27,C - Crucial,43.718318935903596,-79.42989660568556,Refrigerate potentially hazardous foods at internal temperature above 4 C - Sec. 30(a)
SLICE & BITES,2024-08-27,C - Crucial,43.717594448998895,-79.42913238139735,Fail to protect food from contamination or adulteration - Sec. 26(1) 
Silly Goose Pub,2024-08-26,C - Crucial,43.7365403969191,-79.30683038254726,Fail to protect food from contamination or adulteration - Sec. 26(1) 
5 ELEMENTS ESPRESSO BAR,2024-08-28,C - Crucial,43.67392024567852,-79.39580367317464,Fail to protect food from contamination or adulteration - Sec. 26(1) 
CHINA FOOD,2024-08-28,C - Crucial,43.70481249900946,-79.36596490687863,Store potentially hazardous foods at internal temperature between 4 C and 60 C - Sec. 27(1)
CHINA FOOD,2024-08-28,C - Crucial,43.704698007904085,-79.36635155685508,Fail to protect food from contamination or adulteration - Sec. 26(1) 
CHINA FOOD,2024-08-28,C - Crucial,43.70469927873981,-79.36622792052478,Fail to ensure food handler in food premise washes hands as necessary to prevent contamination of food areas - Sec.  33(1)(e)
LUCKY DRAGON RESTAURANT,2024-08-29,C - Crucial,43.71910916000499,-79.45531459324798,Fail to protect food from contamination or adulteration - Sec. 26(1) 
OPERA BOB'S PUBLIC HOUSE,2024-08-28,C - Crucial,43.649923348076726,-79.41965933972966,Store ice in unsanitary manner - Sec.  26(5) 
99 SUSHI,2024-08-30,C - Crucial,43.7076939310598,-79.39317897516501,Fail to protect food from contamination or adulteration - Sec. 26(1) 
Kunafa's,2024-08-30,C - Crucial,43.7426014909658,-79.30511867317963,Food premise maintained in manner permitting adverse effect on food - Sec. 7(1)(a)(iii) 
Kunafa's,2024-08-30,C - Crucial,43.74198893400845,-79.30503441984784,Maintain potentially hazardous foods at internal temperature between 4 C and 60 C -  Sec. 27(1)
VIA MERCANTI,2024-08-30,C - Crucial,43.734235416260624,-79.4197837787237,Fail to protect food from contamination or adulteration - Sec. 26(1) 
VIA MERCANTI,2024-08-30,C - Crucial,43.73408306972991,-79.41948493141017,Store ice in unsanitary manner - Sec.  26(5) 
MONKEY SUSHI,2024-08-30,C - Crucial,43.706893353962386,-79.39597467433988,Food premise maintained in manner permitting adverse effect on food - Sec. 7(1)(a)(iii) 
MONKEY SUSHI,2024-08-30,C - Crucial,43.706922216773314,-79.3954625166973,Fail to ensure food handler in food premise washes hands as necessary to prevent contamination of food - Sec. 33(1)(e) 
MONKEY SUSHI,2024-08-30,C - Crucial,43.70686683103785,-79.39582698373218,Store potentially hazardous foods at internal temperature between 4 C and 60 C - Sec. 27(1)
PIZZA RUSTICA,2024-09-03,C - Crucial,43.64459495893621,-79.39167077936914,Store potentially hazardous foods at internal temperature between 4 C and 60 C - Sec. 27(1)
AG RESTAURANT,2024-09-04,C - Crucial,43.75151366830985,-79.51614132116366,Fail to protect food from contamination or adulteration - Sec. 26(1) 
AG RESTAURANT,2024-09-04,C - Crucial,43.751640100151896,-79.51597465950258,Refrigerate potentially hazardous foods at internal temperature above 4 C - Sec. 30(a)
BENTO KING,2024-09-04,C - Crucial,43.773267849129965,-79.41496390880323,Hot-holding potentially hazardous foods at internal temperature below 60 C - Sec. 30(a)
BENTO KING,2024-09-04,C - Crucial,43.772729884644484,-79.4139192808015,Fail to protect food from contamination or adulteration - Sec. 26(1) 
BENTO KING,2024-09-04,C - Crucial,43.77280624332151,-79.41418332153232,Store potentially hazardous foods at internal temperature between 4 C and 60 C - Sec. 27(1)
KUYA DON LOMI BATANGAS,2024-09-03,C - Crucial,43.73331458189138,-79.43259183612113,Fail to protect food from contamination or adulteration - Sec. 26(1) 
KUYA DON LOMI BATANGAS,2024-09-03,C - Crucial,43.73406290750507,-79.43294694117755,Store potentially hazardous foods at internal temperature between 4 C and 60 C - Sec. 27(1)
KUYA DON LOMI BATANGAS,2024-09-03,C - Crucial,43.733802614280094,-79.43292391055934,Refrigerate potentially hazardous foods at internal temperature above 4 C - Sec. 30(a)
PLANET PUNJAB,2024-09-04,C - Crucial,43.76359572689942,-79.49980134691522,Hot-holding potentially hazardous foods at internal temperature below 60 C - Sec. 30(a)
PLANET PUNJAB,2024-09-04,C - Crucial,43.763473427718644,-79.49965895624587,Refrigerate potentially hazardous foods at internal temperature above 4 C - Sec. 30(a)
SUPERKING SUPERMARKET,2024-09-04,C - Crucial,43.704534174911394,-79.49201475366219,Fail to protect food from contamination or adulteration - Sec. 26(1) 
BAYVIEW SHAWARMA,2024-09-05,C - Crucial,43.705756049400236,-79.37447674176684,Refrigerate potentially hazardous foods at internal temperature above 4 C - Sec. 30(a)
KIBO MARKET UNION,2024-09-06,C - Crucial,43.645175204955585,-79.38095676247598,Fail to process food in manner safe to eat - Sec. 26(2)
KIBO MARKET UNION,2024-09-06,C - Crucial,43.645603200813675,-79.38022577391386,Store potentially hazardous foods at internal temperature between 4 C and 60 C - Sec. 27(1)
RUCHI #1,2024-09-06,C - Crucial,43.80368653478639,-79.19900896610477,Display potentially hazardous foods at internal temperature between 4 C and 60 C - Sec. 27(1)
NORTH OF BROOKLYN PIZZERIA,2024-09-06,C - Crucial,43.68189589907571,-79.33151797731088,Fail to protect food from contamination or adulteration - Sec. 26(1) 
DELICACY KITCHEN,2024-09-10,C - Crucial,43.70794914465507,-79.45348338458722,Fail to protect food from contamination or adulteration - Sec. 26(1) 
DELICACY KITCHEN,2024-09-10,C - Crucial,43.707841503919994,-79.45299859618858,Store potentially hazardous foods at internal temperature between 4 C and 60 C - Sec. 27(1)
DELICACY KITCHEN,2024-09-10,C - Crucial,43.708389495949696,-79.45359294101388,Fail to ensure food handler in food premise washes hands as necessary to prevent contamination of food - Sec. 33(1)(e) 
MR. SMOKE AND VARIETY,2024-09-10,C - Crucial,43.72629714548245,-79.48328356174834,Hot-holding potentially hazardous foods at internal temperature below 60 C - Sec. 30(a)
DALDONGHAE,2024-09-10,C - Crucial,43.66441229039719,-79.41593179895371,Fail to protect food from contamination or adulteration - Sec. 26(1) 
33 BEEFSTEAK TANTUNI GRILL LOUNGE,2024-09-12,C - Crucial,43.67788265066389,-79.49657668353423,Fail to protect food from contamination or adulteration - Sec. 26(1) 
POONDY BREAD BAKERY,2024-09-13,C - Crucial,43.730354946350836,-79.26671681925453,Fail to protect food from contamination or adulteration - Sec. 26(1) 
SIBEL,2024-09-13,C - Crucial,43.7347836515375,-79.41921061794622,Hot-holding potentially hazardous foods at internal temperature below 60 C - Sec. 30(a)
SIBEL,2024-09-13,C - Crucial,43.7348579673362,-79.41934198848179,Store ice in unsanitary manner - Sec.  26(5) 
SIBEL,2024-09-13,C - Crucial,43.734592454038605,-79.41930535282088,Store potentially hazardous foods at internal temperature between 4 C and 60 C - Sec. 27(1)
NATIONS FRESH FOODS,2024-09-17,C - Crucial,43.672310436897945,-79.47063735703004,Fail to protect food from contamination or adulteration - Sec. 26(1) 
URBAN HAKKA,2024-09-16,C - Crucial,43.7295888462798,-79.40268887939477,Fail to protect food from contamination or adulteration - Sec. 26(1) 
EARL'S RESTAURANT,2024-09-18,C - Crucial,43.72561519609809,-79.45169805990612,Maintain potentially hazardous foods at internal temperature between 4 C and 60 C -  Sec. 27(1)
HARBOURFRONT CAFE,2024-09-18,C - Crucial,43.64208142042905,-79.37459240691389,Store potentially hazardous foods at internal temperature between 4 C and 60 C - Sec. 27(1)
PLAYHOUSE CHILDCARE CENTRE,2024-09-18,C - Crucial,43.733570627409755,-79.3391561644963,Maintain potentially hazardous foods at internal temperature between 4 C and 60 C -  Sec. 27(1)
SANUKI UDON,2024-09-18,C - Crucial,43.661896718255456,-79.38104101062737,Store potentially hazardous foods at internal temperature between 4 C and 60 C - Sec. 27(1)
FEED SCARBOROUGH,2024-09-19,C - Crucial,43.71631166226221,-79.2572671218563,Fail to protect food from contamination or adulteration - Sec. 26(1) 
HAWTHORNE PLACE CARE CENTRE,2024-09-19,C - Crucial,43.756221586178754,-79.521607821444,Store potentially hazardous foods at internal temperature between 4 C and 60 C - Sec. 27(1)
PHO VIETNAM,2024-09-19,C - Crucial,43.757232515593074,-79.27843623780515,Fail to ensure food handler in food premise washes hands as necessary to prevent contamination of food - Sec. 33(1)(e) 
THE O'NEILL CENTRE NURSING HOME,2024-09-18,C - Crucial,43.665316496020125,-79.41842153338494,Store potentially hazardous foods at internal temperature between 4 C and 60 C - Sec. 27(1)
AROMA ESPRESSO BAR,2024-09-20,C - Crucial,43.63880736416911,-79.41711084903359,Maintain potentially hazardous foods at internal temperature between 4 C and 60 C -  Sec. 27(1)
JIANGNAN HANDMADE DIM SUM,2024-09-20,C - Crucial,43.76034497262327,-79.41167231487827,Fail to process food in manner safe to eat - Sec. 26(2)
POORANI VILAAS,2024-09-20,C - Crucial,43.83607387535766,-79.24980717119365,Maintain potentially hazardous foods at internal temperature between 4 C and 60 C -  Sec. 27(1)
PUMPERNICKEL'S,2024-09-20,C - Crucial,43.65949570009003,-79.38904882674781,Store potentially hazardous foods at internal temperature between 4 C and 60 C - Sec. 27(1)
PUMPERNICKEL'S,2024-09-20,C - Crucial,43.659450291953235,-79.3890675611858,Fail to ensure food handler in food premise refrains from conduct that could result in contamination of food - Sec. 33(1)(h) 
AMAYA REAL INDIAN FOOD,2024-09-23,C - Crucial,43.61272666149296,-79.55635497288195,Hot-holding potentially hazardous foods at internal temperature below 60 C - Sec. 30(a)
CHINA TOWN TAKE OUT,2024-09-23,C - Crucial,43.70689944219941,-79.50502722838606,Fail to ensure storage shelves designed to protect against contamination - Sec. 31
CHITOS PIZZA,2024-09-23,C - Crucial,43.7316587005948,-79.4590911301463,Hot-holding potentially hazardous foods at internal temperature below 60 C - Sec. 30(a)
KATSUYA,2024-09-23,C - Crucial,43.73160190415147,-79.45919322972776,Refrigerate potentially hazardous foods at internal temperature above 4 C - Sec. 30(a)
GLENDON COLLEGE CAFETERIA,2024-09-24,C - Crucial,43.727206703385036,-79.37799239706182,Maintain potentially hazardous foods at internal temperature between 4 C and 60 C -  Sec. 27(1)
GLENDON COLLEGE CAFETERIA,2024-09-24,C - Crucial,43.72694284318005,-79.37807061125706,Fail to protect food from contamination or adulteration - Sec. 26(1) 
GOA INDIAN FARM KITCHEN,2024-09-23,C - Crucial,43.76888147171465,-79.38821313117724,Maintain potentially hazardous foods at internal temperature between 4 C and 60 C -  Sec. 27(1)
GOA INDIAN FARM KITCHEN,2024-09-23,C - Crucial,43.76899359279691,-79.38794500918112,Fail to protect food from contamination or adulteration - Sec. 26(1) 
GOA INDIAN FARM KITCHEN,2024-09-23,C - Crucial,43.76903911199336,-79.38818320862815,Fail to ensure food handler in food premise washes hands as necessary to prevent contamination of food - Sec. 33(1)(e) 
KING'S BELLY,2024-09-23,C - Crucial,43.69506795857489,-79.34254954036341,Food premise maintained in manner to permit contamination of single-service containers - Sec. 7(1)(h)  
LADY YORK FOODS,2024-09-24,C - Crucial,43.709337888412136,-79.45271945647038,Fail to ensure food handler in food premise washes hands as necessary to prevent contamination of food - Sec. 33(1)(e) 
LADY YORK FOODS,2024-09-24,C - Crucial,43.7097414703028,-79.45309680627892,Offer for sale potentially hazardous foods at internal temperature between 4 C and 60 C - Sec. 27(1)
LADY YORK FOODS,2024-09-24,C - Crucial,43.709770523947256,-79.45319914245053,Fail to protect food from contamination or adulteration - Sec. 26(1) 
MAKKAH RESTAURANT,2024-09-24,C - Crucial,43.69039291721284,-79.29206205496557,Refrigerate potentially hazardous foods at internal temperature above 4 C - Sec. 30(a)
TAGPUAN,2024-09-24,C - Crucial,43.73559600028967,-79.30703866580028,Fail to ensure food handler in food premise refrains from conduct that could result in contamination of food - Sec. 33(1)(h) 
TAGPUAN,2024-09-24,C - Crucial,43.73625127337898,-79.3078195667209,Display potentially hazardous foods at internal temperature between 4 C and 60 C - Sec. 27(1)
CHURCH'S TEXAS CHICKEN,2024-09-25,C - Crucial,43.743751227590145,-79.48675983526392,Hot-holding potentially hazardous foods at internal temperature below 60 C - Sec. 30(a)
RAL INC,2024-09-25,C - Crucial,43.759572860422914,-79.57097857195586,Fail to ensure storage shelves designed to protect against contamination - Sec. 31
RAL INC,2024-09-25,C - Crucial,43.75866439640047,-79.57094703724503,Fail to ensure food handler in food premise washes hands as necessary to prevent contamination of food - Sec. 33(1)(e) 
RAL INC,2024-09-25,C - Crucial,43.75977908148721,-79.57076644525971,Store ice in unsanitary manner - Sec.  26(5) 
SUNSHINE VILLAGE GRILL,2024-09-25,C - Crucial,43.65155500185974,-79.47549540761064,Fail to ensure food handler in food premise refrains from conduct that could result in contamination of food areas - Sec. 33(1)(h) 
SUNSHINE VILLAGE GRILL,2024-09-25,C - Crucial,43.6513628679094,-79.47575165910787,Fail to protect food from contamination or adulteration - Sec. 26(1) 
AK TIME OUT DINE IN & TAKEOUT,2024-09-26,C - Crucial,43.725850931973774,-79.2990650755319,Hot-holding potentially hazardous foods at internal temperature below 60 C - Sec. 30(a)
MONOPOL CAFE,2024-09-25,C - Crucial,43.67956162549488,-79.34481653345907,Store ice in unsanitary manner - Sec.  26(5) 
BB.Q CHICKEN,2024-09-27,C - Crucial,43.77199454313749,-79.34534365599326,Fail to ensure food handler in food premise refrains from conduct that could result in contamination of food - Sec. 33(1)(h) 
BB.Q CHICKEN,2024-09-27,C - Crucial,43.772718835715345,-79.34476782135333,Fail to ensure food handler in food premise washes hands as necessary to prevent contamination of food areas - Sec.  33(1)(e)
BRIONI SUPERMARKET LTD.,2024-09-27,C - Crucial,43.710675791596216,-79.51729483055392,Store potentially hazardous foods at internal temperature between 4 C and 60 C - Sec. 27(1)
ELLE'S CAFE,2024-09-27,C - Crucial,43.755591448733036,-79.52309753744409,Sell potentially hazardous foods at internal temperature between 4 C and 60 C - Sec. 27(1)
HASTY MARKET,2024-09-30,C - Crucial,43.65519897486956,-79.35825098907006,Fail to protect food from contamination or adulteration - Sec. 26(1) 
VENTURE PARK LABS,2024-09-30,C - Crucial,43.70577282692825,-79.47098925060332,Fail to protect food from contamination or adulteration - Sec. 26(1) 
AMMI'S,2024-09-30,C - Crucial,43.74283716818353,-79.30807296564886,Fail to protect food from contamination or adulteration - Sec. 26(1) 
AMMI'S,2024-09-30,C - Crucial,43.7429193189498,-79.30791385934475,Food premise maintained in manner permitting health hazard (Insects) - Sec. 7(1)(a)(i)    
Pariwar Restaurant,2024-09-30,C - Crucial,43.74239884926087,-79.30835384435471,Fail to protect food from contamination or adulteration - Sec. 26(1) 
Pariwar Restaurant,2024-09-30,C - Crucial,43.742655158529075,-79.30810971569245,Maintain potentially hazardous foods at internal temperature between 4 C and 60 C -  Sec. 27(1)
Pariwar Restaurant,2024-09-30,C - Crucial,43.74253182175495,-79.30874241512005,Fail to ensure food handler in food premise washes hands as necessary to prevent contamination of food - Sec. 33(1)(e) 
ZUNYAN FINE DINING AND BANQUET,2024-10-01,C - Crucial,43.822866886164405,-79.30051943652244,Fail to protect food from contamination or adulteration - Sec. 26(1) 
FOREST HILL PLACE,2024-10-02,C - Crucial,43.70589125258284,-79.42503261503404,Fail to ensure food handler in food premise washes hands as necessary to prevent contamination of food - Sec. 33(1)(e) 
FOREST HILL PLACE,2024-10-02,C - Crucial,43.70617479903651,-79.42478694612343,Refrigerate potentially hazardous foods at internal temperature above 4 C - Sec. 30(a)
FOREST HILL PLACE,2024-10-02,C - Crucial,43.70644223229238,-79.4251535734134,Fail to protect food from contamination or adulteration - Sec. 26(1) 
PHAT KAPHRAO,2024-10-02,C - Crucial,43.71820509149873,-79.42961067583157,Fail to protect food from contamination or adulteration - Sec. 26(1) 
PHAT KAPHRAO,2024-10-02,C - Crucial,43.71786105302126,-79.43015563830384,Fail to ensure food handler in food premise washes hands as necessary to prevent contamination of food - Sec. 33(1)(e) 
PHAT KAPHRAO,2024-10-02,C - Crucial,43.718141943450945,-79.42927629085274,Store potentially hazardous foods at internal temperature between 4 C and 60 C - Sec. 27(1)
PIZZA HUT,2024-10-02,C - Crucial,43.65276077187424,-79.47087147640444,Maintain potentially hazardous foods at internal temperature between 4 C and 60 C -  Sec. 27(1)
ALMADINA BISTRO,2024-10-02,C - Crucial,43.657373577606876,-79.38165481838172,Maintain potentially hazardous foods at internal temperature between 4 C and 60 C -  Sec. 27(1)
CHURCH'S TEXAS CHICKEN,2024-10-03,C - Crucial,43.64081497029695,-79.3768125443261,Fail to protect food from contamination or adulteration - Sec. 26(1) 
FORTUNE SEAFOOD RESTAURANT,2024-10-03,C - Crucial,43.81455512042125,-79.29201303061764,Fail to protect food from contamination or adulteration - Sec. 26(1) 
PHO KIM,2024-10-03,C - Crucial,43.72402499063531,-79.50934889491198,Fail to ensure food handler in food premise washes hands as necessary to prevent contamination of food areas - Sec.  33(1)(e)
PHO KIM,2024-10-03,C - Crucial,43.72405457749676,-79.50929894262569,Fail to protect food from contamination or adulteration - Sec. 26(1) 
YANKEE LADY IV,2024-10-02,C - Crucial,43.636700498256936,-79.3964705725434,Food premise maintained in manner permitting health hazard - Sec. 7(1)(a)(i)    
CAPTAIN'S CATCH,2024-10-04,C - Crucial,43.77548626235301,-79.33397787031623,Fail to maintain records of food purchased  - Sec. 29(2)  
CHERCHER BUTCHER STORE,2024-10-04,C - Crucial,43.68975860258072,-79.29562117804025,Refrigerate potentially hazardous foods at internal temperature above 4 C - Sec. 30(a)
DHAKA KEBAB,2024-10-04,C - Crucial,43.69138530047682,-79.28987534902471,Hot-holding potentially hazardous foods at internal temperature below 60 C - Sec. 30(a)
DHAKA KEBAB,2024-10-04,C - Crucial,43.69125872915921,-79.28900058031806,Refrigerate potentially hazardous foods at internal temperature above 4 C - Sec. 30(a)
SANSA BAKERY & GRILL,2024-10-04,C - Crucial,43.686533284764984,-79.4390632172372,Fail to protect food from contamination or adulteration - Sec. 26(1) 
SANSA BAKERY & GRILL,2024-10-04,C - Crucial,43.686953272885184,-79.43914448452549,Hot-holding potentially hazardous foods at internal temperature below 60 C - Sec. 30(a)
SOUTH ST. BURGER,2024-10-04,C - Crucial,43.73433774655271,-79.34380856422582,Refrigerate potentially hazardous foods at internal temperature above 4 C - Sec. 30(a)
CHICKQUEEN,2024-10-07,C - Crucial,43.773246176147865,-79.49219787678851,Fail to process food in manner safe to eat - Sec. 26(2)
CHICKQUEEN,2024-10-07,C - Crucial,43.77373420609848,-79.49239661324357,Fail to protect food from contamination or adulteration - Sec. 26(1) 
OTTOMAN TURKISH GRILL,2024-10-04,C - Crucial,43.74247272458788,-79.30779961162166,Food premise maintained in manner permitting health hazard (Insects) - Sec. 7(1)(a)(i)    
OTTOMAN TURKISH GRILL,2024-10-04,C - Crucial,43.7423964961508,-79.3076822798836,Food premise maintained in manner permitting adverse effect on food - Sec. 7(1)(a)(iii) 
TIN TIN CONGEE CHINESE RESTAURANT,2024-10-07,C - Crucial,43.774135203194085,-79.49235871612788,Store potentially hazardous foods at internal temperature between 4 C and 60 C - Sec. 27(1)
TIN TIN CONGEE CHINESE RESTAURANT,2024-10-07,C - Crucial,43.773799174642384,-79.49219369123003,Fail to protect food from contamination or adulteration - Sec. 26(1) 
C-BLOCK TAIWANESE BENTO,2024-10-07,C - Crucial,43.66358074948041,-79.41719924455406,Fail to protect food from contamination or adulteration - Sec. 26(1) 
EMPRESS OF CANADA,2024-10-07,C - Crucial,43.639686650067404,-79.38652608807283,Fail to provide food premise with adequate potable water supply - Sec.  7(3)(a)  
EMPRESS OF CANADA,2024-10-07,C - Crucial,43.63850152901402,-79.38579238201646,Food premise maintained in manner permitting health hazard - Sec. 7(1)(a)(i)    
MCEWAN,2024-10-08,C - Crucial,43.73625302690921,-79.34503138621778,Fail to protect food from contamination or adulteration - Sec. 26(1) 
MCEWAN,2024-10-08,C - Crucial,43.736258678371705,-79.34459863940047,Store potentially hazardous foods at internal temperature between 4 C and 60 C - Sec. 27(1)
RADHUNI,2024-10-07,C - Crucial,43.691176103582485,-79.28800543178068,Hot-holding potentially hazardous foods at internal temperature below 60 C - Sec. 30(a)
THE SPICY GRILL,2024-10-08,C - Crucial,43.69273205992963,-79.28322880778074,Maintain potentially hazardous foods at internal temperature between 4 C and 60 C -  Sec. 27(1)
VAIKHA INDIAN RESTAURANT,2024-10-08,C - Crucial,43.743501334477706,-79.48678632371418,Refrigerate potentially hazardous foods at internal temperature above 4 C - Sec. 30(a)
TUMI DUMPLING HOUSE,2024-10-09,C - Crucial,43.66595305520022,-79.46667826001348,Store ice in unsanitary manner - Sec.  26(5) 
TUMI DUMPLING HOUSE,2024-10-09,C - Crucial,43.66533529413255,-79.46641030450238,Fail to protect food from contamination or adulteration - Sec. 26(1) 
CASA PORTUGUESA,2024-10-10,C - Crucial,43.720091516855355,-79.46817571010686,Fail to ensure food handler in food premise washes hands as necessary to prevent contamination of food - Sec. 33(1)(e) 
CASA PORTUGUESA,2024-10-10,C - Crucial,43.72019761195439,-79.46873037185043,Fail to protect food from contamination or adulteration - Sec. 26(1) 
CASA PORTUGUESA,2024-10-10,C - Crucial,43.719782469395646,-79.46841382994265,Sell potentially hazardous foods at internal temperature between 4 C and 60 C - Sec. 27(1)
IRYEWON,2024-10-10,C - Crucial,43.78550753572693,-79.47665532353602,Maintain potentially hazardous foods at internal temperature between 4 C and 60 C -  Sec. 27(1)
IRYEWON,2024-10-10,C - Crucial,43.78532617569918,-79.47742965139486,Fail to protect food from contamination or adulteration - Sec. 26(1) 
SUNNY MORNING,2024-10-10,C - Crucial,43.685719864160994,-79.39332348337174,Food premise maintained in manner permitting adverse effect on food - Sec. 7(1)(a)(iii) 
TAQUERIA EL PASTORCITO,2024-10-09,C - Crucial,43.67817068151593,-79.44352650727532,Store potentially hazardous foods at internal temperature between 4 C and 60 C - Sec. 27(1)
TAQUERIA EL PASTORCITO,2024-10-09,C - Crucial,43.67823925583709,-79.44365353779246,Refrigerate potentially hazardous foods at internal temperature above 4 C - Sec. 30(a)
UNPLUGGED,2024-10-08,C - Crucial,43.63724105207767,-79.39078541351152,Food premise maintained in manner permitting health hazard - Sec. 7(1)(a)(i)    
UNPLUGGED,2024-10-08,C - Crucial,43.637063886195726,-79.39102990403302,Fail to provide food premise with adequate potable water supply - Sec.  7(3)(a)  
WHIRLY GIRL,2024-10-08,C - Crucial,43.637542604232515,-79.39155747178823,Fail to provide food premise with adequate potable water supply - Sec.  7(3)(a)  
WHIRLY GIRL,2024-10-08,C - Crucial,43.63683970452948,-79.39141707323328,Food premise maintained in manner permitting health hazard - Sec. 7(1)(a)(i)    
A BBQ HOUSE,2024-10-11,C - Crucial,43.667541493237394,-79.38560065306964,Store ice in unsanitary manner - Sec.  26(5) 
A BBQ HOUSE,2024-10-11,C - Crucial,43.66706692852055,-79.38538199478003,Fail to protect food from contamination or adulteration - Sec. 26(1) 
AJISEN RAMEN,2024-10-11,C - Crucial,43.70937715886098,-79.39798522481591,Maintain potentially hazardous foods at internal temperature between 4 C and 60 C -  Sec. 27(1)
BANJARA INDIAN CUISINE,2024-10-11,C - Crucial,43.66364427849118,-79.42148446902802,Fail to protect food from contamination or adulteration - Sec. 26(1) 
BARKAT,2024-10-10,C - Crucial,43.64602053082607,-79.4090776650997,Fail to ensure storage racks designed to protect against contamination - Sec. 31
CHEFS CLAN/MEALBETS,2024-10-11,C - Crucial,43.713489381479455,-79.33559698315604,Fail to protect food from contamination or adulteration - Sec. 26(1) 
MADO CAFE,2024-10-11,C - Crucial,43.734331132995315,-79.34501217358758,Fail to protect food from contamination or adulteration - Sec. 26(1) 
MADO CAFE,2024-10-11,C - Crucial,43.734302702945755,-79.34498329695428,Maintain potentially hazardous foods at internal temperature between 4 C and 60 C -  Sec. 27(1)
SIMPLE EATS,2024-10-11,C - Crucial,43.71385725905088,-79.45788198139695,Fail to protect food from contamination or adulteration - Sec. 26(1) 
SIMPLE EATS,2024-10-11,C - Crucial,43.71382743500161,-79.4584232664402,Fail to ensure food handler in food premise washes hands as necessary to prevent contamination of food - Sec. 33(1)(e) 
SIMPLE EATS,2024-10-11,C - Crucial,43.71375223799945,-79.4582978669897,Maintain potentially hazardous foods at internal temperature between 4 C and 60 C -  Sec. 27(1)
MANGO SUSHI,2024-10-15,C - Crucial,43.68232720530181,-79.33068338308591,Fail to ensure food handler in food premise refrains from conduct that could result in contamination of food - Sec. 33(1)(h) 
MANGO SUSHI,2024-10-15,C - Crucial,43.68190415871757,-79.3305338642713,Store potentially hazardous foods at internal temperature between 4 C and 60 C - Sec. 27(1)
SUNRISE CARIBBEAN RESTAURANT,2024-10-15,C - Crucial,43.76125754808841,-79.32505162821522,Maintain potentially hazardous foods at internal temperature between 4 C and 60 C -  Sec. 27(1)
AT BISTRO CAFE,2024-10-16,C - Crucial,43.7244187363688,-79.33560363442064,Fail to ensure food handler in food premise washes hands as necessary to prevent contamination of food - Sec. 33(1)(e) 
AT BISTRO CAFE,2024-10-16,C - Crucial,43.724195201637315,-79.3352481904173,Fail to ensure food handler in food premise refrains from conduct that could result in contamination of food - Sec. 33(1)(h) 
DELYSEES LUXURY DESSERTS,2024-10-16,C - Crucial,43.72630599520229,-79.45104734644609,Maintain potentially hazardous foods at internal temperature between 4 C and 60 C -  Sec. 27(1)
DELYSEES LUXURY DESSERTS,2024-10-16,C - Crucial,43.726405501649786,-79.45160555075668,Fail to ensure food handler in food premise washes hands as necessary to prevent contamination of food - Sec. 33(1)(e) 
DURBAR INDIAN CUISINE,2024-10-16,C - Crucial,43.648479061288626,-79.48504166058636,Store potentially hazardous foods at internal temperature between 4 C and 60 C - Sec. 27(1)
DURBAR INDIAN CUISINE,2024-10-16,C - Crucial,43.649116956176776,-79.48449208566214,Store ice in unsanitary manner - Sec.  26(5) 
OSAKA SUSHI,2024-10-16,C - Crucial,43.71369857859983,-79.33537755287027,Fail to protect food from contamination or adulteration - Sec. 26(1) 
SWISS CHALET EXPRESS,2024-10-16,C - Crucial,43.67216934914692,-79.2927616733095,Distribute potentially hazardous foods at internal temperature between 4 C and 60 C - Sec. 27(1)
TAO-NORTHERN CHINESE CUISINE,2024-10-16,C - Crucial,43.71202607612178,-79.36480347928854,Maintain potentially hazardous foods at internal temperature between 4 C and 60 C -  Sec. 27(1)
TAO-NORTHERN CHINESE CUISINE,2024-10-16,C - Crucial,43.71231177324245,-79.36479507624482,Fail to protect food from contamination or adulteration - Sec. 26(1) 
TAO-NORTHERN CHINESE CUISINE,2024-10-16,C - Crucial,43.71247408868455,-79.36450813108124,Fail to ensure food handler in food premise washes hands as necessary to prevent contamination of food - Sec. 33(1)(e) 
THE CHEESECAKE FACTORY,2024-10-16,C - Crucial,43.72627156607562,-79.45105099076383,Maintain potentially hazardous foods at internal temperature between 4 C and 60 C -  Sec. 27(1)
THE CHEESECAKE FACTORY,2024-10-16,C - Crucial,43.7256547146325,-79.45104860263186,Fail to protect food from contamination or adulteration - Sec. 26(1) 
THE CHEESECAKE FACTORY,2024-10-16,C - Crucial,43.725687914511,-79.45120314452369,Fail to ensure food handler in food premise washes hands as necessary to prevent contamination of food - Sec. 33(1)(e) 
WIKKI HUT,2024-10-15,C - Crucial,43.762301090101545,-79.41145394042495,Fail to protect food from contamination or adulteration - Sec. 26(1) 
KINGYO,2024-10-17,C - Crucial,43.66649143143686,-79.36824335282166,Store potentially hazardous foods at internal temperature between 4 C and 60 C - Sec. 27(1)
LAZY SHACK/Mala Boy Restaurant,2024-10-17,C - Crucial,43.655423608706684,-79.39210736850008,Fail to protect food from contamination or adulteration - Sec. 26(1) 
A YAH SO NICE,2024-10-18,C - Crucial,43.683957361224145,-79.47216413076892,Store potentially hazardous foods at internal temperature between 4 C and 60 C - Sec. 27(1)
A YAH SO NICE,2024-10-18,C - Crucial,43.68390488926478,-79.47182420628474,Refrigerate potentially hazardous foods at internal temperature above 4 C - Sec. 30(a)
ANGELS BAKERY,2024-10-18,C - Crucial,43.68308390804878,-79.45701630055109,Fail to protect food from contamination or adulteration - Sec. 26(1) 
COLUMBUS BAKERY,2024-10-18,C - Crucial,43.714665927634144,-79.46812223000539,Maintain potentially hazardous foods at internal temperature between 4 C and 60 C -  Sec. 27(1)
COLUMBUS BAKERY,2024-10-18,C - Crucial,43.71425473110524,-79.46834197332798,Fail to ensure food handler in food premise washes hands as necessary to prevent contamination of food - Sec. 33(1)(e) 
COLUMBUS BAKERY,2024-10-18,C - Crucial,43.71399673398006,-79.46764775406024,Fail to protect food from contamination or adulteration - Sec. 26(1) 
DIMES CARIBBEAN RESTAURANT,2024-10-18,C - Crucial,43.68982927401629,-79.47652565210646,Fail to protect food from contamination or adulteration - Sec. 26(1) 
HONG FOOD KITCHEN,2024-10-17,C - Crucial,43.806145499111224,-79.22163098323968,Fail to protect food from contamination or adulteration - Sec. 26(1) 
Kairali,2024-10-18,C - Crucial,43.75425344589005,-79.27745462296063,Food premise maintained in manner permitting health hazard (Insects) - Sec. 7(1)(a)(i)    
Kairali,2024-10-18,C - Crucial,43.754076360441715,-79.27711378983184,Fail to protect food from contamination or adulteration - Sec. 26(1) 
Kairali,2024-10-18,C - Crucial,43.75532240740799,-79.27673167162902,Food premise maintained in manner permitting adverse effect on food - Sec. 7(1)(a)(iii) 
THE DOG AND BEAR,2024-10-18,C - Crucial,43.64343796473424,-79.42242335991652,Handle ice in unsanitary manner - Sec.  26(5) 
THE DOG AND BEAR,2024-10-18,C - Crucial,43.643405889247006,-79.42255613955663,Store ice in unsanitary manner - Sec.  26(5) 
THIRSTEA BLOOR STREET,2024-10-18,C - Crucial,43.6648299355103,-79.41464725408565,Food premise maintained in manner permitting adverse effect on food - Sec. 7(1)(a)(iii) 
CURRY PATTA RESTAURANT,2024-10-20,C - Crucial,43.682002625842244,-79.32955500080837,Fail to protect food from contamination or adulteration - Sec. 26(1) 
N & H FOOD COMPANY LTD.,2024-10-21,C - Crucial,43.679637497702295,-79.46759545715761,Fail to protect food from contamination or adulteration - Sec. 26(1) 
Sun Brand/Instant Foods,2024-10-21,C - Crucial,43.82330722426208,-79.25302683135489,Fail to protect food from contamination or adulteration - Sec. 26(1) 
A CORNER CAFE AND RESTAURANT,2024-10-22,C - Crucial,43.77059992571888,-79.41304395917119,Fail to ensure food handler in food premise washes hands as necessary to prevent contamination of food - Sec. 33(1)(e) 
A CORNER CAFE AND RESTAURANT,2024-10-22,C - Crucial,43.770339163976224,-79.41274335105955,Fail to protect food from contamination or adulteration - Sec. 26(1) 
LATIN WORLD,2024-10-22,C - Crucial,43.67932215024349,-79.43863829606698,Refrigerate potentially hazardous foods at internal temperature above 4 C - Sec. 30(a)
MR TONKATSU,2024-10-21,C - Crucial,43.66538970847598,-79.41008089692747,Fail to protect food from contamination or adulteration - Sec. 26(1) 
SARVI INDIAN CUISINE,2024-10-22,C - Crucial,43.666788678543554,-79.37442762689403,Fail to protect food from contamination or adulteration - Sec. 26(1) 
Tashi Delek Cafe,2024-10-21,C - Crucial,43.64038193627734,-79.4370501452478,Fail to protect food from contamination or adulteration - Sec. 26(1) 
GOOD SHELTER FOOD COMPANY,2024-10-23,C - Crucial,43.68749258840681,-79.34779721985873,Fail to protect food from contamination or adulteration - Sec. 26(1) 
SCOTTHILL CARIBBEAN CUISINE,2024-10-23,C - Crucial,43.73435507519801,-79.4196780924923,Fail to protect food from contamination or adulteration - Sec. 26(1) 
SHERRY'S CAFE,2024-10-23,C - Crucial,43.73245056392423,-79.44640133720425,Fail to protect food from contamination or adulteration - Sec. 26(1) 
TAPPS RESTAURANT & BAR,2024-10-23,C - Crucial,43.67822497461642,-79.34744811245397,Fail to protect food from contamination or adulteration - Sec. 26(1) 
TAPPS RESTAURANT & BAR,2024-10-23,C - Crucial,43.67798299050763,-79.34671647239497,Store ice in unsanitary manner - Sec.  26(5) 
CARAMEL COFFEE SHOP,2024-10-24,C - Crucial,43.680924115868635,-79.33739327601548,Store ice in unsanitary manner - Sec.  26(5) 
NAAN & KABOB,2024-10-23,C - Crucial,43.742605649324936,-79.30510866216483,Fail to ensure food handler in food premise washes hands as necessary to prevent contamination of food - Sec. 33(1)(e) 
TAQUERIA EL PASTORCITO,2024-10-24,C - Crucial,43.65999155253678,-79.4369174677056,Fail to protect food from contamination or adulteration - Sec. 26(1) 
TAQUERIA EL PASTORCITO,2024-10-24,C - Crucial,43.65990166850805,-79.43671822912025,Store potentially hazardous foods at internal temperature between 4 C and 60 C - Sec. 27(1)
AVIATOR DANFORTH,2024-10-25,C - Crucial,43.68281911453099,-79.32535151229021,Store ice in unsanitary manner - Sec.  26(5) 
AVIATOR DANFORTH,2024-10-25,C - Crucial,43.68312653062575,-79.3262990965501,Refrigerate potentially hazardous foods at internal temperature above 4 C - Sec. 30(a)
FOX & FIDDLE,2024-10-25,C - Crucial,43.64007661114632,-79.3940079270441,Food premise maintained in manner permitting adverse effect on food - Sec. 7(1)(a)(iii) 
LOVELY PAO,2024-10-24,C - Crucial,43.731355354894,-79.46441700160607,Store potentially hazardous foods at internal temperature between 4 C and 60 C - Sec. 27(1)
LOVELY PAO,2024-10-24,C - Crucial,43.73113772280505,-79.46485107307828,Maintain potentially hazardous foods at internal temperature between 4 C and 60 C -  Sec. 27(1)
SRIRAM BAKERY AND CATERING INC,2024-10-25,C - Crucial,43.812950366303056,-79.23843056374618,Maintain potentially hazardous foods at internal temperature between 4 C and 60 C -  Sec. 27(1)
DADDY'S CHICKEN,2024-10-27,C - Crucial,43.66386393684749,-79.32890750460426,Fail to protect food from contamination or adulteration - Sec. 26(1) 
HONG KONG BEEF NOODLES,2024-10-28,C - Crucial,43.803489210580544,-79.29757821916631,Maintain potentially hazardous foods at internal temperature between 4 C and 60 C -  Sec. 27(1)
KIN-KIN BAKERY & BUBBLE TEA,2024-10-25,C - Crucial,43.66931954911238,-79.33891412200587,Store potentially hazardous foods at internal temperature between 4 C and 60 C - Sec. 27(1)
KIN-KIN BAKERY & BUBBLE TEA,2024-10-25,C - Crucial,43.66946994137832,-79.33920461518503,Store ice in unsanitary manner - Sec.  26(5) 
MYEONGDONG GYOZA KALGUKSU KOREAN RESTAURANT,2024-10-25,C - Crucial,43.665912828143604,-79.40642578569958,Fail to protect food from contamination or adulteration - Sec. 26(1) 
MYEONGDONG GYOZA KALGUKSU KOREAN RESTAURANT,2024-10-25,C - Crucial,43.666135799024424,-79.4063750278744,Fail to ensure food handler in food premise washes hands as necessary to prevent contamination of food - Sec. 33(1)(e) 
NUMBER ONE CHINESE RESTAURANT,2024-10-25,C - Crucial,43.685493650942874,-79.3469274886873,Fail to protect food from contamination or adulteration - Sec. 26(1) 
ORFUS WRAP & GRILL,2024-10-28,C - Crucial,43.72054976722585,-79.45637340039714,Hot-holding potentially hazardous foods at internal temperature below 60 C - Sec. 30(a)
ORFUS WRAP & GRILL,2024-10-28,C - Crucial,43.71988687885912,-79.45644069881868,Food premise maintained in manner to permit contamination of single-service articles - Sec. 7(1)(h)  
TAROU DON,2024-10-28,C - Crucial,43.82414184696175,-79.30241927189496,Maintain potentially hazardous foods at internal temperature between 4 C and 60 C -  Sec. 27(1)
TAROU DON,2024-10-28,C - Crucial,43.824539890257654,-79.30261229602208,Food premise maintained in manner permitting adverse effect on food - Sec. 7(1)(a)(iii) 
BRIGHTPATH ACADEMY LEASIDE,2024-10-29,C - Crucial,43.708642657000006,-79.36477789529769,Hot-holding potentially hazardous foods at internal temperature below 60 C - Sec. 30(a)
CHURRASQUEIRA ESTRELA,2024-10-29,C - Crucial,43.70346042974246,-79.47647286185824,Fail to ensure storage pallets designed to protect against contamination - Sec. 31
CHURRASQUEIRA ESTRELA,2024-10-29,C - Crucial,43.70260385433516,-79.47685715886394,Food premise maintained in manner permitting adverse effect on food - Sec. 7(1)(a)(iii) 
FAT BASTARD BURRITO CO.,2024-10-29,C - Crucial,43.75369708004685,-79.35827318545947,Store potentially hazardous foods at internal temperature between 4 C and 60 C - Sec. 27(1)
FRESHLY SQUEEZED,2024-10-29,C - Crucial,43.72640098397773,-79.45158308469618,Fail to ensure food handler in food premise washes hands as necessary to prevent contamination of food - Sec. 33(1)(e) 
FRESHLY SQUEEZED,2024-10-29,C - Crucial,43.72621342568655,-79.4513721511775,Store ice in unsanitary manner - Sec.  26(5) 
SAI-LILA KHAMAN DHOKLA HOUSE,2024-10-29,C - Crucial,43.767709076726696,-79.22882734692149,Fail to ensure storage racks designed to protect against contamination - Sec. 31
TEN REN'S TEA TIME,2024-10-29,C - Crucial,43.72615438474568,-79.45167648292025,Fail to ensure food handler in food premise washes hands as necessary to prevent contamination of food - Sec. 33(1)(e) 
TEN REN'S TEA TIME,2024-10-29,C - Crucial,43.72629060930281,-79.45169711605978,Store ice in unsanitary manner - Sec.  26(5) 
TIFFINS2U,2024-10-28,C - Crucial,43.76133011144686,-79.28017662573609,Fail to protect food from contamination or adulteration - Sec. 26(1) 
BOULANGER PAIN PERDU BAKE SHOP,2024-10-30,C - Crucial,43.68128995853025,-79.42727041824737,Store potentially hazardous foods at internal temperature between 4 C and 60 C - Sec. 27(1)
Big Brothers Gourmet Pizza,2024-10-30,C - Crucial,43.727372743149786,-79.23068888851972,Fail to protect food from contamination or adulteration - Sec. 26(1) 
HAYAL KURDISH CIGKOFTE RESTAURANT,2024-10-29,C - Crucial,43.7306527947759,-79.46801364506544,Fail to process food in manner safe to eat - Sec. 26(2)
HAYAL KURDISH CIGKOFTE RESTAURANT,2024-10-29,C - Crucial,43.73057524072673,-79.46817447478102,Maintain potentially hazardous foods at internal temperature between 4 C and 60 C -  Sec. 27(1)
JAMROCK REGGAE JERK,2024-10-29,C - Crucial,43.73056494524842,-79.46776792666708,Fail to protect food from contamination or adulteration - Sec. 26(1) 
BB.Q CHICKEN,2024-10-31,C - Crucial,43.678237719796314,-79.34896144039959,Fail to protect food from contamination or adulteration - Sec. 26(1) 
BB.Q CHICKEN,2024-10-31,C - Crucial,43.67795416425272,-79.34870941019679,Store ice in unsanitary manner - Sec.  26(5) 
RAMEN BUTA-NIBO,2024-10-31,C - Crucial,43.67837994879286,-79.34780244336882,Fail to protect food from contamination or adulteration - Sec. 26(1) 
RAMEN BUTA-NIBO,2024-10-31,C - Crucial,43.67818633087498,-79.34786704801549,Handle ice in unsanitary manner - Sec.  26(5) 
TACO SANTO MEXICAN FOOD,2024-10-30,C - Crucial,43.73016181666047,-79.47036575622757,Maintain potentially hazardous foods at internal temperature between 4 C and 60 C -  Sec. 27(1)
THE APPLE CAFE,2024-10-31,C - Crucial,43.69007028107896,-79.32615990996044,Offer for sale potentially hazardous foods at internal temperature between 4 C and 60 C - Sec. 27(1)
AROMA ESPRESSO BAR,2024-11-01,C - Crucial,43.70628155047198,-79.36100920134713,Store potentially hazardous foods at internal temperature between 4 C and 60 C - Sec. 27(1)
NUTMENTO CARIBBEAN GRILL,2024-10-31,C - Crucial,43.668314148911705,-79.34097356078935,Maintain potentially hazardous foods at internal temperature between 4 C and 60 C -  Sec. 27(1)
NUTMENTO CARIBBEAN GRILL,2024-10-31,C - Crucial,43.668184152247285,-79.34114057418695,Fail to ensure food handler in food premise washes hands as necessary to prevent contamination of food areas - Sec.  33(1)(e)
NUTMENTO CARIBBEAN GRILL,2024-10-31,C - Crucial,43.6680859377541,-79.34077232152949,Fail to protect food from contamination or adulteration - Sec. 26(1) 
NUTMENTO CARIBBEAN GRILL,2024-10-31,C - Crucial,43.66825399639703,-79.34103028399562,Display potentially hazardous foods at internal temperature between 4 C and 60 C - Sec. 27(1)
SUBWAY,2024-11-01,C - Crucial,43.664097844034295,-79.34086488096321,Food premise maintained in manner to permit contamination of single-service articles - Sec. 7(1)(h)  
SUBWAY,2024-11-01,C - Crucial,43.66463687058383,-79.34067745504757,Fail to protect food from contamination or adulteration - Sec. 26(1) 
ALEPPO KEBAB,2024-11-01,C - Crucial,43.744769820632946,-79.2977039793681,Fail to ensure food handler in food premise washes hands as necessary to prevent contamination of food - Sec. 33(1)(e) 
ALEPPO KEBAB,2024-11-01,C - Crucial,43.74461619007202,-79.29815420725159,Fail to protect food from contamination or adulteration - Sec. 26(1) 
BLACK POT RESTAURANT,2024-11-01,C - Crucial,43.67981425262166,-79.34144097329381,Store ice in unsanitary manner - Sec.  26(5) 
BLACK POT RESTAURANT,2024-11-01,C - Crucial,43.67990988494613,-79.34131210865495,Fail to protect food from contamination or adulteration - Sec. 26(1) 
BOMBAY ROTI,2024-11-01,C - Crucial,43.665810294690075,-79.40979301565697,Fail to protect food from contamination or adulteration - Sec. 26(1) 
BOMBAY ROTI,2024-11-01,C - Crucial,43.665586764899274,-79.40958654682602,Store potentially hazardous foods at internal temperature between 4 C and 60 C - Sec. 27(1)
BUKHARA GRILL,2024-11-01,C - Crucial,43.650744022205544,-79.47706552795941,Fail to protect food from contamination or adulteration - Sec. 26(1) 
BUKHARA GRILL,2024-11-01,C - Crucial,43.650232315108624,-79.47712277549223,Store potentially hazardous foods at internal temperature between 4 C and 60 C - Sec. 27(1)
FERRARO,2024-11-01,C - Crucial,43.70402603871678,-79.41340888019634,Refrigerate potentially hazardous foods at internal temperature above 4 C - Sec. 30(a)
FERRARO,2024-11-01,C - Crucial,43.70384747156868,-79.41342534666256,Fail to protect food from contamination or adulteration - Sec. 26(1) 
MAPLE LEAF SPORTS BAR & GRILL,2024-11-01,C - Crucial,43.679602623550686,-79.3418100117078,Fail to protect food from contamination or adulteration - Sec. 26(1) 
CHICK WINGS,2024-11-04,C - Crucial,43.65846750420122,-79.34971930151757,Fail to process food in manner safe to eat - Sec. 26(2)
CHICK WINGS,2024-11-04,C - Crucial,43.658890087562725,-79.350225454861,Fail to ensure food handler in food premise washes hands as necessary to prevent contamination of food - Sec. 33(1)(e) 
CHICK WINGS,2024-11-04,C - Crucial,43.65852833116135,-79.35026745035718,Fail to protect food from contamination or adulteration - Sec. 26(1) 
CUCINA DI PAISANO,2024-11-04,C - Crucial,43.754082104045764,-79.35017188199683,Fail to ensure food handler in food premise refrains from conduct that could result in contamination of food - Sec. 33(1)(h) 
LITTLE COXWELL RESTAURANT,2024-11-04,C - Crucial,43.69658066352016,-79.32893510744935,Store potentially hazardous foods at internal temperature between 4 C and 60 C - Sec. 27(1)
LITTLE COXWELL RESTAURANT,2024-11-04,C - Crucial,43.69625115350275,-79.32878939786306,Fail to protect food from contamination or adulteration - Sec. 26(1) 
RAFTAAR KITCHEN + BAR,2024-11-02,C - Crucial,43.6793388111884,-79.34375974708378,Fail to protect food from contamination or adulteration - Sec. 26(1) 
UNCLE SAL'S HOT CHICKEN,2024-11-04,C - Crucial,43.74462452545616,-79.29825467880315,Fail to ensure food handler in food premise washes hands as necessary to prevent contamination of food - Sec. 33(1)(e) 
SUBWAY SANDWICHES AND SALADS,2024-11-05,C - Crucial,43.707267873077306,-79.26989315598033,Fail to ensure food handler in food premise washes hands as necessary to prevent contamination of food - Sec. 33(1)(e) 
MARMARIS TURKISH RESTAURANT,2024-11-06,C - Crucial,43.733834255758126,-79.40412418820723,Fail to ensure food handler in food premise washes hands as necessary to prevent contamination of food - Sec. 33(1)(e) 
MARMARIS TURKISH RESTAURANT,2024-11-06,C - Crucial,43.73394332247719,-79.40425008405103,Fail to protect food from contamination or adulteration - Sec. 26(1) 
MARMARIS TURKISH RESTAURANT,2024-11-06,C - Crucial,43.733532060382544,-79.40410635097068,Maintain potentially hazardous foods at internal temperature between 4 C and 60 C -  Sec. 27(1)
MARMARIS TURKISH RESTAURANT,2024-11-06,C - Crucial,43.73333484088778,-79.40383849125023,Refrigerate potentially hazardous foods at internal temperature above 4 C - Sec. 30(a)
MR. JOHN'S THE REAL KERALA KITCHEN,2024-11-05,C - Crucial,43.7532327651416,-79.27661966225817,Fail to protect food from contamination or adulteration - Sec. 26(1) 
OGUZ UYGHUR CUISINE,2024-11-05,C - Crucial,43.76811113838076,-79.47436564858373,Fail to protect food from contamination or adulteration - Sec. 26(1) 
REAL GREEK GYROS,2024-11-06,C - Crucial,43.658667918862726,-79.34925983235107,Display potentially hazardous foods at internal temperature between 4 C and 60 C - Sec. 27(1)
REAL GREEK GYROS,2024-11-06,C - Crucial,43.65905692971733,-79.34868162253997,Fail to protect food from contamination or adulteration - Sec. 26(1) 
TENOCH ME CHICANE RESTAURANT,2024-11-06,C - Crucial,43.67957283984629,-79.43519657337428,Store ice in unsanitary manner - Sec.  26(5) 
CHO MING'S RESTAURANT,2024-11-06,C - Crucial,43.70378473137538,-79.50368050639759,Food premise maintained in manner adversely affecting sanitary operation - Sec. 7(1)(a)(ii)
CHO MING'S RESTAURANT,2024-11-06,C - Crucial,43.70422846373864,-79.50424983333362,Food premise maintained in manner permitting health hazard (Insects) - Sec. 7(1)(a)(i)    
FOODY VIBES DELIGHT,2024-11-06,C - Crucial,43.82543127947686,-79.24772404375435,Fail to protect food from contamination or adulteration - Sec. 26(1) 
MOTO VIA AVENUE,2024-11-07,C - Crucial,43.723425909237314,-79.41670754819131,Fail to ensure food handler in food premise washes hands as necessary to prevent contamination of food - Sec. 33(1)(e) 
NEW MIRCHI DHABA,2024-11-06,C - Crucial,43.73105279473543,-79.3060007561793,Maintain potentially hazardous foods at internal temperature between 4 C and 60 C -  Sec. 27(1)
SUNNYCHEESE GRILL & BAKERY,2024-11-06,C - Crucial,43.733436193294864,-79.40436786696681,Maintain potentially hazardous foods at internal temperature between 4 C and 60 C -  Sec. 27(1)
SUNNYCHEESE GRILL & BAKERY,2024-11-06,C - Crucial,43.733289131532736,-79.40381867093885,Refrigerate potentially hazardous foods at internal temperature above 4 C - Sec. 30(a)
EATALY DON MILLS,2024-11-08,C - Crucial,43.736696830498694,-79.3439768534971,Fail to protect food from contamination or adulteration - Sec. 26(1) 
EATALY DON MILLS,2024-11-08,C - Crucial,43.7363293674036,-79.34407366676061,Refrigerate potentially hazardous foods at internal temperature above 4 C - Sec. 30(a)
EATALY DON MILLS,2024-11-08,C - Crucial,43.73668133260378,-79.34430765622787,Fail to ensure food handler in food premise washes hands as necessary to prevent contamination of food - Sec. 33(1)(e) 
PIZZA VILLAGE & BURGERS,2024-11-08,C - Crucial,43.7315797070845,-79.26953633861005,Fail to ensure food handler in food premise washes hands as necessary to prevent contamination of food areas - Sec.  33(1)(e)
SARKER FOODS,2024-11-08,C - Crucial,43.69108806929041,-79.29129250358875,Fail to maintain records of food purchased  - Sec. 29(2)  
SARKER FOODS,2024-11-08,C - Crucial,43.690490384621725,-79.29118673387612,Refrigerate potentially hazardous foods at internal temperature above 4 C - Sec. 30(a)
SCARBOROUGH BUFFET/ MR.WONG'S,2024-11-08,C - Crucial,43.79798247227281,-79.15232838513157,Fail to protect food from contamination or adulteration - Sec. 26(1) 
SCARBOROUGH BUFFET/ MR.WONG'S,2024-11-08,C - Crucial,43.797869421764894,-79.15324334012043,Food premise maintained in manner to permit contamination of single-service containers - Sec. 7(1)(h)  
BBQ PITSTOP,2024-11-09,C - Crucial,43.74840852640713,-79.47971248550436,Fail to protect food from contamination or adulteration - Sec. 26(1) 
BOBBETTE & BELLE,2024-11-12,C - Crucial,43.730938759287795,-79.40294718105086,Maintain potentially hazardous foods at internal temperature between 4 C and 60 C -  Sec. 27(1)
Bindaz Biryanis,2024-11-09,C - Crucial,43.70830367352091,-79.39360027404881,Fail to protect food from contamination or adulteration - Sec. 26(1) 
MONKEY SUSHI,2024-11-10,C - Crucial,43.674566950388936,-79.38859479682326,Store potentially hazardous foods at internal temperature between 4 C and 60 C - Sec. 27(1)
PHILTHY PHILLY'S,2024-11-12,C - Crucial,43.72861665509216,-79.40256531536399,Fail to protect food from contamination or adulteration - Sec. 26(1) 
PHILTHY PHILLY'S,2024-11-12,C - Crucial,43.72892253325771,-79.40265877985908,Fail to ensure food handler in food premise washes hands as necessary to prevent contamination of food - Sec. 33(1)(e) 
SHAWARMA GRILL,2024-11-09,C - Crucial,43.74866517138283,-79.47897512018329,Maintain potentially hazardous foods at internal temperature between 4 C and 60 C -  Sec. 27(1)
SUBWAY,2024-11-12,C - Crucial,43.70948245222458,-79.47588045942335,Fail to process food in manner safe to eat - Sec. 26(2)
SUSHIMOTO RESTAURANT & BAR,2024-11-12,C - Crucial,43.763568951710766,-79.41075290930708,Fail to ensure food handler in food premise washes hands as necessary to prevent contamination of food - Sec. 33(1)(e) 
SUSHIMOTO RESTAURANT & BAR,2024-11-12,C - Crucial,43.763591360502716,-79.41161108323854,Fail to protect food from contamination or adulteration - Sec. 26(1) 
TRATTORIA DI PARMA,2024-11-08,C - Crucial,43.67932829880701,-79.34124805691462,Store potentially hazardous foods at internal temperature between 4 C and 60 C - Sec. 27(1)
TRATTORIA DI PARMA,2024-11-08,C - Crucial,43.67923919075966,-79.34137920471942,Store ice in unsanitary manner - Sec.  26(5) 
Bindaz Biryanis,2024-11-14,C - Crucial,43.70747527582155,-79.39294935907344,Maintain potentially hazardous foods at internal temperature between 4 C and 60 C -  Sec. 27(1)
SUBWAY,2024-11-14,C - Crucial,43.70940742786684,-79.47708735375477,Food premise maintained in manner permitting health hazard (Sewage) - Sec. 7(1)(a)(i)    
SUNNYSIDE GRILL,2024-11-14,C - Crucial,43.67815919263166,-79.44486175036256,Store ice in unsanitary manner - Sec.  26(5) 
THE BULL BBQ PIT,2024-11-14,C - Crucial,43.67767074418135,-79.44422699333437,Fail to protect food from contamination or adulteration - Sec. 26(1) 
THE BULL BBQ PIT,2024-11-14,C - Crucial,43.677453572114075,-79.4444315528086,Store ice in unsanitary manner - Sec.  26(5) 
ALI BABA'S MIDDLE EASTERN CUISINE,2024-11-15,C - Crucial,43.65153371369497,-79.47709507975786,Fail to protect food from contamination or adulteration - Sec. 26(1) 
ALI BABA'S MIDDLE EASTERN CUISINE,2024-11-15,C - Crucial,43.650971971862646,-79.47755176658343,Food premise maintained in manner to permit contamination of single-service containers - Sec. 7(1)(h)  
ECHO SUSHI,2024-11-14,C - Crucial,43.701215689819335,-79.39685469671153,Fail to protect food from contamination or adulteration - Sec. 26(1) 
TOGO CAFE,2024-11-15,C - Crucial,43.66601691094938,-79.3871956078415,Fail to protect food from contamination or adulteration - Sec. 26(1) 
CAFE ROUGE PATISSERIE,2024-11-18,C - Crucial,43.64854405524341,-79.50706194011497,Fail to protect food from contamination or adulteration - Sec. 26(1) 
CASA LOMA CAFE,2024-11-18,C - Crucial,43.67828712314469,-79.40987432115912,Maintain potentially hazardous foods at internal temperature between 4 C and 60 C -  Sec. 27(1)
CASA LOMA CAFE,2024-11-18,C - Crucial,43.67816323251401,-79.40945416286137,Fail to protect food from contamination or adulteration - Sec. 26(1) 
ELMER'S FINE FOODS,2024-11-18,C - Crucial,43.68896644683844,-79.34820711785432,Fail to protect food from contamination or adulteration - Sec. 26(1) 
ELMER'S FINE FOODS,2024-11-18,C - Crucial,43.68899063934958,-79.34839674024975,Store potentially hazardous foods at internal temperature between 4 C and 60 C - Sec. 27(1)
GH NOODLE,2024-11-16,C - Crucial,43.66582852474618,-79.38661952068205,Fail to protect food from contamination or adulteration - Sec. 26(1) 
HELLO PHO,2024-11-18,C - Crucial,43.7169172096266,-79.44756019603867,Maintain potentially hazardous foods at internal temperature between 4 C and 60 C -  Sec. 27(1)
HELLO PHO,2024-11-18,C - Crucial,43.717009977723485,-79.44739636712468,Fail to protect food from contamination or adulteration - Sec. 26(1) 
HELLO PHO,2024-11-18,C - Crucial,43.71667396803652,-79.44733468504083,Fail to ensure food handler in food premise washes hands as necessary to prevent contamination of food - Sec. 33(1)(e) 
JOHNNY'S TOP DOG  # 1315,2024-11-15,C - Crucial,43.65357978677445,-79.38455790818008,Fail to protect food from contamination or adulteration - Sec. 26(1) 
LUCKY CHINESE RESTAURANT,2024-11-19,C - Crucial,43.7625074016528,-79.21427460821667,Fail to protect food from contamination or adulteration - Sec. 26(1) 
LUCKY CHINESE RESTAURANT,2024-11-19,C - Crucial,43.762136622351605,-79.21387083996541,Food premise maintained in manner to permit contamination of single-service containers - Sec. 7(1)(h)  
PARAMOUNT FINE FOODS,2024-11-19,C - Crucial,43.64539843662515,-79.37981307520158,Refrigerate potentially hazardous foods at internal temperature above 4 C - Sec. 30(a)
PARAMOUNT FINE FOODS,2024-11-19,C - Crucial,43.645735606707255,-79.38038477375231,Fail to protect food from contamination or adulteration - Sec. 26(1) 
THE SPICY GRILL,2024-11-15,C - Crucial,43.69317261300072,-79.28284428633103,Hot-holding potentially hazardous foods at internal temperature below 60 C - Sec. 30(a)
ALLADIN CHICKEN SHAWARMA,2024-11-20,C - Crucial,43.798381192397294,-79.3183714856638,Maintain potentially hazardous foods at internal temperature between 4 C and 60 C -  Sec. 27(1)
ALLADIN CHICKEN SHAWARMA,2024-11-20,C - Crucial,43.798582376175126,-79.31828524182612,Fail to protect food from contamination or adulteration - Sec. 26(1) 
ASIAN GOURMET,2024-11-20,C - Crucial,43.71733257567785,-79.44785216152519,Fail to protect food from contamination or adulteration - Sec. 26(1) 
ASIAN GOURMET,2024-11-20,C - Crucial,43.7167564298684,-79.44733409728451,Fail to ensure food handler in food premise washes hands as necessary to prevent contamination of food - Sec. 33(1)(e) 
ASIAN GOURMET,2024-11-20,C - Crucial,43.71756012869689,-79.44769961127041,Maintain potentially hazardous foods at internal temperature between 4 C and 60 C -  Sec. 27(1)
CONGEE QUEEN,2024-11-20,C - Crucial,43.73552657137374,-79.34775923135268,Maintain potentially hazardous foods at internal temperature between 4 C and 60 C -  Sec. 27(1)
CONGEE QUEEN,2024-11-20,C - Crucial,43.73611614185847,-79.34774218969756,Fail to ensure food handler in food premise washes hands as necessary to prevent contamination of food - Sec. 33(1)(e) 
CONGEE QUEEN,2024-11-20,C - Crucial,43.7358374824376,-79.34698393297859,Fail to protect food from contamination or adulteration - Sec. 26(1) 
HAKKA NO.1 RESTAURANT,2024-11-19,C - Crucial,43.74888066108928,-79.56164101652513,Fail to protect food from contamination or adulteration - Sec. 26(1) 
HAKKA NO.1 RESTAURANT,2024-11-19,C - Crucial,43.74888880295651,-79.56142097444658,Fail to ensure food handler in food premise washes hands as necessary to prevent contamination of food - Sec. 33(1)(e) 
LOBSTER BURGER BAR,2024-11-19,C - Crucial,43.64714903405953,-79.38643750681672,Fail to protect food from contamination or adulteration - Sec. 26(1) 
NORLING,2024-11-20,C - Crucial,43.640298664045204,-79.43864346996759,Fail to protect food from contamination or adulteration - Sec. 26(1) 
PIK THAI RESTAURANT,2024-11-20,C - Crucial,43.65179043615155,-79.4513863870134,Store potentially hazardous foods at internal temperature between 4 C and 60 C - Sec. 27(1)
POPULAR CHINESE DINER,2024-11-19,C - Crucial,43.68380677809067,-79.39218632148813,Food premise maintained in manner permitting adverse effect on food - Sec. 7(1)(a)(iii) 
MADINAH PREMIUM GRILL,2024-11-20,C - Crucial,43.69485069232227,-79.27505061873546,Fail to protect food from contamination or adulteration - Sec. 26(1) 
MADINAH PREMIUM GRILL,2024-11-20,C - Crucial,43.69448323811539,-79.2755366578708,Fail to ensure food handler in food premise washes hands as necessary to prevent contamination of food - Sec. 33(1)(e) 
TZATZIKI MACCHIATO,2024-11-20,C - Crucial,43.68359569956055,-79.34568414966765,Fail to ensure food handler in food premise refrains from conduct that could result in contamination of food - Sec. 33(1)(h) 
AH-SO SUSHI,2024-11-21,C - Crucial,43.65788562695352,-79.32937119263977,Store potentially hazardous foods at internal temperature between 4 C and 60 C - Sec. 27(1)
AH-SO SUSHI,2024-11-21,C - Crucial,43.65774116059949,-79.3296233500241,Fail to protect food from contamination or adulteration - Sec. 26(1) 
BUTTER CHICKEN ROTI,2024-11-21,C - Crucial,43.77799360099899,-79.34421277657906,Fail to process food in manner safe to eat - Sec. 26(2)
CHIANG RAI,2024-11-22,C - Crucial,43.73616619854842,-79.42063910858819,Refrigerate potentially hazardous foods at internal temperature above 4 C - Sec. 30(a)
CHIANG RAI,2024-11-22,C - Crucial,43.73667577407731,-79.42044946737195,Store potentially hazardous foods at internal temperature between 4 C and 60 C - Sec. 27(1)
CURRY KITCHEN PLUS FALAFEL HOUSE,2024-11-21,C - Crucial,43.65687756848597,-79.37571590936236,Refrigerate potentially hazardous foods at internal temperature above 4 C - Sec. 30(a)
FARM BOY,2024-11-21,C - Crucial,43.65779796405661,-79.32975858725159,Offer for sale potentially hazardous foods at internal temperature between 4 C and 60 C - Sec. 27(1)
FARM BOY,2024-11-21,C - Crucial,43.65811524109199,-79.32989903523044,Fail to protect food from contamination or adulteration - Sec. 26(1) 
INVICTUS GAME STATION,2024-11-22,C - Crucial,43.76407816555826,-79.40043959189958,Fail to ensure food handler in food premise washes hands as necessary to prevent contamination of food - Sec. 33(1)(e) 
INVICTUS GAME STATION,2024-11-22,C - Crucial,43.764720796841075,-79.4004892825497,Fail to protect food from contamination or adulteration - Sec. 26(1) 
INVICTUS GAME STATION,2024-11-22,C - Crucial,43.763675419669184,-79.40019310653518,Store potentially hazardous foods at internal temperature between 4 C and 60 C - Sec. 27(1)
M WELLNEZZ KITCHEN,2024-11-21,C - Crucial,43.76114454661331,-79.56734747110512,Store potentially hazardous foods at internal temperature between 4 C and 60 C - Sec. 27(1)
M WELLNEZZ KITCHEN,2024-11-21,C - Crucial,43.761357212019874,-79.56684042441572,Fail to protect food from contamination or adulteration - Sec. 26(1) 
MEDINA SPICE,2024-11-22,C - Crucial,43.70113643438796,-79.51854656981006,Fail to ensure storage pallets designed to protect against contamination - Sec. 31
MEDINA SPICE,2024-11-22,C - Crucial,43.70129388173376,-79.51777797955161,Fail to protect food from contamination or adulteration - Sec. 26(1) 
PAT GARDEN MARKET,2024-11-21,C - Crucial,43.76455895460473,-79.40962985871576,Maintain potentially hazardous foods at internal temperature between 4 C and 60 C -  Sec. 27(1)
PITA LAND,2024-11-22,C - Crucial,43.71689348389685,-79.44776291987485,Fail to ensure food handler in food premise washes hands as necessary to prevent contamination of food - Sec. 33(1)(e) 
SO'S FAST KITCHEN,2024-11-21,C - Crucial,43.79871301358885,-79.3180159560766,Food premise maintained in manner permitting adverse effect on food - Sec. 7(1)(a)(iii) 
TASTE OF MANDURAI,2024-11-21,C - Crucial,43.824102481925856,-79.25113305423562,Fail to protect food from contamination or adulteration - Sec. 26(1) 
7 WEST CAFE,2024-11-25,C - Crucial,43.668671471412814,-79.38663031804933,Store potentially hazardous foods at internal temperature between 4 C and 60 C - Sec. 27(1)
EL SAZON MEXICANO,2024-11-25,C - Crucial,43.67793958578966,-79.44713293114336,Refrigerate potentially hazardous foods at internal temperature above 4 C - Sec. 30(a)
EL SAZON MEXICANO,2024-11-25,C - Crucial,43.67749465784857,-79.44747190491799,Operate food premise --- hot-holding equipment for potentially hazardous foods not of sufficient size - Sec. 30(a)
EL SAZON MEXICANO,2024-11-25,C - Crucial,43.67757321438095,-79.44705479704018,Store ice in unsanitary manner - Sec.  26(5) 
SOPHIE`S SPORTS BAR & GRILL,2024-11-25,C - Crucial,43.69279915642258,-79.33457457213524,Store ice in unsanitary manner - Sec.  26(5) 
SORA,2024-11-22,C - Crucial,43.681709206643106,-79.32808344571235,Store potentially hazardous foods at internal temperature between 4 C and 60 C - Sec. 27(1)
SORA,2024-11-22,C - Crucial,43.68189484560463,-79.32731345808696,Fail to ensure food handler in food premise refrains from conduct that could result in contamination of food areas - Sec. 33(1)(h) 
TACORRITO AND HURRY CURRY,2024-11-25,C - Crucial,43.75821736523925,-79.46481816908747,Fail to process food in manner safe to eat - Sec. 26(2)
TACORRITO AND HURRY CURRY,2024-11-25,C - Crucial,43.75817393747259,-79.46566245700366,Maintain potentially hazardous foods at internal temperature between 4 C and 60 C -  Sec. 27(1)
TACORRITO AND HURRY CURRY,2024-11-25,C - Crucial,43.75783350554298,-79.46550506369046,Fail to ensure food handler in food premise washes hands as necessary to prevent contamination of food - Sec. 33(1)(e) 
A.C. RANCH CAFFE,2024-11-26,C - Crucial,43.67752958018058,-79.4445525562571,Store ice in unsanitary manner - Sec.  26(5) 
DARNA,2024-11-26,C - Crucial,43.70663060407386,-79.37474941327977,Fail to protect food from contamination or adulteration - Sec. 26(1) 
DARNA,2024-11-26,C - Crucial,43.7064980927358,-79.37494007450904,Maintain potentially hazardous foods at internal temperature between 4 C and 60 C -  Sec. 27(1)
ASIA DELIGHT,2024-11-26,C - Crucial,43.75732891388896,-79.31213222878179,Fail to protect food from contamination or adulteration - Sec. 26(1) 
SHAHI RASOI,2024-11-26,C - Crucial,43.75679125097108,-79.31231314054055,Food premise maintained in manner to permit contamination of single-service articles - Sec. 7(1)(h)  
DARNA,2024-11-28,C - Crucial,43.70654229331959,-79.37528217446348,Fail to protect food from contamination or adulteration - Sec. 26(1) 
GLENDALE HOUSE,2024-11-27,C - Crucial,43.64123394091663,-79.45074673707987,Fail to process food in manner safe to eat - Sec. 26(2)
Naan and Kabob,2024-11-28,C - Crucial,43.7762945655696,-79.25794929016,Refrigerate potentially hazardous foods at internal temperature above 4 C - Sec. 30(a)
PHO DAU BO,2024-11-27,C - Crucial,43.76162513454071,-79.22433352931807,Food premise maintained in manner to permit contamination of single-service containers - Sec. 7(1)(h)  
PHO DAU BO,2024-11-27,C - Crucial,43.761513352792946,-79.22434846327393,Fail to protect food from contamination or adulteration - Sec. 26(1) 
YONGE STREET GOURMET,2024-11-27,C - Crucial,43.70523776455617,-79.39795236759109,Store potentially hazardous foods at internal temperature between 4 C and 60 C - Sec. 27(1)
ZZAVIA,2024-11-28,C - Crucial,43.706904609701894,-79.3755680264455,Refrigerate potentially hazardous foods at internal temperature above 4 C - Sec. 30(a)
ZZAVIA,2024-11-28,C - Crucial,43.70550807382858,-79.37496790673552,Fail to ensure food handler in food premise washes hands as necessary to prevent contamination of food - Sec. 33(1)(e) 
COLUMBUS CAFE & CO,2024-11-28,C - Crucial,43.64804559506112,-79.39048518632558,Fail to protect food from contamination or adulteration - Sec. 26(1) 
FAMILY FOOD MARKET,2024-11-29,C - Crucial,43.6489112300342,-79.37185098176873,Fail to ensure food handler in food premise washes hands as necessary to prevent contamination of food - Sec. 33(1)(e) 
FAMILY FOOD MARKET,2024-11-29,C - Crucial,43.64918884931864,-79.37160443838394,Display potentially hazardous foods at internal temperature between 4 C and 60 C - Sec. 27(1)
KERALA KITCHEN,2024-11-29,C - Crucial,43.78024961599891,-79.29865238908553,Maintain potentially hazardous foods at internal temperature between 4 C and 60 C -  Sec. 27(1)
RUTH'S CATERING & TAKEOUT,2024-11-28,C - Crucial,43.732082192430845,-79.2695731335042,Food premise maintained in manner permitting adverse effect on food - Sec. 7(1)(a)(iii) 
RUTH'S CATERING & TAKEOUT,2024-11-28,C - Crucial,43.732265103634056,-79.2698672574201,Fail to protect food from contamination or adulteration - Sec. 26(1) 
VAGABONDO RESTO BAR,2024-11-28,C - Crucial,43.64371522967536,-79.39054301656034,Store potentially hazardous foods at internal temperature between 4 C and 60 C - Sec. 27(1)
VAGABONDO RESTO BAR,2024-11-28,C - Crucial,43.64342436386503,-79.38994290474412,Fail to protect food from contamination or adulteration - Sec. 26(1) 
AISH TANOOR,2024-12-02,C - Crucial,43.700304951728114,-79.4293330492943,Food premise maintained in manner permitting adverse effect on food - Sec. 7(1)(a)(iii) 
Allstar Wings & Ribs,2024-12-02,C - Crucial,43.773840249631746,-79.25128728878323,Refrigerate potentially hazardous foods at internal temperature above 4 C - Sec. 30(a)
LITTLE PEBBLES,2024-12-02,C - Crucial,43.65581905038859,-79.41161253370312,Fail to protect food from contamination or adulteration - Sec. 26(1) 
SHAHEEN TIKKA KABAB HOUSE,2024-12-02,C - Crucial,43.71369060766483,-79.33553913459633,Fail to ensure food handler in food premise washes hands as necessary to prevent contamination of food - Sec. 33(1)(e) 
SHAHEEN TIKKA KABAB HOUSE,2024-12-02,C - Crucial,43.71413241036146,-79.3358132534192,Fail to protect food from contamination or adulteration - Sec. 26(1) 
ELFS STUCCO EMPLOYERS SOCIETY,2024-12-03,C - Crucial,43.76328436134816,-79.48916962719547,Refrigerate potentially hazardous foods at internal temperature above 4 C - Sec. 30(a)
PIZZA PIZZA,2024-12-03,C - Crucial,43.676384674228345,-79.3589983892295,Store potentially hazardous foods at internal temperature between 4 C and 60 C - Sec. 27(1)
TUTTO PRONTO,2024-12-03,C - Crucial,43.70525588917873,-79.37481623446006,Refrigerate potentially hazardous foods at internal temperature above 4 C - Sec. 30(a)
BIRYANIS AND MORE,2024-12-04,C - Crucial,43.774741122818554,-79.32217031888527,Maintain potentially hazardous foods at internal temperature between 4 C and 60 C -  Sec. 27(1)
SKCOOKKS,2024-12-04,C - Crucial,43.639303257948555,-79.42211229291891,Store potentially hazardous foods at internal temperature between 4 C and 60 C - Sec. 27(1)
THE GREAT CANADIAN BAGEL,2024-12-04,C - Crucial,43.6484465212541,-79.38377739349406,Fail to ensure food handler in food premise washes hands as necessary to prevent contamination of food - Sec. 33(1)(e) 
The Jerk Box,2024-12-04,C - Crucial,43.70333232955389,-79.50385229338988,Food premise maintained in manner permitting health hazard (Insects) - Sec. 7(1)(a)(i)    
The Jerk Box,2024-12-04,C - Crucial,43.70240153059473,-79.50457973022378,Fail to protect food from contamination or adulteration - Sec. 26(1) 
JACE PINOY 2,2024-12-04,C - Crucial,43.72628783691439,-79.48240630758684,Maintain potentially hazardous foods at internal temperature between 4 C and 60 C -  Sec. 27(1)
JACE PINOY 2,2024-12-04,C - Crucial,43.72623525431495,-79.48261059274668,Fail to ensure food handler in food premise washes hands as necessary to prevent contamination of food - Sec. 33(1)(e) 
MISTER FRESH,2024-12-05,C - Crucial,43.66577400962012,-79.47168702883961,Fail to protect food from contamination or adulteration - Sec. 26(1) 
MISTER FRESH,2024-12-05,C - Crucial,43.66548576700692,-79.47220950433979,"Fail to subject meat products to process to destroy bacteria, parasites and other forms of contamination - Sec. 36(1)  "
MISTER FRESH,2024-12-05,C - Crucial,43.66592680358181,-79.47241374971742,Hot-holding potentially hazardous foods at internal temperature below 60 C - Sec. 30(a)
SUBWAY,2024-12-04,C - Crucial,43.73039041455703,-79.40319028611441,Fail to ensure food handler in food premise washes hands as necessary to prevent contamination of food - Sec. 33(1)(e) 
SUVAIYAKAM RESTAURANT,2024-12-05,C - Crucial,43.79952952102998,-79.30687609882054,Food premise maintained in manner permitting adverse effect on food - Sec. 7(1)(a)(iii) 
CHACHU'S,2024-12-06,C - Crucial,43.74771623605014,-79.34829124270541,Fail to ensure food handler in food premise washes hands as necessary to prevent contamination of food - Sec. 33(1)(e) 
GRAND ONE,2024-12-06,C - Crucial,43.7477286529789,-79.3482998206623,Fail to ensure food handler in food premise refrains from conduct that could result in contamination of food - Sec. 33(1)(h) 
WING LAB,2024-12-06,C - Crucial,43.66008405581044,-79.48064150291596,Fail to maintain records of food purchased  - Sec. 29(2)  
THE GREAT CANADIAN BAGEL,2024-12-09,C - Crucial,43.648999131407095,-79.38355902766115,Food premise maintained in manner permitting health hazard (Insects) - Sec. 7(1)(a)(i)    
THE GREAT CANADIAN BAGEL,2024-12-09,C - Crucial,43.648669758860166,-79.38381892779962,Fail to protect food from contamination or adulteration - Sec. 26(1) 
BATALA SUPERMARKET,2024-12-10,C - Crucial,43.74333747327652,-79.21967351616732,Fail to protect food from contamination or adulteration - Sec. 26(1) 
MONKEY SUSHI,2024-12-10,C - Crucial,43.70020545562845,-79.45401304343702,Store potentially hazardous foods at internal temperature between 4 C and 60 C - Sec. 27(1)
MONKEY SUSHI,2024-12-10,C - Crucial,43.70024393286714,-79.45354467719861,Fail to ensure food handler in food premise washes hands as necessary to prevent contamination of food - Sec. 33(1)(e) 
Pariwar Restaurant,2024-12-09,C - Crucial,43.74230926102488,-79.30891548847003,Fail to protect food from contamination or adulteration - Sec. 26(1) 
Pariwar Restaurant,2024-12-09,C - Crucial,43.74209026264204,-79.30802102163857,Food premise maintained in manner permitting adverse effect on food - Sec. 7(1)(a)(iii) 
BARBURRITO,2024-12-10,C - Crucial,43.659945557689795,-79.38234071456932,Food premise maintained in manner permitting health hazard - Sec. 7(1)(a)(i)    
FRIDAY BURGER COMPANY,2024-12-11,C - Crucial,43.68667856914779,-79.31051131529576,Store potentially hazardous foods at internal temperature between 4 C and 60 C - Sec. 27(1)
GLEAM & SIP,2024-12-11,C - Crucial,43.675344806607946,-79.40549503712218,Fail to ensure room kept free from live birds or animals - Sec. 14(1)
LONG GUI BBQ HOUSE,2024-12-11,C - Crucial,43.79992361093147,-79.30621046720368,Maintain potentially hazardous foods at internal temperature between 4 C and 60 C -  Sec. 27(1)
MILLWOOD BREAD & BUTTER,2024-12-11,C - Crucial,43.70153502236455,-79.38669786804007,Display potentially hazardous foods at internal temperature between 4 C and 60 C - Sec. 27(1)
PHOENIX PAN ASIAN CUISINE,2024-12-10,C - Crucial,43.74634107256534,-79.20979031576162,Fail to protect food from contamination or adulteration - Sec. 26(1) 
PIZZA CAFE,2024-12-11,C - Crucial,43.73824863455546,-79.43447137349358,Store potentially hazardous foods at internal temperature between 4 C and 60 C - Sec. 27(1)
FRED VICTOR - FOOD SERVICES,2024-12-12,C - Crucial,43.66083280981155,-79.36568819079052,Fail to protect food from contamination or adulteration - Sec. 26(1) 
PRIVILEGE T.O,2024-12-12,C - Crucial,43.68219400741462,-79.32786541709892,Store ice in unsanitary manner - Sec.  26(5) 
Taste Good B.B.Q.,2024-12-13,C - Crucial,43.786635779782316,-79.27574670877746,Maintain potentially hazardous foods at internal temperature between 4 C and 60 C -  Sec. 27(1)
VIVO PIZZA + PASTA,2024-12-12,C - Crucial,43.654331718647406,-79.46290886250122,Fail to protect food from contamination or adulteration - Sec. 26(1) 
VIVO PIZZA + PASTA,2024-12-12,C - Crucial,43.65410823148289,-79.46290849052116,Store ice in unsanitary manner - Sec.  26(5) 
One Plus One,2024-12-13,C - Crucial,43.821937705261,-79.29963787691104,Fail to protect food from contamination or adulteration - Sec. 26(1) 
STELLA'S KITCHEN,2024-12-16,C - Crucial,43.67593496104583,-79.40395449272955,Store potentially hazardous foods at internal temperature between 4 C and 60 C - Sec. 27(1)
WATAN PIZZA,2023-08-14,C - Crucial,43.7076582573515,-79.34292174793303,Refrigerate potentially hazardous foods at internal temperature above 4 C - Sec. 30(a)
WATAN PIZZA,2023-08-14,C - Crucial,43.70796339732246,-79.34334631141375,Store potentially hazardous foods at internal temperature between 4 C and 60 C - Sec. 27(1)
WATAN PIZZA,2024-02-09,C - Crucial,43.70777006773143,-79.3442104824292,Store potentially hazardous foods at internal temperature between 4 C and 60 C - Sec. 27(1)
WATAN PIZZA,2024-02-09,C - Crucial,43.70762237092285,-79.34313915206593,Refrigerate potentially hazardous foods at internal temperature above 4 C - Sec. 30(a)
KING GEORGE'S ARM,2024-12-16,C - Crucial,43.77208163207894,-79.3209018155185,Maintain potentially hazardous foods at internal temperature between 4 C and 60 C -  Sec. 27(1)
DESI TADKAA,2024-12-18,C - Crucial,43.75142373882515,-79.51594424472152,Fail to ensure food handler in food premise refrains from conduct that could result in contamination of food - Sec. 33(1)(h) 
YUMMY TUMMY,2024-12-18,C - Crucial,43.69483207541766,-79.45417913965272,Fail to ensure food handler in food premise washes hands as necessary to prevent contamination of food - Sec. 33(1)(e) 
CE QUE SABE,2024-12-19,C - Crucial,43.683129940368424,-79.4714797217383,Store potentially hazardous foods at internal temperature between 4 C and 60 C - Sec. 27(1)
CHASKA INDIAN STREET FOOD,2024-12-19,C - Crucial,43.64627103592137,-79.36853992189668,Fail to protect food from contamination or adulteration - Sec. 26(1) 
MARRY ME MACHI,2024-12-19,C - Crucial,43.72597740141354,-79.45142074502422,Fail to ensure food handler in food premise washes hands as necessary to prevent contamination of food - Sec. 33(1)(e) 
YOGAS,2024-12-20,C - Crucial,43.7299381398263,-79.26672462441356,Fail to protect food from contamination or adulteration - Sec. 26(1) 
MELEWA BAKERY,2024-12-23,C - Crucial,43.803331824152025,-79.29585728834198,Fail to protect food from contamination or adulteration - Sec. 26(1) 
NEW HONG FATT BBQ RESTAURANT,2024-12-30,C - Crucial,43.65332234149466,-79.39612395767782,Display potentially hazardous foods at internal temperature between 4 C and 60 C - Sec. 27(1)
FARM FRESH SUPERMARKET,2024-12-31,C - Crucial,43.78904694679161,-79.2671757267989,Fail to protect food from contamination or adulteration - Sec. 26(1) 
FARM FRESH SUPERMARKET,2024-12-31,C - Crucial,43.78989219392663,-79.26652684831099,Fail to ensure food handler in food premise washes hands as necessary to prevent contamination of food areas - Sec.  33(1)(e)
KABALEN,2024-12-31,C - Crucial,43.737817522548916,-79.43421263725004,Maintain potentially hazardous foods at internal temperature between 4 C and 60 C -  Sec. 27(1)
ASIA FOOD MART,2025-01-03,C - Crucial,43.813683419763734,-79.29642603613074,Maintain potentially hazardous foods at internal temperature between 4 C and 60 C -  Sec. 27(1)
CHURCH'S CHICKEN,2025-01-03,C - Crucial,43.677453261644224,-79.4435591081788,Fail to protect food from contamination or adulteration - Sec. 26(1) 
DRUXY'S,2025-01-03,C - Crucial,43.656197307094125,-79.39070837065407,Maintain potentially hazardous foods at internal temperature between 4 C and 60 C -  Sec. 27(1)
LEELA INDIAN FOOD BAR,2025-01-02,C - Crucial,43.67234787763987,-79.32451847186394,Fail to protect food from contamination or adulteration - Sec. 26(1) 
MIRAGE BANQUET AND CONVENTION CENTRE,2025-01-03,C - Crucial,43.74634785119427,-79.61935437145019,Fail to protect food from contamination or adulteration - Sec. 26(1) 
TONIA'S KITCHEN,2025-01-03,C - Crucial,43.7632453517212,-79.49951800627333,Fail to ensure food handler in food premise washes hands as necessary to prevent contamination of food - Sec. 33(1)(e) 
TONIA'S KITCHEN,2025-01-03,C - Crucial,43.76298852812741,-79.49976249293466,Fail to protect food from contamination or adulteration - Sec. 26(1) 
TONIA'S KITCHEN,2025-01-03,C - Crucial,43.76340003258621,-79.49971823093651,Maintain potentially hazardous foods at internal temperature between 4 C and 60 C -  Sec. 27(1)
CECIL COMMUNITY CENTRE,2025-01-06,C - Crucial,43.65607683583299,-79.3986732232509,Fail to protect food from contamination or adulteration - Sec. 26(1) 
Crown Jewel Fine Dining,2025-01-06,C - Crucial,43.814875030550105,-79.32112698363838,Food premise maintained in manner permitting adverse effect on food - Sec. 7(1)(a)(iii) 
PHILTHY PHILLY'S,2025-01-06,C - Crucial,43.682992689784385,-79.59301278512143,Store potentially hazardous foods at internal temperature between 4 C and 60 C - Sec. 27(1)
TACORRITO AND HURRY CURRY,2025-01-06,C - Crucial,43.758209380276995,-79.4649370506593,Refrigerate potentially hazardous foods at internal temperature above 4 C - Sec. 30(a)
TACORRITO AND HURRY CURRY,2025-01-06,C - Crucial,43.75767973939021,-79.46516939620096,Maintain potentially hazardous foods at internal temperature between 4 C and 60 C -  Sec. 27(1)
TACORRITO AND HURRY CURRY,2025-01-06,C - Crucial,43.75817345070189,-79.46555942192765,Fail to protect food from contamination or adulteration - Sec. 26(1) 
TACORRITO AND HURRY CURRY,2025-01-06,C - Crucial,43.757718382129625,-79.46620764319238,Fail to ensure food handler in food premise washes hands as necessary to prevent contamination of food - Sec. 33(1)(e) 
GALE'S SNACK BAR,2025-01-07,C - Crucial,43.65793992092926,-79.33859191789593,Food premise maintained in manner permitting adverse effect on food - Sec. 7(1)(a)(iii) 
SCARBOROUGH RETIREMENT RESIDENCE,2025-01-07,C - Crucial,43.74050266027908,-79.21824366176386,Fail to protect food from contamination or adulteration - Sec. 26(1) 
ZIPPY MARKET,2025-01-07,C - Crucial,43.723514455715055,-79.44595197781396,Store potentially hazardous foods at internal temperature between 4 C and 60 C - Sec. 27(1)
ZIPPY MARKET,2025-01-07,C - Crucial,43.72371003364437,-79.4459437856365,Sell potentially hazardous foods at internal temperature between 4 C and 60 C - Sec. 27(1)
HASTY MARKET,2025-01-08,C - Crucial,43.65649358674344,-79.39013667152707,Fail to protect food from contamination or adulteration - Sec. 26(1) 
DULCE MOMENTOS,2025-01-09,C - Crucial,43.67350453393928,-79.46322787708127,Fail to ensure storage racks designed to protect against contamination - Sec. 31
JOLLIBEE,2025-01-09,C - Crucial,43.73261206539375,-79.45186599979306,Store potentially hazardous foods at internal temperature between 4 C and 60 C - Sec. 27(1)
PITA AND PEROGY ON BLOOR,2025-01-10,C - Crucial,43.6562152832726,-79.45352349703563,Fail to protect food from contamination or adulteration - Sec. 26(1) 
TAQUERIA EL PASTORCITO,2025-01-10,C - Crucial,43.67772511444187,-79.44320548983026,Store potentially hazardous foods at internal temperature between 4 C and 60 C - Sec. 27(1)
KABUL MAZAAR,2025-01-11,C - Crucial,43.74266413096767,-79.60569608721403,Store potentially hazardous foods at internal temperature between 4 C and 60 C - Sec. 27(1)
KOT MORISIEN,2025-01-11,C - Crucial,43.74275946376351,-79.6057662315007,Store potentially hazardous foods at internal temperature between 4 C and 60 C - Sec. 27(1)
LITTLE BASKET GROCERY + CONVENIENCE,2025-01-13,C - Crucial,43.63476724009758,-79.39886441902763,Store potentially hazardous foods at internal temperature between 4 C and 60 C - Sec. 27(1)
TRILLIUM,2025-01-14,C - Crucial,43.63381733783487,-79.42931515382507,Refrigerate potentially hazardous foods at internal temperature above 4 C - Sec. 30(a)
VILLA MADINA,2025-01-14,C - Crucial,43.612317919539024,-79.55641966855896,Fail to process food in manner safe to eat - Sec. 26(2)
FORTINO'S,2025-01-15,C - Crucial,43.71688361573942,-79.44759036397151,Sell potentially hazardous foods at internal temperature between 4 C and 60 C - Sec. 27(1)
FORTINO'S,2025-01-15,C - Crucial,43.71706554812394,-79.44736941871113,Fail to ensure food handler in food premise washes hands as necessary to prevent contamination of food - Sec. 33(1)(e) 
MEIWEIJI,2025-01-15,C - Crucial,43.77513025795279,-79.41363775103896,Maintain potentially hazardous foods at internal temperature between 4 C and 60 C -  Sec. 27(1)
QIN'S GARDEN,2025-01-15,C - Crucial,43.657464039988874,-79.3994021040965,Fail to protect food from contamination or adulteration - Sec. 26(1) 
CURRY KITCHEN PLUS FALAFEL HOUSE,2025-01-15,C - Crucial,43.65665622441978,-79.3757701774398,Fail to protect food from contamination or adulteration - Sec. 26(1) 
CURRY KITCHEN PLUS FALAFEL HOUSE,2025-01-15,C - Crucial,43.65669833767686,-79.37627276026345,Maintain potentially hazardous foods at internal temperature between 4 C and 60 C -  Sec. 27(1)
DOSABOYZ HAKKABOYZ,2025-01-17,C - Crucial,43.77413373796744,-79.28284324148127,Maintain potentially hazardous foods at internal temperature between 4 C and 60 C -  Sec. 27(1)
DOSABOYZ HAKKABOYZ,2025-01-17,C - Crucial,43.77409629531057,-79.28302211023818,Fail to protect food from contamination or adulteration - Sec. 26(1) 
MOTO VIA AVENUE,2025-01-20,C - Crucial,43.723440631033554,-79.41662860350543,Offer for sale potentially hazardous foods at internal temperature between 4 C and 60 C - Sec. 27(1)
MOTO VIA AVENUE,2025-01-20,C - Crucial,43.72339869316347,-79.41674059886907,Fail to ensure food handler in food premise washes hands as necessary to prevent contamination of food - Sec. 33(1)(e) 
SAVOURY SAMOSA,2025-01-20,C - Crucial,43.74793465592404,-79.348895785619,Store potentially hazardous foods at internal temperature between 4 C and 60 C - Sec. 27(1)
MOTI-MAHAL,2025-01-21,C - Crucial,43.67293140320394,-79.32274133956902,Food premise maintained in manner permitting adverse effect on food - Sec. 7(1)(a)(iii) 
SAIGONESE VIET KITCHEN,2025-01-21,C - Crucial,43.757002065857826,-79.51723953967783,Maintain potentially hazardous foods at internal temperature between 4 C and 60 C -  Sec. 27(1)
SAIGONESE VIET KITCHEN,2025-01-21,C - Crucial,43.75676105100587,-79.5172577601448,Fail to protect food from contamination or adulteration - Sec. 26(1) 
PIZZAVILLE,2025-01-23,C - Crucial,43.654934892288246,-79.45894991693916,Fail to protect food from contamination or adulteration - Sec. 26(1) 
DONG KEE CHINESE RESTAURANT,2025-01-24,C - Crucial,43.81931099951994,-79.29503606424778,Food premise maintained in manner permitting adverse effect on food - Sec. 7(1)(a)(iii) 
DONG KEE CHINESE RESTAURANT,2025-01-24,C - Crucial,43.81963400000671,-79.29456976955167,Fail to protect food from contamination or adulteration - Sec. 26(1) 
FARM BOY,2025-01-24,C - Crucial,43.671596034842835,-79.42402530033124,Fail to ensure storage shelves designed to protect against contamination - Sec. 31
GOLDEN FRESH MARKET,2025-01-24,C - Crucial,43.74008165749132,-79.51293751386127,Maintain potentially hazardous foods at internal temperature between 4 C and 60 C -  Sec. 27(1)
GOLDEN FRESH MARKET,2025-01-24,C - Crucial,43.73995030967225,-79.5123889330486,Store potentially hazardous foods at internal temperature between 4 C and 60 C - Sec. 27(1)
MAKKAH RESTAURANT,2025-01-24,C - Crucial,43.680937675811435,-79.33671003561605,Store potentially hazardous foods at internal temperature between 4 C and 60 C - Sec. 27(1)
MAKKAH RESTAURANT,2025-01-24,C - Crucial,43.681324586236116,-79.33671586582365,Fail to protect food from contamination or adulteration - Sec. 26(1) 
THE BURGER BROS,2025-01-24,C - Crucial,43.68073838349988,-79.33660059065998,Fail to protect food from contamination or adulteration - Sec. 26(1) 
CHURCH'S TEXAS CHICKEN,2025-01-27,C - Crucial,43.74387826113931,-79.48716874982141,Food premise maintained in manner to permit contamination of single-service articles - Sec. 7(1)(h)  
HASTY MARKET,2025-01-27,C - Crucial,43.65595983888834,-79.39065326607215,Fail to protect food from contamination or adulteration - Sec. 26(1) 
ISLAND STYLE RESTAURANT AND BAR,2025-01-29,C - Crucial,43.74312586955039,-79.28334759832964,Fail to protect food from contamination or adulteration - Sec. 26(1) 
MR. JOHN'S THE REAL KERALA KITCHEN,2025-01-29,C - Crucial,43.753267747672396,-79.27617943954463,Fail to protect food from contamination or adulteration - Sec. 26(1) 
TAROU DON,2025-01-31,C - Crucial,43.82464776120365,-79.30322075674775,Fail to protect food from contamination or adulteration - Sec. 26(1) 
TAROU DON,2025-01-31,C - Crucial,43.82422903937331,-79.30222579519443,Maintain potentially hazardous foods at internal temperature between 4 C and 60 C -  Sec. 27(1)
TAROU DON,2025-01-31,C - Crucial,43.82427995150846,-79.30340829316926,Food premise maintained in manner permitting adverse effect on food - Sec. 7(1)(a)(iii) 
AH-SO SUSHI,2025-02-03,C - Crucial,43.70394345305106,-79.39723188242819,Display potentially hazardous foods at internal temperature between 4 C and 60 C - Sec. 27(1)
CHURCH'S TEXAS CHICKEN,2025-02-03,C - Crucial,43.75877248142259,-79.51956018205448,Fail to protect food from contamination or adulteration - Sec. 26(1) 
PINOY HUB,2025-02-03,C - Crucial,43.79648737120929,-79.42338357272435,Fail to ensure food handler in food premise washes hands as necessary to prevent contamination of food areas - Sec.  33(1)(e)
PINOY HUB,2025-02-03,C - Crucial,43.795537063661435,-79.42365011116179,Store potentially hazardous foods at internal temperature between 4 C and 60 C - Sec. 27(1)
SIMONE'S CARIBBEAN REST.,2025-02-03,C - Crucial,43.67867449655805,-79.34622284378352,Store ice in unsanitary manner - Sec.  26(5) 
RUMELI,2025-02-04,C - Crucial,43.775812601263105,-79.46957187915318,Refrigerate potentially hazardous foods at internal temperature above 4 C - Sec. 30(a)
RUMELI,2025-02-04,C - Crucial,43.77580104025243,-79.46934225677296,Fail to protect food from contamination or adulteration - Sec. 26(1) 
KIRO SUSHI,2025-02-06,C - Crucial,43.67224512269915,-79.38728442027602,Fail to protect food from contamination or adulteration - Sec. 26(1) 
LULLABOO NURSERY AND CHILDCARE CENTRE - AVENUE CAMPUS,2025-02-05,C - Crucial,43.71009019938182,-79.41048098663822,Fail to ensure food handler in food premise washes hands as necessary to prevent contamination of food areas - Sec.  33(1)(e)
SHAWARMA N' FRIES(HALAL),2025-02-05,C - Crucial,43.70872266856558,-79.29575455678801,Fail to process food in manner safe to eat - Sec. 26(2)
THAY BAR,2025-02-05,C - Crucial,43.664829140269305,-79.4156433681741,Store ice in unsanitary manner - Sec.  26(5) 
SARANG KITCHEN,2025-02-07,C - Crucial,43.67972771666146,-79.34202479408884,Fail to ensure room kept free from live birds or animals - Sec. 14(1)
SARANG KITCHEN,2025-02-07,C - Crucial,43.679187093920646,-79.34226378066468,Fail to protect food from contamination or adulteration - Sec. 26(1) 
SHOPPERS DRUG MART,2025-02-07,C - Crucial,43.630199276986886,-79.48217177181975,Fail to protect food from contamination or adulteration - Sec. 26(1) 
KIBO SUSHI HOUSE,2025-02-10,C - Crucial,43.66557355862502,-79.36859888512895,Store potentially hazardous foods at internal temperature between 4 C and 60 C - Sec. 27(1)
SWATOW RESTAURANT,2025-02-10,C - Crucial,43.65417570354718,-79.3983215030144,Fail to protect food from contamination or adulteration - Sec. 26(1) 
TASTY SLICE PIZZA,2025-02-10,C - Crucial,43.76486011267019,-79.20539109892053,Hot-holding potentially hazardous foods at internal temperature below 60 C - Sec. 30(a)
NAIJA JOLLOF,2025-02-10,C - Crucial,43.647001647464336,-79.40419994109479,Fail to ensure food handler in food premise washes hands as necessary to prevent contamination of food - Sec. 33(1)(e) 
NAIJA JOLLOF,2025-02-10,C - Crucial,43.64689319225975,-79.40432843778089,Fail to protect food from contamination or adulteration - Sec. 26(1) 
NAIJA JOLLOF,2025-02-10,C - Crucial,43.64669986904176,-79.40444964501127,Store potentially hazardous foods at internal temperature between 4 C and 60 C - Sec. 27(1)
NEW SKY RESTAURANT,2025-02-11,C - Crucial,43.654980320700076,-79.3989659158894,Fail to protect food from contamination or adulteration - Sec. 26(1) 
WOK STOP,2025-02-10,C - Crucial,43.72027841898021,-79.51040676723689,Fail to protect food from contamination or adulteration - Sec. 26(1) 
WOK STOP,2025-02-10,C - Crucial,43.72020219461352,-79.51111794033453,Store potentially hazardous foods at internal temperature between 4 C and 60 C - Sec. 27(1)
CALIFORNIA THAI,2025-02-12,C - Crucial,43.65646174617709,-79.38072232313391,Fail to protect food from contamination or adulteration - Sec. 26(1) 
CALIFORNIA THAI,2025-02-12,C - Crucial,43.65613923496472,-79.38099686000905,Fail to ensure food handler in food premise washes hands as necessary to prevent contamination of food - Sec. 33(1)(e) 
KA CHI KOREAN RESTAURANT,2025-02-12,C - Crucial,43.65356431584265,-79.394739799429,Fail to protect food from contamination or adulteration - Sec. 26(1) 
KA CHI KOREAN RESTAURANT,2025-02-12,C - Crucial,43.65332929003166,-79.39487135375538,Food premise maintained in manner adversely affecting sanitary operation - Sec. 7(1)(a)(ii)
WILD WING,2025-02-12,C - Crucial,43.71991745417326,-79.51177225136423,Fail to ensure food handler in food premise washes hands as necessary to prevent contamination of food - Sec. 33(1)(e) 
WILD WING,2025-02-12,C - Crucial,43.71945082717288,-79.51246550066705,Fail to protect food from contamination or adulteration - Sec. 26(1) 
SHOWTIME BISTRO,2025-02-14,C - Crucial,43.82101729435212,-79.24528414999055,Fail to protect food from contamination or adulteration - Sec. 26(1) 
TAQUERIA EL PASTORCITO,2025-02-14,C - Crucial,43.6589407499111,-79.43698632476793,Fail to ensure storage racks designed to protect against contamination - Sec. 31
TAQUERIA EL PASTORCITO,2025-02-14,C - Crucial,43.65979483684884,-79.43648842482855,Fail to protect food from contamination or adulteration - Sec. 26(1) 
YUNSHANG RICE NOODLE,2025-02-14,C - Crucial,43.653779478272305,-79.39464875342361,Fail to protect food from contamination or adulteration - Sec. 26(1) 
ALI BABA'S,2025-02-19,C - Crucial,43.7695926128803,-79.5480103440006,Maintain potentially hazardous foods at internal temperature between 4 C and 60 C -  Sec. 27(1)
SHOELESS JOE'S,2025-02-19,C - Crucial,43.638878196314565,-79.38568573377779,Store ice in unsanitary manner - Sec.  26(5) 
TZATZIKI MACCHIATO,2025-02-19,C - Crucial,43.68350436315749,-79.34673468556669,Fail to protect food from contamination or adulteration - Sec. 26(1) 
TZATZIKI MACCHIATO,2025-02-19,C - Crucial,43.683795802927825,-79.34651624009004,Store potentially hazardous foods at internal temperature between 4 C and 60 C - Sec. 27(1)
BUTTER CHICKEN ROTI,2025-02-20,C - Crucial,43.77722146368959,-79.34423497308421,Hot-holding potentially hazardous foods at internal temperature below 60 C - Sec. 30(a)
DYNASTY CHINESE CUISINE,2025-02-20,C - Crucial,43.67084808987185,-79.39071775948436,Fail to protect food from contamination or adulteration - Sec. 26(1) 
DYNASTY CHINESE CUISINE,2025-02-20,C - Crucial,43.670811938369155,-79.39043324206146,Fail to ensure storage pallets designed to protect against contamination - Sec. 31
LATE NIGHT PIZZA BY ALY,2025-02-20,C - Crucial,43.75800247292768,-79.22502688609643,Display potentially hazardous foods at internal temperature between 4 C and 60 C - Sec. 27(1)
LATE NIGHT PIZZA BY ALY,2025-02-20,C - Crucial,43.75830770713539,-79.22440097101743,Use equipment not non-toxic in contact with food - Sec. 8(2)(a) 
THAI EXPRESS,2025-02-20,C - Crucial,43.643124758048245,-79.3835036156363,Fail to ensure food handler in food premise washes hands as necessary to prevent contamination of food areas - Sec.  33(1)(e)
ASIAN GOURMET,2025-02-21,C - Crucial,43.71750440964685,-79.4475657194058,Fail to ensure food handler in food premise washes hands as necessary to prevent contamination of food - Sec. 33(1)(e) 
ASIAN GOURMET,2025-02-21,C - Crucial,43.716414496678524,-79.44748696925424,Fail to protect food from contamination or adulteration - Sec. 26(1) 
NOODLEBOX,2025-02-21,C - Crucial,43.73469726014011,-79.53325122703318,Store ice in unsanitary manner - Sec.  26(5) 
NOODLEBOX,2025-02-21,C - Crucial,43.734976431005435,-79.53301272462862,Store potentially hazardous foods at internal temperature between 4 C and 60 C - Sec. 27(1)
CHICKQUEEN,2025-02-24,C - Crucial,43.773873905604944,-79.4920833717722,Fail to ensure food handler in food premise washes hands as necessary to prevent contamination of food - Sec. 33(1)(e) 
CHICKQUEEN,2025-02-24,C - Crucial,43.77363519798425,-79.49235258261965,Fail to process food in manner safe to eat - Sec. 26(2)
CHICKQUEEN,2025-02-24,C - Crucial,43.7735076217167,-79.49201273431453,Fail to protect food from contamination or adulteration - Sec. 26(1) 
CHITOS PIZZA,2025-02-24,C - Crucial,43.65769510270367,-79.44197585691286,Fail to protect food from contamination or adulteration - Sec. 26(1) 
VILLAGE GENIUS PUB/LE GENIE DU VILLAGE,2025-02-24,C - Crucial,43.65468955741042,-79.39186041267844,Fail to protect food from contamination or adulteration - Sec. 26(1) 
KABUL FARMS,2025-02-25,C - Crucial,43.71924338606652,-79.51205820813497,Fail to protect food from contamination or adulteration - Sec. 26(1) 
BAR BURRITO,2025-02-26,C - Crucial,43.67796278824978,-79.44549228813997,Refrigerate potentially hazardous foods at internal temperature above 4 C - Sec. 30(a)
FRESH VALUE MARKET,2025-02-26,C - Crucial,43.716866883881195,-79.55436731000086,Fail to protect food from contamination or adulteration - Sec. 26(1) 
ROLLIN FRESH,2025-02-26,C - Crucial,43.760127033722355,-79.41078901942275,Fail to maintain records of food purchased  - Sec. 29(2)  
ROLLIN FRESH,2025-02-26,C - Crucial,43.76059896854752,-79.41110178552533,Fail to protect food from contamination or adulteration - Sec. 26(1) 
SARKER GROCERY,2025-02-26,C - Crucial,43.6633132197854,-79.3673869851645,Fail to protect food from contamination or adulteration - Sec. 26(1) 
FRANKIES BAR & CAFE,2025-02-27,C - Crucial,43.64427974203658,-79.41840902175417,Fail to protect food from contamination or adulteration - Sec. 26(1) 
ROYAL CAKE HOUSE,2025-02-27,C - Crucial,43.82352737684427,-79.2529529251978,Fail to protect food from contamination or adulteration - Sec. 26(1) 
ROYAL CAKE HOUSE,2025-02-27,C - Crucial,43.82344686143355,-79.25283243111355,Fail to ensure room kept free from live birds or animals - Sec. 14(1)
ROYAL CAKE HOUSE,2025-02-27,C - Crucial,43.822743195973665,-79.25308266310523,Fail to ensure food handler in food premise washes hands as necessary to prevent contamination of food - Sec. 33(1)(e) 
XPRESS TROPICAL FOODS & MEAT,2025-02-27,C - Crucial,43.70363618374237,-79.50402101249294,Fail to obtain food from source subject to inspection - Sec. 29(1)  
AIFAM,2025-02-28,C - Crucial,43.66274828544965,-79.40363433182196,Fail to protect food from contamination or adulteration - Sec. 26(1) 
AIFAM,2025-02-28,C - Crucial,43.66306544762054,-79.40356540004568,Maintain potentially hazardous foods at internal temperature between 4 C and 60 C -  Sec. 27(1)
BANH CUON HUONG QUE RESTAURANT,2025-02-28,C - Crucial,43.742161673265755,-79.51433182252526,Fail to protect food from contamination or adulteration - Sec. 26(1) 
J & Y Chinese Cuisine,2025-02-28,C - Crucial,43.77163676994218,-79.36887161130562,Fail to ensure food handler in food premise refrains from conduct that could result in contamination of food - Sec. 33(1)(h) 
LLOYD'S RESTAURANT,2025-02-27,C - Crucial,43.70361985867583,-79.50485413218819,Store potentially hazardous foods at internal temperature between 4 C and 60 C - Sec. 27(1)
SUNSET GRILL,2025-02-28,C - Crucial,43.75969700155655,-79.46581017634037,Refrigerate potentially hazardous foods at internal temperature above 4 C - Sec. 30(a)
SUNSET GRILL,2025-02-28,C - Crucial,43.75995254913531,-79.46513957951329,Fail to protect food from contamination or adulteration - Sec. 26(1) 
TIM HORTONS,2025-02-28,C - Crucial,43.651919457715124,-79.40571768103527,Store potentially hazardous foods at internal temperature between 4 C and 60 C - Sec. 27(1)
DONG DONG BBQ MEAT BIBIMBAP,2025-03-03,C - Crucial,43.65586978025596,-79.39340406491417,Fail to protect food from contamination or adulteration - Sec. 26(1) 
SHAHI RASOI,2025-03-03,C - Crucial,43.705329259100516,-79.34635729913887,Fail to ensure food handler in food premise refrains from conduct that could result in contamination of food - Sec. 33(1)(h) 
SHAWARMA MAX,2025-03-03,C - Crucial,43.76990665281939,-79.41298454850397,Fail to protect food from contamination or adulteration - Sec. 26(1) 
BANH CUON HUONG QUE RESTAURANT,2025-03-04,C - Crucial,43.74261595925707,-79.5148056698877,Fail to obtain food from source subject to inspection - Sec. 29(1)  
BIGBELLY GREEK STREET FOOD,2025-03-04,C - Crucial,43.71593836800004,-79.45471573187578,Maintain potentially hazardous foods at internal temperature between 4 C and 60 C -  Sec. 27(1)
BIGBELLY GREEK STREET FOOD,2025-03-04,C - Crucial,43.71588789491166,-79.45494316947402,Fail to ensure food handler in food premise washes hands as necessary to prevent contamination of food - Sec. 33(1)(e) 
BIG GUY LAMB SOUP NOODLE HOUSE,2025-03-05,C - Crucial,43.7605117875381,-79.41119378791272,Fail to maintain records of food purchased  - Sec. 29(2)  
BIG GUY LAMB SOUP NOODLE HOUSE,2025-03-05,C - Crucial,43.76061620271342,-79.41076363925697,Store potentially hazardous foods at internal temperature between 4 C and 60 C - Sec. 27(1)
CHIN CHIN STREETSIDE KITCHEN/ANGITHI,2025-03-06,C - Crucial,43.64051105679883,-79.39219119460968,Store potentially hazardous foods at internal temperature between 4 C and 60 C - Sec. 27(1)
SCHOOL,2025-03-06,C - Crucial,43.63783330537382,-79.42411532690087,Store potentially hazardous foods at internal temperature between 4 C and 60 C - Sec. 27(1)
SCHOOL,2025-03-06,C - Crucial,43.63795593415492,-79.42434289270126,Fail to protect food from contamination or adulteration - Sec. 26(1) 
ALI BABA'S MIDDLE EASTERN CUISINE,2025-03-10,C - Crucial,43.65073188807209,-79.47716534476105,Fail to protect food from contamination or adulteration - Sec. 26(1) 
FOOD WORLD,2025-03-07,C - Crucial,43.73384931165446,-79.6046189540068,Store potentially hazardous foods at internal temperature between 4 C and 60 C - Sec. 27(1)
PIZZAIOLO,2025-03-10,C - Crucial,43.65904690589662,-79.34960659473036,Maintain potentially hazardous foods at internal temperature between 4 C and 60 C -  Sec. 27(1)
SAM'S FOOD STORE,2025-03-10,C - Crucial,43.6622298318953,-79.35782544907582,Fail to protect food from contamination or adulteration - Sec. 26(1) 
SAM'S FOOD STORE,2025-03-10,C - Crucial,43.662098716435665,-79.35849353795996,Fail to process food in manner safe to eat - Sec. 26(2)
SAM'S FOOD STORE,2025-03-10,C - Crucial,43.66191051494895,-79.35846737748463,Offer for sale potentially hazardous foods at internal temperature between 4 C and 60 C - Sec. 27(1)
SAM'S FOOD STORE,2025-03-10,C - Crucial,43.66274371229342,-79.35891948882941,Use equipment not non-toxic in contact with food - Sec. 8(2)(a) 
Kairali,2025-03-11,C - Crucial,43.75451178713898,-79.27686542127324,Refrigerate potentially hazardous foods at internal temperature above 4 C - Sec. 30(a)
Kairali,2025-03-11,C - Crucial,43.75465670382152,-79.27709523962329,Fail to protect food from contamination or adulteration - Sec. 26(1) 
SOM TUM JINDA,2025-03-11,C - Crucial,43.660083063177375,-79.37783060534483,Fail to protect food from contamination or adulteration - Sec. 26(1) 
CHARIDISE/TAISHO JAPANESE GRILL,2025-03-13,C - Crucial,43.65662309405321,-79.39339857281968,Fail to protect food from contamination or adulteration - Sec. 26(1) 
CLAY STEAM BOAT SPICY KITCHEN INC,2025-03-13,C - Crucial,43.73648716527899,-79.24945355504272,Food premise maintained in manner permitting adverse effect on food - Sec. 7(1)(a)(iii) 
LOLA'S CATERING,2025-03-13,C - Crucial,43.70696170584031,-79.50536496154918,Refrigerate potentially hazardous foods at internal temperature above 4 C - Sec. 30(a)
METRO,2025-03-13,C - Crucial,43.64916900441436,-79.37218675640743,Food premise maintained in manner permitting health hazard (Rodents) - Sec. 7(1)(a)(i)    
THE MARS DINER,2025-03-13,C - Crucial,43.708991250454716,-79.39884680499974,Maintain potentially hazardous foods at internal temperature between 4 C and 60 C -  Sec. 27(1)
THE MARS DINER,2025-03-13,C - Crucial,43.70922476772068,-79.39836991171236,Refrigerate potentially hazardous foods at internal temperature above 4 C - Sec. 30(a)
THE MARS DINER,2025-03-13,C - Crucial,43.70887656498174,-79.39900334878187,Fail to ensure food handler in food premise washes hands as necessary to prevent contamination of food - Sec. 33(1)(e) 
THE MARS DINER,2025-03-13,C - Crucial,43.70996398718696,-79.39830878066815,Fail to protect food from contamination or adulteration - Sec. 26(1) 
Caledonia Bakery & Pastry,2025-03-14,C - Crucial,43.6760963176046,-79.45400381710118,Refrigerate potentially hazardous foods at internal temperature above 4 C - Sec. 30(a)
Caledonia Bakery & Pastry,2025-03-14,C - Crucial,43.67574129773479,-79.45411302667286,Display potentially hazardous foods at internal temperature between 4 C and 60 C - Sec. 27(1)
NEW KALYANI TAKE OUT & CATERING,2025-03-14,C - Crucial,43.730277129209725,-79.26684475564156,Fail to protect food from contamination or adulteration - Sec. 26(1) 
NEW KALYANI TAKE OUT & CATERING,2025-03-14,C - Crucial,43.73023971849576,-79.26703627699975,Store potentially hazardous foods at internal temperature between 4 C and 60 C - Sec. 27(1)
NOVA ERA BAKERY & PASTRY,2025-03-14,C - Crucial,43.67521078478121,-79.45434801250049,Display potentially hazardous foods at internal temperature between 4 C and 60 C - Sec. 27(1)
VIA CIBO ITALIAN STREET FOOD,2025-03-13,C - Crucial,43.75421333216329,-79.35777125813098,Maintain potentially hazardous foods at internal temperature between 4 C and 60 C -  Sec. 27(1)
VIETNOMS,2025-03-14,C - Crucial,43.76474656747497,-79.39626447438987,Fail to protect food from contamination or adulteration - Sec. 26(1) 
VIETNOMS,2025-03-14,C - Crucial,43.76466157879627,-79.39632736025284,Store potentially hazardous foods at internal temperature between 4 C and 60 C - Sec. 27(1)
DON'S CARIBBEAN JERK RESTAURANT,2025-03-14,C - Crucial,43.734540304322834,-79.53232906382826,Refrigerate potentially hazardous foods at internal temperature above 4 C - Sec. 30(a)
FLAVOURS SPORTS BAR & GRILL,2025-03-17,C - Crucial,43.70330269604963,-79.47690383017164,Refrigerate potentially hazardous foods at internal temperature above 4 C - Sec. 30(a)
FLAVOURS SPORTS BAR & GRILL,2025-03-17,C - Crucial,43.70307438551588,-79.47733210509823,Store potentially hazardous foods at internal temperature between 4 C and 60 C - Sec. 27(1)
SAM'S FOOD STORE,2025-03-17,C - Crucial,43.66303048057,-79.35875378967131,Maintain potentially hazardous foods at internal temperature between 4 C and 60 C -  Sec. 27(1)
THE PEACHY,2025-03-14,C - Crucial,43.78015636746433,-79.41540384685588,Refrigerate potentially hazardous foods at internal temperature above 4 C - Sec. 30(a)
THE PEACHY,2025-03-14,C - Crucial,43.779765492550546,-79.41577771691207,Fail to protect food from contamination or adulteration - Sec. 26(1) 
HOTHOUSE,2025-03-18,C - Crucial,43.64926197654637,-79.37387372213534,Fail to protect food from contamination or adulteration - Sec. 26(1) 
LUCKY DRAGON RESTAURANT,2025-03-18,C - Crucial,43.71865775891454,-79.45511163546188,Fail to protect food from contamination or adulteration - Sec. 26(1) 
LUCKY DRAGON RESTAURANT,2025-03-18,C - Crucial,43.71838248513124,-79.45550694812066,Fail to ensure food handler in food premise washes hands as necessary to prevent contamination of food - Sec. 33(1)(e) 
LUCKY DRAGON RESTAURANT,2025-03-18,C - Crucial,43.718974641613805,-79.45501160098644,Store potentially hazardous foods at internal temperature between 4 C and 60 C - Sec. 27(1)
SILVER SPOON,2025-03-18,C - Crucial,43.79166134328873,-79.2520206116155,Display potentially hazardous foods at internal temperature between 4 C and 60 C - Sec. 27(1)
CASA MANILA,2025-03-19,C - Crucial,43.75475439753254,-79.34853754478371,Maintain potentially hazardous foods at internal temperature between 4 C and 60 C -  Sec. 27(1)
L'AMOUR CAFE AND PASTRY,2025-03-19,C - Crucial,43.71193938355521,-79.39131873631693,Display potentially hazardous foods at internal temperature between 4 C and 60 C - Sec. 27(1)
LOBLAWS,2025-03-19,C - Crucial,43.661253253287185,-79.32888281865088,Food premise maintained in manner permitting adverse effect on food - Sec. 7(1)(a)(iii) 
ORUMA INDIAN TAKEOUT AND BAKERS,2025-03-19,C - Crucial,43.73550727486794,-79.2471207685268,Store potentially hazardous foods at internal temperature between 4 C and 60 C - Sec. 27(1)
PHO NON LA,2025-03-19,C - Crucial,43.78742825605238,-79.47010976642004,Store potentially hazardous foods at internal temperature between 4 C and 60 C - Sec. 27(1)
PICKLE BARREL GRAND AND CAFE,2025-03-19,C - Crucial,43.724972756252384,-79.44903871800831,Store potentially hazardous foods at internal temperature between 4 C and 60 C - Sec. 27(1)
PICKLE BARREL GRAND AND CAFE,2025-03-19,C - Crucial,43.725808858403994,-79.44890235781777,Fail to protect food from contamination or adulteration - Sec. 26(1) 
THE SPICY WOK,2025-03-19,C - Crucial,43.65544320644078,-79.39822707316051,Fail to protect food from contamination or adulteration - Sec. 26(1) 
FRESHLY SQUEEZED,2025-03-20,C - Crucial,43.72601938604121,-79.45190748746768,Fail to ensure food handler in food premise washes hands as necessary to prevent contamination of food - Sec. 33(1)(e) 
GOLDEN SPOON TAKE-OUT AND CATERING,2025-03-20,C - Crucial,43.79486090118788,-79.23588416952501,Food premise maintained in manner to permit contamination of single-service articles - Sec. 7(1)(h)  
GOLDEN SPOON TAKE-OUT AND CATERING,2025-03-20,C - Crucial,43.79445087085321,-79.2359044401104,Fail to protect food from contamination or adulteration - Sec. 26(1) 
HERO CERTIFIED BURGERS,2025-03-20,C - Crucial,43.649991595112986,-79.37787027037675,Fail to protect food from contamination or adulteration - Sec. 26(1) 
PITA LITE,2025-03-20,C - Crucial,43.68774612412334,-79.39359973739381,Refrigerate potentially hazardous foods at internal temperature above 4 C - Sec. 30(a)
SOYA MANDARIN KITCHEN,2025-03-20,C - Crucial,43.65630458809593,-79.39354947791699,Fail to protect food from contamination or adulteration - Sec. 26(1) 
CAKE HOUSE BAKERY,2025-03-21,C - Crucial,43.75616583980844,-79.51852885041214,Display potentially hazardous foods at internal temperature between 4 C and 60 C - Sec. 27(1)
CAKE HOUSE BAKERY,2025-03-21,C - Crucial,43.756341169743685,-79.51880737609002,Fail to protect food from contamination or adulteration - Sec. 26(1) 
KOH LIPE,2025-03-21,C - Crucial,43.656580048618856,-79.39355752004556,Fail to protect food from contamination or adulteration - Sec. 26(1) 
KOH LIPE THAI KITCHEN,2025-03-21,C - Crucial,43.65547092939548,-79.3937313446324,Fail to protect food from contamination or adulteration - Sec. 26(1) 
PHO CON BO INC.,2025-03-21,C - Crucial,43.75687244570771,-79.51983993937932,Fail to protect food from contamination or adulteration - Sec. 26(1) 
PHO CON BO INC.,2025-03-21,C - Crucial,43.75611400552389,-79.51920805819049,Maintain potentially hazardous foods at internal temperature between 4 C and 60 C -  Sec. 27(1)
PHO CON BO INC.,2025-03-21,C - Crucial,43.75645355397492,-79.51962647535059,Food premise maintained in manner to permit contamination of single-service containers - Sec. 7(1)(h)  
SULTAN'S MEDITERRANEAN GRILL,2025-03-20,C - Crucial,43.65060968270819,-79.37756087473034,Fail to protect food from contamination or adulteration - Sec. 26(1) 
TOUCH,2025-03-21,C - Crucial,43.650313769947815,-79.37858642203356,Fail to protect food from contamination or adulteration - Sec. 26(1) 
WAT AH JERK CARIBBEAN GRILL,2025-03-20,C - Crucial,43.65105804504359,-79.37800155572057,Fail to protect food from contamination or adulteration - Sec. 26(1) 
BURGER FACTORY,2025-03-24,C - Crucial,43.77708680724667,-79.34502149150018,Store potentially hazardous foods at internal temperature between 4 C and 60 C - Sec. 27(1)
HOT DOGS,2025-03-22,C - Crucial,43.74819445203554,-79.47937069631728,Fail to ensure food handler in food premise washes hands as necessary to prevent contamination of food - Sec. 33(1)(e) 
HOT DOGS,2025-03-22,C - Crucial,43.74803852762999,-79.47920671051904,Sell potentially hazardous foods at internal temperature between 4 C and 60 C - Sec. 27(1)
MARHABA SUPERMARKET,2025-03-24,C - Crucial,43.6913021589757,-79.29082170790176,Fail to protect food from contamination or adulteration - Sec. 26(1) 
OJA,2025-03-24,C - Crucial,43.64949720002731,-79.37698523713352,Fail to protect food from contamination or adulteration - Sec. 26(1) 
ADELAIDE RESOURCE CENTRE FOR WOMEN,2025-03-25,C - Crucial,43.650805951275096,-79.37508944733757,Fail to protect food from contamination or adulteration - Sec. 26(1) 
LA UNICA PANDERIA MEXICANA,2025-03-24,C - Crucial,43.73887390965988,-79.5394112575696,Fail to protect food from contamination or adulteration - Sec. 26(1) 
LA UNICA PANDERIA MEXICANA,2025-03-24,C - Crucial,43.73902331858463,-79.53911012611402,Maintain potentially hazardous foods at internal temperature between 4 C and 60 C -  Sec. 27(1)
MR GREEK,2025-03-25,C - Crucial,43.80045283486696,-79.19781743992232,Fail to protect food from contamination or adulteration - Sec. 26(1) 
RUTH'S CATERING AND TAKEOUT,2025-03-25,C - Crucial,43.77424886478517,-79.24129181682457,Fail to protect food from contamination or adulteration - Sec. 26(1) 
RUTH'S CATERING AND TAKEOUT,2025-03-25,C - Crucial,43.7747944438214,-79.2411716659048,Maintain potentially hazardous foods at internal temperature between 4 C and 60 C -  Sec. 27(1)
SMALL POT RESTAURANT,2025-03-25,C - Crucial,43.77289694042542,-79.33265553737421,Food premise maintained in manner permitting adverse effect on food - Sec. 7(1)(a)(iii) 
CURRY PATTA RESTAURANT,2025-03-26,C - Crucial,43.6821815365531,-79.32978346825028,Food premise maintained in manner permitting adverse effect on food - Sec. 7(1)(a)(iii) 
LA GUANAQUITA,2025-03-25,C - Crucial,43.720268670063824,-79.51252848016794,Fail to protect food from contamination or adulteration - Sec. 26(1) 
CHARMINAR INDIAN CUISINE,2025-03-27,C - Crucial,43.731472865110646,-79.28807792286187,Fail to protect food from contamination or adulteration - Sec. 26(1) 
COFFEE TIME,2025-03-27,C - Crucial,43.68663707031742,-79.31128856181472,Offer for sale potentially hazardous foods at internal temperature between 4 C and 60 C - Sec. 27(1)
HANA DON JAPANESE CUISINE & BAR,2025-03-27,C - Crucial,43.77762237461098,-79.34470278349747,Fail to ensure food handler in food premise refrains from conduct that could result in contamination of food - Sec. 33(1)(h) 
KIN KIN BUBBLE TEA,2025-03-27,C - Crucial,43.783848477208345,-79.29191850379333,Fail to protect food from contamination or adulteration - Sec. 26(1) 
KUNGFU BEEF CHINESE BBQ,2025-03-27,C - Crucial,43.65278994834066,-79.3965887423323,Fail to protect food from contamination or adulteration - Sec. 26(1) 
Papa Spicy / Shu Yi Tealicious,2025-03-27,C - Crucial,43.760615234272606,-79.4087244198104,Fail to ensure food handler in food premise washes hands as necessary to prevent contamination of food - Sec. 33(1)(e) 
Papa Spicy / Shu Yi Tealicious,2025-03-27,C - Crucial,43.761327342484385,-79.40892921051116,Fail to protect food from contamination or adulteration - Sec. 26(1) 
DRAGON SUPERMARKET,2025-03-28,C - Crucial,43.68264037018144,-79.32865184021585,Food premise maintained in manner permitting adverse effect on food - Sec. 7(1)(a)(iii) 
HABIBZ CORNER FUSION STREET FOOD,2025-03-28,C - Crucial,43.70713850980668,-79.50507399866906,Fail to protect food from contamination or adulteration - Sec. 26(1) 
SARANG KITCHEN,2025-03-28,C - Crucial,43.67985970207791,-79.34225647601674,Fail to ensure room kept free from live birds or animals - Sec. 14(1)
SARANG KITCHEN,2025-03-28,C - Crucial,43.67939021786273,-79.34221054975308,Food premise maintained in manner to permit contamination of single-service articles - Sec. 7(1)(h)  
EELAM TRINCO BAY,2025-04-01,C - Crucial,43.809494185007125,-79.26337767764463,Maintain potentially hazardous foods at internal temperature between 4 C and 60 C -  Sec. 27(1)
HOUSE OF GOURMET SEAFOOD & BBQ,2025-04-01,C - Crucial,43.652844156431954,-79.39797175796751,Fail to protect food from contamination or adulteration - Sec. 26(1) 
SINALOA FACTORY,2025-03-31,C - Crucial,43.67840288100083,-79.34725771751985,Store potentially hazardous foods at internal temperature between 4 C and 60 C - Sec. 27(1)
SINALOA FACTORY,2025-03-31,C - Crucial,43.67828867751552,-79.34748350467419,Maintain potentially hazardous foods at internal temperature between 4 C and 60 C -  Sec. 27(1)
SPRING CAFE BISTRO,2025-04-01,C - Crucial,43.67562495887416,-79.38812240194284,Fail to ensure food handler in food premise washes hands as necessary to prevent contamination of food - Sec. 33(1)(e) 
SPRING CAFE BISTRO,2025-04-01,C - Crucial,43.67563417967573,-79.38865767534317,Fail to protect food from contamination or adulteration - Sec. 26(1) 
BOURBON ST GRILL,2025-04-02,C - Crucial,43.61282558005676,-79.55609411187591,Fail to protect food from contamination or adulteration - Sec. 26(1) 
COMMISSO BROS & RACCO ITALIAN BAKERY,2025-04-01,C - Crucial,43.69917257130939,-79.46866384607011,Fail to protect food from contamination or adulteration - Sec. 26(1) 
COMMISSO BROS & RACCO ITALIAN BAKERY,2025-04-01,C - Crucial,43.69855092459519,-79.46913581910488,Fail to ensure storage racks designed to protect against contamination - Sec. 31
HITOTOKI BAKERY,2025-04-02,C - Crucial,43.66146301530109,-79.38124148557151,Fail to protect food from contamination or adulteration - Sec. 26(1) 
OMA'S GERMAN BAKERY,2025-04-02,C - Crucial,43.653626486927024,-79.4510939508952,Fail to obtain food from source subject to inspection - Sec. 29(1)  
CHIANG RAI,2025-04-03,C - Crucial,43.73636918142015,-79.42022301292289,Store potentially hazardous foods at internal temperature between 4 C and 60 C - Sec. 27(1)
CHIANG RAI,2025-04-03,C - Crucial,43.73629661396421,-79.42010846499198,Refrigerate potentially hazardous foods at internal temperature above 4 C - Sec. 30(a)
CHIANG RAI,2025-04-03,C - Crucial,43.7366572103713,-79.42068768766616,Fail to protect food from contamination or adulteration - Sec. 26(1) 
CHIANG RAI,2025-04-03,C - Crucial,43.73632733816223,-79.42085210823375,Fail to ensure food handler in food premise washes hands as necessary to prevent contamination of food - Sec. 33(1)(e) 
FARM BOY,2025-04-03,C - Crucial,43.70366623388739,-79.39802913243184,Fail to protect food from contamination or adulteration - Sec. 26(1) 
LUCKY DRAGON RESTAURANT,2025-04-03,C - Crucial,43.71881033377266,-79.45550130226036,Fail to protect food from contamination or adulteration - Sec. 26(1) 
LUCKY DRAGON RESTAURANT,2025-04-03,C - Crucial,43.71905789192864,-79.45597563568509,Store potentially hazardous foods at internal temperature between 4 C and 60 C - Sec. 27(1)
LUCKY DRAGON RESTAURANT,2025-04-03,C - Crucial,43.71842222986358,-79.45514951620682,Refrigerate potentially hazardous foods at internal temperature above 4 C - Sec. 30(a)
MR ZAGROS,2025-04-03,C - Crucial,43.709042023330795,-79.47673286399541,Refrigerate potentially hazardous foods at internal temperature above 4 C - Sec. 30(a)
MR ZAGROS,2025-04-03,C - Crucial,43.70895677355618,-79.47669140499009,Fail to protect food from contamination or adulteration - Sec. 26(1) 
MR ZAGROS,2025-04-03,C - Crucial,43.708802012494324,-79.47671620689087,Store potentially hazardous foods at internal temperature between 4 C and 60 C - Sec. 27(1)
SQUARE NOODLE,2025-04-03,C - Crucial,43.80528324787066,-79.28790760175325,Fail to protect food from contamination or adulteration - Sec. 26(1) 
TEN MILES BBQ,2025-04-03,C - Crucial,43.80506074061622,-79.28809677533083,Maintain potentially hazardous foods at internal temperature between 4 C and 60 C -  Sec. 27(1)
AVOCA,2025-04-04,C - Crucial,43.67753774174919,-79.35341323031975,Maintain potentially hazardous foods at internal temperature between 4 C and 60 C -  Sec. 27(1)
CARAMEL COFFEE SHOP,2025-04-07,C - Crucial,43.68077833712975,-79.33774235053848,Store ice in unsanitary manner - Sec.  26(5) 
EGGLICIOUS CAFE,2025-04-04,C - Crucial,43.60677456093671,-79.5203704058976,Store ice in unsanitary manner - Sec.  26(5) 
FISHERMAN LOBSTER KING,2025-04-04,C - Crucial,43.79826710488317,-79.31856338637965,Maintain potentially hazardous foods at internal temperature between 4 C and 60 C -  Sec. 27(1)
KATSUYA,2025-04-07,C - Crucial,43.65956934238644,-79.37904402762807,Fail to protect food from contamination or adulteration - Sec. 26(1) 
STELLA'S KITCHEN,2025-04-05,C - Crucial,43.675732911179566,-79.40361616680512,Fail to protect food from contamination or adulteration - Sec. 26(1) 
THE BURGER BROS,2025-04-04,C - Crucial,43.68008852561815,-79.33680404809006,Offer for sale potentially hazardous foods at internal temperature between 4 C and 60 C - Sec. 27(1)
YUKI JAPANESE RESTAURANT,2025-04-04,C - Crucial,43.721302331345214,-79.455057628356,Fail to ensure food handler in food premise washes hands as necessary to prevent contamination of food - Sec. 33(1)(e) 
BAO BAO EXPRESS/ KUNG FU TEA,2025-04-08,C - Crucial,43.65052565823192,-79.47929833999598,Fail to protect food from contamination or adulteration - Sec. 26(1) 
BEYOND FUSION,2025-04-08,C - Crucial,43.66112961907855,-79.37828062641665,Fail to protect food from contamination or adulteration - Sec. 26(1) 
CAFFE'IN,2025-04-08,C - Crucial,43.66793024166089,-79.39815976939767,Fail to protect food from contamination or adulteration - Sec. 26(1) 
KUNG FU TEA,2025-04-08,C - Crucial,43.6520685614372,-79.39783487520273,Store ice in unsanitary manner - Sec.  26(5) 
MAMA & PAPA'S GOODSOUP,2025-04-08,C - Crucial,43.747893083104785,-79.52198397976527,Maintain potentially hazardous foods at internal temperature between 4 C and 60 C -  Sec. 27(1)
MAMA & PAPA'S GOODSOUP,2025-04-08,C - Crucial,43.747385642205195,-79.52116954511727,Fail to protect food from contamination or adulteration - Sec. 26(1) 
MORE FISH,2025-04-08,C - Crucial,43.805230542948614,-79.28777258156563,Fail to protect food from contamination or adulteration - Sec. 26(1) 
THE OVEN FRESH,2025-04-08,C - Crucial,43.77932688574711,-79.306235718588,Maintain potentially hazardous foods at internal temperature between 4 C and 60 C -  Sec. 27(1)
AKHIGBE NIGERIAN CATERERS,2025-04-09,C - Crucial,43.7514858385773,-79.54918323829841,Display potentially hazardous foods at internal temperature between 4 C and 60 C - Sec. 27(1)
BUN SAIGON,2025-04-09,C - Crucial,43.65215814004418,-79.39804978934444,Fail to protect food from contamination or adulteration - Sec. 26(1) 
HERO CERTIFIED BURGERS,2025-04-09,C - Crucial,43.64390723351364,-79.40370133845113,Maintain potentially hazardous foods at internal temperature between 4 C and 60 C -  Sec. 27(1)
SHA'AZ INDIAN CUISINE,2025-04-09,C - Crucial,43.75023495044543,-79.27683650943406,Fail to protect food from contamination or adulteration - Sec. 26(1) 
THE DONLANDS DINER,2025-04-09,C - Crucial,43.69407049447964,-79.34184774486756,Fail to protect food from contamination or adulteration - Sec. 26(1) 
AKHIGBE NIGERIAN CATERERS,2025-04-10,C - Crucial,43.7517907084451,-79.54864768182783,Sell potentially hazardous foods at internal temperature between 4 C and 60 C - Sec. 27(1)
ALTON RESTAURANT,2025-04-11,C - Crucial,43.8248270950295,-79.27738850765186,Fail to protect food from contamination or adulteration - Sec. 26(1) 
Bombay Roti,2025-04-10,C - Crucial,43.70653585336996,-79.30234686767443,Maintain potentially hazardous foods at internal temperature between 4 C and 60 C -  Sec. 27(1)
KITAYA,2025-04-11,C - Crucial,43.72532900014897,-79.3410166710982,Fail to ensure food handler in food premise washes hands as necessary to prevent contamination of food - Sec. 33(1)(e) 
KTRADE & SERVICES LTD,2025-04-10,C - Crucial,43.74197107111962,-79.51470357736977,Fail to obtain food from source subject to inspection - Sec. 29(1)  
KTRADE & SERVICES LTD,2025-04-10,C - Crucial,43.74236683762558,-79.51439027781116,Fail to maintain records of food purchased  - Sec. 29(2)  
Khalifa Kabab & Karahi,2025-04-10,C - Crucial,43.69700293419207,-79.54408913628262,Fail to maintain records of food purchased  - Sec. 29(2)  
RONIN IZAKAYA,2025-04-11,C - Crucial,43.65592720851239,-79.39352847240934,Store potentially hazardous foods at internal temperature between 4 C and 60 C - Sec. 27(1)
TAO-NORTHERN CHINESE CUISINE,2025-04-10,C - Crucial,43.71230640995721,-79.3651531149089,Fail to protect food from contamination or adulteration - Sec. 26(1) 
THE WOLFE TONE IRISH PUB INC,2025-04-10,C - Crucial,43.66899010962612,-79.30269072086291,Store potentially hazardous foods at internal temperature between 4 C and 60 C - Sec. 27(1)
THE WOLFE TONE IRISH PUB INC,2025-04-10,C - Crucial,43.669332686635244,-79.30232167803732,Fail to protect food from contamination or adulteration - Sec. 26(1) 
NEW CANTON KITCHEN,2025-04-14,C - Crucial,43.82211999859805,-79.29870076145028,Fail to protect food from contamination or adulteration - Sec. 26(1) 
SANSA BAKERY & GRILL,2025-04-14,C - Crucial,43.68647641744639,-79.43873867236529,Fail to protect food from contamination or adulteration - Sec. 26(1) 
SANSA BAKERY & GRILL,2025-04-14,C - Crucial,43.686952185516766,-79.43898413414767,Food premise maintained in manner permitting adverse effect on food - Sec. 7(1)(a)(iii) 
THAI HOUSE CUISINE,2025-04-14,C - Crucial,43.67106246991113,-79.29654446310415,Store potentially hazardous foods at internal temperature between 4 C and 60 C - Sec. 27(1)
THAI HOUSE CUISINE,2025-04-14,C - Crucial,43.67079691758014,-79.29587936918257,Fail to protect food from contamination or adulteration - Sec. 26(1) 
HIGH PARK CLUB,2025-04-15,C - Crucial,43.64343215515683,-79.45354579574074,Fail to protect food from contamination or adulteration - Sec. 26(1) 
HIGH PARK CLUB,2025-04-15,C - Crucial,43.64249296719018,-79.45311983669625,Fail to ensure storage shelves designed to protect against contamination - Sec. 31
INDIA WAALE DESI STREET FOOD,2025-04-15,C - Crucial,43.785733270988494,-79.35140456324584,Fail to ensure food handler in food premise washes hands as necessary to prevent contamination of food areas - Sec.  33(1)(e)
MANEK CHOWK,2025-04-15,C - Crucial,43.798178962421126,-79.19531064941906,Food premise maintained in manner to permit contamination of single-service containers - Sec. 7(1)(h)  
MIDORI RAMEN,2025-04-15,C - Crucial,43.725976684605044,-79.45163074652734,Fail to ensure food handler in food premise washes hands as necessary to prevent contamination of food - Sec. 33(1)(e) 
OSMOWS,2025-04-15,C - Crucial,43.79466851490984,-79.24078187589602,Fail to ensure food handler in food premise washes hands as necessary to prevent contamination of food - Sec. 33(1)(e) 
PUNJABI HAVELI SWEETS AND RESTAURANT,2025-04-15,C - Crucial,43.73532274451534,-79.60231006415339,Fail to ensure storage racks designed to protect against contamination - Sec. 31
SALUS FRESH FOODS,2025-04-15,C - Crucial,43.66124806031025,-79.38528010135022,Distribute potentially hazardous foods at internal temperature between 4 C and 60 C - Sec. 27(1)
TASTY BITES SANDWICHES,2025-04-15,C - Crucial,43.768420104764814,-79.47156275876303,Fail to ensure food handler in food premise washes hands as necessary to prevent contamination of food - Sec. 33(1)(e) 
TASTY BITES SANDWICHES,2025-04-15,C - Crucial,43.7686248351316,-79.47177120245702,Refrigerate potentially hazardous foods at internal temperature above 4 C - Sec. 30(a)
FUN CHINESE FOOD,2025-04-16,C - Crucial,43.76009882707399,-79.41097429185665,Maintain potentially hazardous foods at internal temperature between 4 C and 60 C -  Sec. 27(1)
PITA LITE,2025-04-16,C - Crucial,43.79830846132032,-79.31818958465385,Maintain potentially hazardous foods at internal temperature between 4 C and 60 C -  Sec. 27(1)
SANQIN RESTAURANT,2025-04-16,C - Crucial,43.76016607594845,-79.41100700335099,Fail to ensure food handler in food premise washes hands as necessary to prevent contamination of food areas - Sec.  33(1)(e)
THE GRAND INDIAN DINING,2025-04-16,C - Crucial,43.64828310351408,-79.39838256489114,Fail to protect food from contamination or adulteration - Sec. 26(1) 
THE JOHN,2025-04-15,C - Crucial,43.65950130903989,-79.43694779351507,Fail to protect food from contamination or adulteration - Sec. 26(1) 
Tropical Nights Restaurant,2025-04-16,C - Crucial,43.80039495052036,-79.19940764932961,Food premise maintained in manner to permit contamination of single-service containers - Sec. 7(1)(h)  
BANCAN KITCHEN,2025-04-17,C - Crucial,43.71321548388063,-79.36659227281469,Fail to protect food from contamination or adulteration - Sec. 26(1) 
THAI SQUARE,2025-04-17,C - Crucial,43.788862317344886,-79.1393671470018,Fail to protect food from contamination or adulteration - Sec. 26(1) 
EGGSMART,2025-04-22,C - Crucial,43.7068370143932,-79.2494034867857,Fail to protect food from contamination or adulteration - Sec. 26(1) 
EGGSMART,2025-04-22,C - Crucial,43.70737273291884,-79.2499867288297,Store ice in unsanitary manner - Sec.  26(5) 
LA BAMBOCHE,2025-04-22,C - Crucial,43.727909231513586,-79.41816992393056,Display potentially hazardous foods at internal temperature between 4 C and 60 C - Sec. 27(1)
LA BAMBOCHE,2025-04-22,C - Crucial,43.72828636963526,-79.41817905111037,Fail to protect food from contamination or adulteration - Sec. 26(1) 
LA BAMBOCHE,2025-04-22,C - Crucial,43.72762702108517,-79.41809146169352,Fail to ensure food handler in food premise washes hands as necessary to prevent contamination of food - Sec. 33(1)(e) 
THE SPICY GRILL,2025-04-22,C - Crucial,43.691772749529775,-79.28317827424188,Maintain potentially hazardous foods at internal temperature between 4 C and 60 C -  Sec. 27(1)
THE SPICY GRILL,2025-04-22,C - Crucial,43.692448634657346,-79.28273246864183,Fail to protect food from contamination or adulteration - Sec. 26(1) 
CHINA FOOD,2025-04-22,C - Crucial,43.704271248319316,-79.36646197749407,Food premise maintained in manner permitting health hazard (Rodents) - Sec. 7(1)(a)(i)    
CHINA FOOD,2025-04-22,C - Crucial,43.704308487019944,-79.36585622859276,Store potentially hazardous foods at internal temperature between 4 C and 60 C - Sec. 27(1)
CHINA FOOD,2025-04-22,C - Crucial,43.70515137971043,-79.36623493621715,Fail to protect food from contamination or adulteration - Sec. 26(1) 
AMOR A LA MEXICANA,2025-04-23,C - Crucial,43.75121424429664,-79.55217344552607,Fail to ensure food handler in food premise washes hands as necessary to prevent contamination of food areas - Sec.  33(1)(e)
BURRITOZ,2025-04-23,C - Crucial,43.640597713749855,-79.41627486030526,Maintain potentially hazardous foods at internal temperature between 4 C and 60 C -  Sec. 27(1)
COMMISSO BROS.& RACCO BAKERY,2025-04-24,C - Crucial,43.74829598696479,-79.51705337128757,Hot-holding potentially hazardous foods at internal temperature below 60 C - Sec. 30(a)
CRAVEWINGS INC,2025-04-24,C - Crucial,43.703347050777154,-79.4146349773044,Fail to ensure food handler in food premise washes hands as necessary to prevent contamination of food - Sec. 33(1)(e) 
CURRY KITCHEN PLUS FALAFEL HOUSE,2025-04-24,C - Crucial,43.65716910566217,-79.37629710940541,Store potentially hazardous foods at internal temperature between 4 C and 60 C - Sec. 27(1)
CURRY KITCHEN PLUS FALAFEL HOUSE,2025-04-24,C - Crucial,43.656247751870175,-79.37566512783928,Fail to protect food from contamination or adulteration - Sec. 26(1) 
DHAKA KITCHEN,2025-04-23,C - Crucial,43.70502654689428,-79.28838900677614,Maintain potentially hazardous foods at internal temperature between 4 C and 60 C -  Sec. 27(1)
HABIBZ CORNER,2025-04-23,C - Crucial,43.647269286627456,-79.40366975499687,Fail to ensure food handler in food premise washes hands as necessary to prevent contamination of food - Sec. 33(1)(e) 
KAWA SUSHI,2025-04-23,C - Crucial,43.66401425502094,-79.3800885846162,Fail to protect food from contamination or adulteration - Sec. 26(1) 
M WELLNEZZ KITCHEN,2025-04-23,C - Crucial,43.77716830724043,-79.49369724710873,Fail to process food in manner safe to eat - Sec. 26(2)
M WELLNEZZ KITCHEN,2025-04-23,C - Crucial,43.7776700598492,-79.49380539754677,Fail to ensure food handler in food premise washes hands as necessary to prevent contamination of food - Sec. 33(1)(e) 
M WELLNEZZ KITCHEN,2025-04-23,C - Crucial,43.777487476789496,-79.49358955053911,Use equipment not non-toxic in contact with food - Sec. 8(2)(a) 
M WELLNEZZ KITCHEN,2025-04-23,C - Crucial,43.77754117975051,-79.49359949857303,Fail to protect food from contamination or adulteration - Sec. 26(1) 
MEATPOINT,2025-04-23,C - Crucial,43.72792503283787,-79.47887582441956,Fail to ensure food handler in food premise refrains from conduct that could result in contamination of food areas - Sec. 33(1)(h) 
MEATPOINT,2025-04-23,C - Crucial,43.72768984698008,-79.47878495490633,Fail to ensure food handler in food premise washes hands as necessary to prevent contamination of food areas - Sec.  33(1)(e)
MEATPOINT,2025-04-23,C - Crucial,43.727833129587026,-79.47879263014357,Maintain potentially hazardous foods at internal temperature between 4 C and 60 C -  Sec. 27(1)
MR TONKATSU,2025-04-23,C - Crucial,43.66549302473267,-79.4112410108198,Fail to ensure food handler in food premise washes hands as necessary to prevent contamination of food - Sec. 33(1)(e) 
MR TONKATSU,2025-04-23,C - Crucial,43.66552894349968,-79.41108437488228,Distribute potentially hazardous foods at internal temperature between 4 C and 60 C - Sec. 27(1)
SAINT GERMAIN,2025-04-24,C - Crucial,43.65341327814133,-79.38075624768352,Store ice in unsanitary manner - Sec.  26(5) 
TASTE SEDUCTION,2025-04-23,C - Crucial,43.66601155397252,-79.46418839402371,Hot-holding potentially hazardous foods at internal temperature below 60 C - Sec. 30(a)
TASTE SEDUCTION,2025-04-23,C - Crucial,43.66669126865797,-79.46546170054889,Fail to protect food from contamination or adulteration - Sec. 26(1) 
THE KABOB GUYS,2025-04-24,C - Crucial,43.64809325664688,-79.39568720818482,Store potentially hazardous foods at internal temperature between 4 C and 60 C - Sec. 27(1)
WOK & BOWL,2025-04-23,C - Crucial,43.718211605053696,-79.43030366350946,Food premise maintained in manner permitting adverse effect on food - Sec. 7(1)(a)(iii) 
ZHANGLIANG SPICY HOTPOT,2025-04-23,C - Crucial,43.77684456281897,-79.4144353149539,Maintain potentially hazardous foods at internal temperature between 4 C and 60 C -  Sec. 27(1)
ZHANGLIANG SPICY HOTPOT,2025-04-23,C - Crucial,43.77693806943554,-79.414376036809,Fail to ensure food handler in food premise washes hands as necessary to prevent contamination of food - Sec. 33(1)(e) 
COMMA,2025-04-24,C - Crucial,43.64787867486286,-79.40095111220327,Store ice in unsanitary manner - Sec.  26(5) 
DADDY'S CHICKEN,2025-04-25,C - Crucial,43.66402647518782,-79.32879910512838,Fail to protect food from contamination or adulteration - Sec. 26(1) 
FRANCOBOLLO,2025-04-24,C - Crucial,43.73435991364745,-79.4189862434455,Fail to ensure food handler in food premise washes hands as necessary to prevent contamination of food - Sec. 33(1)(e) 
FRANCOBOLLO,2025-04-24,C - Crucial,43.73413295145391,-79.4195759415597,Fail to protect food from contamination or adulteration - Sec. 26(1) 
FRANCOBOLLO,2025-04-24,C - Crucial,43.734576630268656,-79.41943638118975,Store ice in unsanitary manner - Sec.  26(5) 
FRANCOBOLLO,2025-04-24,C - Crucial,43.73387501328998,-79.41957342378032,Store potentially hazardous foods at internal temperature between 4 C and 60 C - Sec. 27(1)
HOT WOK,2025-04-25,C - Crucial,43.76915343399023,-79.28204930212061,Fail to protect food from contamination or adulteration - Sec. 26(1) 
INSIDE LAGOS KITCHEN,2025-04-25,C - Crucial,43.764839045504225,-79.48956055208455,Fail to ensure food handler in food premise washes hands as necessary to prevent contamination of food - Sec. 33(1)(e) 
INSIDE LAGOS KITCHEN,2025-04-25,C - Crucial,43.76514516227398,-79.49049685550247,Fail to protect food from contamination or adulteration - Sec. 26(1) 
MANGO SUSHI,2025-04-25,C - Crucial,43.681935069374546,-79.3307983419587,Food premise maintained in manner permitting adverse effect on food - Sec. 7(1)(a)(iii) 
MANGO THAI KITCHEN,2025-04-25,C - Crucial,43.71732886082935,-79.44711122004686,Store potentially hazardous foods at internal temperature between 4 C and 60 C - Sec. 27(1)
MORGANS ON THE DANFORTH,2025-04-25,C - Crucial,43.682279206041166,-79.33040401336686,Food premise maintained in manner permitting adverse effect on food - Sec. 7(1)(a)(iii) 
SILVER SPOON,2025-04-25,C - Crucial,43.79125743502677,-79.25126950642851,Sell potentially hazardous foods at internal temperature between 4 C and 60 C - Sec. 27(1)
The Jerk Box,2025-04-25,C - Crucial,43.70287376497051,-79.50461626729646,Fail to protect food from contamination or adulteration - Sec. 26(1) 
The Jerk Box,2025-04-25,C - Crucial,43.70258166991118,-79.50368879527872,Store potentially hazardous foods at internal temperature between 4 C and 60 C - Sec. 27(1)
THE RIVIERA,2025-04-28,C - Crucial,43.62723057643379,-79.35669035548975,Store potentially hazardous foods at internal temperature between 4 C and 60 C - Sec. 27(1)
WAN2 FOOD MART,2025-04-28,C - Crucial,43.67170975957163,-79.37208511468913,Fail to protect food from contamination or adulteration - Sec. 26(1) 
FALAFEL & GRILL EXPRESS,2025-04-29,C - Crucial,43.764458305708075,-79.48997898932994,Refrigerate potentially hazardous foods at internal temperature above 4 C - Sec. 30(a)
HYDERABAD CAFE,2025-04-29,C - Crucial,43.73550780614426,-79.25305276887464,Fail to protect food from contamination or adulteration - Sec. 26(1) 
KANGA RESTAURANT,2025-04-29,C - Crucial,43.710507825740805,-79.29640271033257,Refrigerate potentially hazardous foods at internal temperature above 4 C - Sec. 30(a)
NAIJA JOLLOF,2025-04-29,C - Crucial,43.765117565046225,-79.48989629701072,Fail to process food in manner safe to eat - Sec. 26(2)
NAIJA JOLLOF,2025-04-29,C - Crucial,43.764553597533805,-79.49030366017888,Refrigerate potentially hazardous foods at internal temperature above 4 C - Sec. 30(a)
SADIO RESTAURANT,2025-04-29,C - Crucial,43.65779941276338,-79.36553995053795,Store potentially hazardous foods at internal temperature between 4 C and 60 C - Sec. 27(1)
SADIO RESTAURANT,2025-04-29,C - Crucial,43.65783917323903,-79.36557377410904,Fail to ensure food handler in food premise washes hands as necessary to prevent contamination of food areas - Sec.  33(1)(e)
SARANG KITCHEN,2025-04-26,C - Crucial,43.6795260574565,-79.3421079379362,Fail to ensure room kept free from live birds or animals - Sec. 14(1)
TED'S RESTAURANT,2025-04-29,C - Crucial,43.7843695844908,-79.16926711236366,Food premise maintained in manner to permit contamination of single-service containers - Sec. 7(1)(h)  
Fusion Supermarket,2025-04-30,C - Crucial,43.80086740034045,-79.20014355341858,Food premise maintained in manner to permit contamination of single-service containers - Sec. 7(1)(h)  
KOZ BINGOL EXPRESS,2025-04-30,C - Crucial,43.647541940198245,-79.40416484608951,Fail to protect food from contamination or adulteration - Sec. 26(1) 
MOMOTARO SUSHI,2025-04-30,C - Crucial,43.6652089832601,-79.46676612444412,Fail to protect food from contamination or adulteration - Sec. 26(1) 
N'JOY SHAWARMA,2025-04-30,C - Crucial,43.72100415409105,-79.45552602217874,Store potentially hazardous foods at internal temperature between 4 C and 60 C - Sec. 27(1)
N'JOY SHAWARMA,2025-04-30,C - Crucial,43.721029014484735,-79.45562365686538,Fail to ensure food handler in food premise washes hands as necessary to prevent contamination of food - Sec. 33(1)(e) 
N'JOY SHAWARMA,2025-04-30,C - Crucial,43.721020690319776,-79.45568289793172,Fail to protect food from contamination or adulteration - Sec. 26(1) 
DADDY'S CHICKEN,2025-05-01,C - Crucial,43.663826601240615,-79.32873374705835,Fail to protect food from contamination or adulteration - Sec. 26(1) 
Family Restaurant Wok & Fortune,2025-05-01,C - Crucial,43.73979317270765,-79.23772636612293,Fail to protect food from contamination or adulteration - Sec. 26(1) 
Jacky's Seafood Restaurant,2025-05-01,C - Crucial,43.80899259098718,-79.2900109917552,Food premise maintained in manner permitting adverse effect on food - Sec. 7(1)(a)(iii) 
MONKEY SUSHI,2025-05-01,C - Crucial,43.67493865941189,-79.38879708951845,Store potentially hazardous foods at internal temperature between 4 C and 60 C - Sec. 27(1)
JAVA JOE'S,2025-05-02,C - Crucial,43.64365032513752,-79.3897860370367,Store potentially hazardous foods at internal temperature between 4 C and 60 C - Sec. 27(1)
RAMEN X REMIX,2025-05-02,C - Crucial,43.648818573658815,-79.39820668006158,Store ice in unsanitary manner - Sec.  26(5) 
THE TUMMY SECTION BY DELHI BOYZ,2025-05-05,C - Crucial,43.654182693449066,-79.45134866731681,Store potentially hazardous foods at internal temperature between 4 C and 60 C - Sec. 27(1)
THE WORKS,2025-05-05,C - Crucial,43.64841719121151,-79.3744829805571,Store potentially hazardous foods at internal temperature between 4 C and 60 C - Sec. 27(1)
A CORNER CAFE AND RESTAURANT,2025-05-06,C - Crucial,43.76968866605715,-79.4129386680607,Store ice in unsanitary manner - Sec.  26(5) 
DUFFERIN MEAT MARKET,2025-05-07,C - Crucial,43.70925347703698,-79.45356079177162,Fail to protect food from contamination or adulteration - Sec. 26(1) 
HUTCHIE CATERING AND CARIBBEAN RESTAURANT,2025-05-07,C - Crucial,43.683344580559286,-79.29999206519008,Fail to protect food from contamination or adulteration - Sec. 26(1) 
IMPERFECT FRESH EATS,2025-05-07,C - Crucial,43.76231880728776,-79.41062187720063,Fail to ensure storage racks designed to protect against contamination - Sec. 31
IMPERFECT FRESH EATS,2025-05-07,C - Crucial,43.762436323649936,-79.41050797503743,Hot-holding potentially hazardous foods at internal temperature below 60 C - Sec. 30(a)
JAVA CAFE,2025-05-07,C - Crucial,43.64813725577619,-79.3997861983419,Fail to protect food from contamination or adulteration - Sec. 26(1) 
SALMA CAFE & RESTAURANT,2025-05-07,C - Crucial,43.70106602556077,-79.51752835707009,Store potentially hazardous foods at internal temperature between 4 C and 60 C - Sec. 27(1)
SALMA CAFE & RESTAURANT,2025-05-07,C - Crucial,43.70102936651415,-79.5179141598814,Maintain potentially hazardous foods at internal temperature between 4 C and 60 C -  Sec. 27(1)
SALMA CAFE & RESTAURANT,2025-05-07,C - Crucial,43.70087159082768,-79.51803324653356,Fail to protect food from contamination or adulteration - Sec. 26(1) 
YUK YUK'S,2025-05-06,C - Crucial,43.64979131543589,-79.38865774063011,Store ice in unsanitary manner - Sec.  26(5) 
HAYMISHE BAKERY,2025-05-08,C - Crucial,43.71796353558499,-79.42926082973744,Food premise maintained in manner permitting adverse effect on food - Sec. 7(1)(a)(iii) 
PASTABLE,2025-05-08,C - Crucial,43.700496873813535,-79.51688446869568,Store potentially hazardous foods at internal temperature between 4 C and 60 C - Sec. 27(1)
PASTABLE,2025-05-08,C - Crucial,43.70057299175961,-79.51742288512798,Fail to protect food from contamination or adulteration - Sec. 26(1) 
PASTABLE,2025-05-08,C - Crucial,43.70045930232225,-79.51671294428506,Refrigerate potentially hazardous foods at internal temperature above 4 C - Sec. 30(a)
VATICANO RISTORANTE,2025-05-08,C - Crucial,43.67092717450605,-79.39086601864804,Fail to protect food from contamination or adulteration - Sec. 26(1) 
J & T JAMAICAN RESTAURANT,2025-05-09,C - Crucial,43.70041893162801,-79.5176477236753,Store potentially hazardous foods at internal temperature between 4 C and 60 C - Sec. 27(1)
KOZAK KAPADOKYA,2025-05-09,C - Crucial,43.76309196126921,-79.49168642711247,Refrigerate potentially hazardous foods at internal temperature above 4 C - Sec. 30(a)
KOZAK KAPADOKYA,2025-05-09,C - Crucial,43.76280761329334,-79.49126469886956,Fail to protect food from contamination or adulteration - Sec. 26(1) 
PUNJABI CHAAP CORNER,2025-05-12,C - Crucial,43.65778182406412,-79.38400511524887,Food premise maintained in manner permitting adverse effect on food - Sec. 7(1)(a)(iii) 
SAM'S FOOD STORE,2025-05-09,C - Crucial,43.662473057819604,-79.35838984385471,Offer for sale potentially hazardous foods at internal temperature between 4 C and 60 C - Sec. 27(1)
STEELES BAKERY,2025-05-12,C - Crucial,43.79113997199758,-79.44588111872869,Fail to ensure food handler in food premise refrains from conduct that could result in contamination of food - Sec. 33(1)(h) 
WHAT A BAGEL,2025-05-12,C - Crucial,43.7810764457423,-79.47054649980322,Fail to protect food from contamination or adulteration - Sec. 26(1) 
WHAT A BAGEL,2025-05-12,C - Crucial,43.78067173629952,-79.46984403449821,Refrigerate potentially hazardous foods at internal temperature above 4 C - Sec. 30(a)
CALIFORNIA THAI,2025-05-13,C - Crucial,43.65687068629788,-79.38070666966614,Fail to protect food from contamination or adulteration - Sec. 26(1) 
LAJAWAB BIRYANI N GRILLS INC,2025-05-13,C - Crucial,43.654768617594115,-79.40894703272312,Fail to protect food from contamination or adulteration - Sec. 26(1) 
TAVORA BBQ CHICKEN & GRILL,2025-05-13,C - Crucial,43.67441465483236,-79.45671491964549,Store potentially hazardous foods at internal temperature between 4 C and 60 C - Sec. 27(1)
TAVORA BBQ CHICKEN & GRILL,2025-05-13,C - Crucial,43.6744566094279,-79.45669274833152,Fail to protect food from contamination or adulteration - Sec. 26(1) 
GRAB & GO DESHI KITCHEN,2025-05-13,C - Crucial,43.66010020908914,-79.34301688041631,Offer for sale potentially hazardous foods at internal temperature between 4 C and 60 C - Sec. 27(1)
GRAB & GO DESHI KITCHEN,2025-05-13,C - Crucial,43.660274225187834,-79.34272721958622,Operate food premise --- refrigeration equipment for potentially hazardous food not of sufficient size - Sec. 30(a)
GRAB & GO DESHI KITCHEN,2025-05-13,C - Crucial,43.66054146952925,-79.34320507651566,Fail to process food in manner safe to eat - Sec. 26(2)
GRAB & GO DESHI KITCHEN,2025-05-13,C - Crucial,43.660109274346816,-79.34301809900832,Fail to obtain food from source subject to inspection - Sec. 29(1)  
LIBERTY SHAWARMA,2025-05-14,C - Crucial,43.641035256499585,-79.39368982578601,Refrigerate potentially hazardous foods at internal temperature above 4 C - Sec. 30(a)
PI CO.,2025-05-14,C - Crucial,43.777786638256494,-79.34428355563466,Refrigerate potentially hazardous foods at internal temperature above 4 C - Sec. 30(a)
SHAHI RASOI,2025-05-14,C - Crucial,43.70607710741633,-79.34593819165435,Store potentially hazardous foods at internal temperature between 4 C and 60 C - Sec. 27(1)
TWO BROTHERS SHAWARMA,2025-05-14,C - Crucial,43.68937266562376,-79.29518209833024,Refrigerate potentially hazardous foods at internal temperature above 4 C - Sec. 30(a)
SIENNA SENIOR LIVING,2025-05-15,C - Crucial,43.75721770868832,-79.52616832574394,Refrigerate potentially hazardous foods at internal temperature above 4 C - Sec. 30(a)
ST CLAIR BAKERY,2025-05-15,C - Crucial,43.675003562190305,-79.45765801027923,Fail to protect food from contamination or adulteration - Sec. 26(1) 
CRAB BOIL,2025-05-16,C - Crucial,43.71067717842999,-79.53510572745324,Refrigerate potentially hazardous foods at internal temperature above 4 C - Sec. 30(a)
CRAB BOIL,2025-05-16,C - Crucial,43.71041179922927,-79.53542361539147,Fail to protect food from contamination or adulteration - Sec. 26(1) 
ELEMENT LOUNGE & RESTAURANT,2025-05-15,C - Crucial,43.757093721953716,-79.52869608050784,Fail to protect food from contamination or adulteration - Sec. 26(1) 
ELEMENT LOUNGE & RESTAURANT,2025-05-15,C - Crucial,43.75673173904348,-79.52851076615605,Refrigerate potentially hazardous foods at internal temperature above 4 C - Sec. 30(a)
ELEMENT LOUNGE & RESTAURANT,2025-05-15,C - Crucial,43.75689777583075,-79.52901182196287,Store ice in unsanitary manner - Sec.  26(5) 
THE BIRYANI WALLA/CHICHA'S,2025-05-16,C - Crucial,43.75069163400789,-79.27705287020734,Refrigerate potentially hazardous foods at internal temperature above 4 C - Sec. 30(a)
KA CHI KOREAN RESTAURANT,2025-05-20,C - Crucial,43.653063327338316,-79.39476945032058,Fail to protect food from contamination or adulteration - Sec. 26(1) 
KA CHI KOREAN RESTAURANT,2025-05-20,C - Crucial,43.653633915482914,-79.39500012754907,Store potentially hazardous foods at internal temperature between 4 C and 60 C - Sec. 27(1)
MAGICAL TASTE OF CHINA,2025-05-20,C - Crucial,43.65368380738283,-79.39689398537662,Fail to protect food from contamination or adulteration - Sec. 26(1) 
Triple Tree Sports Bar & Grill,2025-05-20,C - Crucial,43.67836867145922,-79.44001756296743,Food premise maintained in manner permitting adverse effect on food - Sec. 7(1)(a)(iii) 
HAZUKIDO UNION STATION,2025-05-21,C - Crucial,43.64533940586651,-79.38096893662097,Fail to protect food from contamination or adulteration - Sec. 26(1) 
UDUPI PALACE VEGETARIAN,2025-05-21,C - Crucial,43.67248233534716,-79.32306951115399,Fail to protect food from contamination or adulteration - Sec. 26(1) 
UDUPI PALACE VEGETARIAN,2025-05-21,C - Crucial,43.67214393484198,-79.32264796156076,Store potentially hazardous foods at internal temperature between 4 C and 60 C - Sec. 27(1)
ANGARA,2025-05-22,C - Crucial,43.65046071855835,-79.60352503029686,Fail to ensure food handler in food premise washes hands as necessary to prevent contamination of food - Sec. 33(1)(e) 
ANGARA,2025-05-22,C - Crucial,43.64996990282928,-79.60323754027652,Fail to protect food from contamination or adulteration - Sec. 26(1) 
THE BIRYANI WALLA,2025-05-22,C - Crucial,43.728917869393996,-79.4030200690673,Fail to protect food from contamination or adulteration - Sec. 26(1) 
BHOJAN GHAR,2025-05-23,C - Crucial,43.68504171068253,-79.31731286029586,Fail to protect food from contamination or adulteration - Sec. 26(1) 
INDIAN RASOI,2025-05-23,C - Crucial,43.671933780258705,-79.32186555178679,Fail to protect food from contamination or adulteration - Sec. 26(1) 
FARM BOY,2025-05-23,C - Crucial,43.703938903574404,-79.39723186213739,Fail to protect food from contamination or adulteration - Sec. 26(1) 
BOYO AFRICAN SUPERSTORE,2025-05-29,C - Crucial,43.75955004388639,-79.57082535404561,Maintain potentially hazardous foods at internal temperature between 4 C and 60 C -  Sec. 27(1)
CITY SOUTH PIZZA,2025-05-29,C - Crucial,43.73077511334888,-79.6003538532456,Fail to protect food from contamination or adulteration - Sec. 26(1) 
DAKGOGI,2025-05-28,C - Crucial,43.665121351017845,-79.38325458833944,Fail to protect food from contamination or adulteration - Sec. 26(1) 
DOMINO'S,2025-05-29,C - Crucial,43.68374144372425,-79.39221483593634,Refrigerate potentially hazardous foods at internal temperature above 4 C - Sec. 30(a)
EAT BKK THAI KITCHEN,2025-05-26,C - Crucial,43.79591589289322,-79.41958386609657,Fail to protect food from contamination or adulteration - Sec. 26(1) 
FIRKIN ON THE DANFORTH,2025-05-28,C - Crucial,43.685491177138495,-79.31309127183785,Maintain potentially hazardous foods at internal temperature between 4 C and 60 C -  Sec. 27(1)
FIRKIN ON THE DANFORTH,2025-05-28,C - Crucial,43.684855146712934,-79.3131533408413,Fail to protect food from contamination or adulteration - Sec. 26(1) 
FORTUNE SEAFOOD RESTAURANT,2025-05-26,C - Crucial,43.81426815318816,-79.29165463338084,Fail to protect food from contamination or adulteration - Sec. 26(1) 
INDIA PAAN,2025-05-29,C - Crucial,43.67213282804682,-79.32223044397938,Fail to protect food from contamination or adulteration - Sec. 26(1) 
INDIA PAAN,2025-05-29,C - Crucial,43.67234202802894,-79.3222246898369,Display potentially hazardous foods at internal temperature between 4 C and 60 C - Sec. 27(1)
KAITO SUSHI,2025-05-28,C - Crucial,43.67719556957103,-79.4449839387325,Fail to protect food from contamination or adulteration - Sec. 26(1) 
KATHMANDU RESTAURANT,2025-05-27,C - Crucial,43.67114545750998,-79.38813607289045,Fail to protect food from contamination or adulteration - Sec. 26(1) 
LAHORE BBQ AND PAAN CENTRE,2025-05-29,C - Crucial,43.67216852085128,-79.32211799499235,Food premise maintained in manner to permit contamination of single-service containers - Sec. 7(1)(h)  
LAHORE BBQ AND PAAN CENTRE,2025-05-29,C - Crucial,43.671943654390276,-79.32209064034956,Store potentially hazardous foods at internal temperature between 4 C and 60 C - Sec. 27(1)
PAPE VILLAGE ORIGINAL GREEK RESTAURANT,2025-05-28,C - Crucial,43.6867965567959,-79.3479440781336,Fail to protect food from contamination or adulteration - Sec. 26(1) 
PAPE VILLAGE ORIGINAL GREEK RESTAURANT,2025-05-28,C - Crucial,43.68672670151846,-79.34808089276937,Maintain potentially hazardous foods at internal temperature between 4 C and 60 C -  Sec. 27(1)
SAM'S FOOD STORE,2025-05-27,C - Crucial,43.65799976178078,-79.37114069445808,Fail to protect food from contamination or adulteration - Sec. 26(1) 
W.A.CAFE,2025-05-27,C - Crucial,43.73016631415949,-79.43442115723194,Fail to ensure food handler in food premise washes hands as necessary to prevent contamination of food - Sec. 33(1)(e) 
W.A.CAFE,2025-05-27,C - Crucial,43.73034867833656,-79.43417990565185,Sell potentially hazardous foods at internal temperature between 4 C and 60 C - Sec. 27(1)
WAN2 FOOD MART,2025-05-27,C - Crucial,43.67179782211763,-79.37232286094672,Fail to protect food from contamination or adulteration - Sec. 26(1) 
DHAKA KITCHEN,2025-05-30,C - Crucial,43.70492770101588,-79.28875230666297,Maintain potentially hazardous foods at internal temperature between 4 C and 60 C -  Sec. 27(1)
DATTA FOOD MANUFACTORY,2025-06-02,C - Crucial,43.81113096173665,-79.25721440152857,Store potentially hazardous foods at internal temperature between 4 C and 60 C - Sec. 27(1)
Kairali,2025-06-02,C - Crucial,43.75479454827737,-79.27734008043763,Maintain potentially hazardous foods at internal temperature between 4 C and 60 C -  Sec. 27(1)
Kairali,2025-06-02,C - Crucial,43.75411058653916,-79.27694299414549,Fail to protect food from contamination or adulteration - Sec. 26(1) 
LAHORE TIKKA HOUSE,2025-05-30,C - Crucial,43.671229605445134,-79.32433989485035,Fail to protect food from contamination or adulteration - Sec. 26(1) 
LAHORE TIKKA HOUSE,2025-05-30,C - Crucial,43.67117823471433,-79.32415460708908,Store ice in unsanitary manner - Sec.  26(5) 
TAGPUAN 5,2025-06-02,C - Crucial,43.65713221360576,-79.3812290120212,Fail to protect food from contamination or adulteration - Sec. 26(1) 
TAGPUAN 5,2025-06-02,C - Crucial,43.65693701661658,-79.38078872185639,Store potentially hazardous foods at internal temperature between 4 C and 60 C - Sec. 27(1)
INDIA PAAN,2025-06-03,C - Crucial,43.67131750052515,-79.3220825381882,Store potentially hazardous foods at internal temperature between 4 C and 60 C - Sec. 27(1)
INDIA PAAN,2025-06-03,C - Crucial,43.67133436220273,-79.32196676847194,Fail to protect food from contamination or adulteration - Sec. 26(1) 
J STAR CAFE,2025-06-03,C - Crucial,43.736274730974955,-79.25026522831462,Food premise maintained in manner to permit contamination of single-service articles - Sec. 7(1)(h)  
ROCCO'S PLUM TOMATO,2025-06-03,C - Crucial,43.63004541635775,-79.48509213923741,Store potentially hazardous foods at internal temperature between 4 C and 60 C - Sec. 27(1)
CANTON KITCHEN,2025-06-04,C - Crucial,43.79813329502774,-79.27101106060728,Fail to ensure food handler in food premise washes hands as necessary to prevent contamination of food - Sec. 33(1)(e) 
CANTON KITCHEN,2025-06-04,C - Crucial,43.79824381938655,-79.2715850600066,Store potentially hazardous foods at internal temperature between 4 C and 60 C - Sec. 27(1)
CANTON KITCHEN,2025-06-04,C - Crucial,43.797730433052116,-79.27113126570774,Maintain potentially hazardous foods at internal temperature between 4 C and 60 C -  Sec. 27(1)
FULL HOUSE CHINESE,2025-06-04,C - Crucial,43.803731531096815,-79.28751707218962,Food premise maintained in manner permitting adverse effect on food - Sec. 7(1)(a)(iii) 
GOOD BITE RESTAURANT,2025-06-04,C - Crucial,43.711905815089345,-79.3996090365108,Fail to protect food from contamination or adulteration - Sec. 26(1) 
JOEY YORKDALE,2025-06-04,C - Crucial,43.72628328907456,-79.45100837421737,Maintain potentially hazardous foods at internal temperature between 4 C and 60 C -  Sec. 27(1)
KACHIGUDA JUNCTION,2025-06-04,C - Crucial,43.79347313484882,-79.3297111623854,Maintain potentially hazardous foods at internal temperature between 4 C and 60 C -  Sec. 27(1)
LAZY SHACK/Mala Boy Restaurant,2025-06-04,C - Crucial,43.65582175420641,-79.39159836545689,Fail to protect food from contamination or adulteration - Sec. 26(1) 
LEELA INDIAN FOOD BAR,2025-06-04,C - Crucial,43.66561156816833,-79.47375149022145,Store potentially hazardous foods at internal temperature between 4 C and 60 C - Sec. 27(1)
MANDIAFANDI,2025-06-04,C - Crucial,43.70788744970947,-79.34340278031539,Refrigerate potentially hazardous foods at internal temperature above 4 C - Sec. 30(a)
REAL FRUIT BUBBLE TEA,2025-06-04,C - Crucial,43.72641855651083,-79.45151681934254,Fail to ensure food handler in food premise washes hands as necessary to prevent contamination of food - Sec. 33(1)(e) 
RUTH'S CATERING AND TAKEOUT,2025-06-04,C - Crucial,43.774007649553155,-79.24144914115593,Maintain potentially hazardous foods at internal temperature between 4 C and 60 C -  Sec. 27(1)
RUTH'S CATERING AND TAKEOUT,2025-06-04,C - Crucial,43.77434001326704,-79.2411884295045,Fail to protect food from contamination or adulteration - Sec. 26(1) 
EGGLICIOUS CAFE,2025-06-05,C - Crucial,43.60685042827681,-79.5209182830686,Food premise maintained in manner permitting adverse effect on food - Sec. 7(1)(a)(iii) 
GINZA SUSHI,2025-06-05,C - Crucial,43.7880580067226,-79.38113861912366,Fail to ensure food handler in food premise washes hands as necessary to prevent contamination of food areas - Sec.  33(1)(e)
SUN-UP BARBECUE CO,2025-06-05,C - Crucial,43.72749937710181,-79.4312342933545,Store potentially hazardous foods at internal temperature between 4 C and 60 C - Sec. 27(1)
SUN-UP BARBECUE CO,2025-06-05,C - Crucial,43.72727084928257,-79.431573438394,Food premise maintained in manner permitting adverse effect on food - Sec. 7(1)(a)(iii) 
SUN-UP BARBECUE CO,2025-06-05,C - Crucial,43.72648666413067,-79.43102572707927,Food premise maintained in manner to permit contamination of single-service containers - Sec. 7(1)(h)  
SUN-UP BARBECUE CO,2025-06-05,C - Crucial,43.727167426842634,-79.43084135024796,Fail to protect food from contamination or adulteration - Sec. 26(1) 
SUN-UP BARBECUE CO,2025-06-05,C - Crucial,43.726729931806474,-79.43133562549589,Fail to ensure food handler in food premise washes hands as necessary to prevent contamination of food - Sec. 33(1)(e) 
GUELAGUETZA RESTAURANT & GRILL,2025-06-04,C - Crucial,43.70462687937721,-79.5040912262645,Refrigerate potentially hazardous foods at internal temperature above 4 C - Sec. 30(a)
PALMYRA MEDITERRANEAN HOUSE,2025-06-06,C - Crucial,43.649927079705215,-79.60373345710761,Store potentially hazardous foods at internal temperature between 4 C and 60 C - Sec. 27(1)
THE HOMEWAY,2025-06-06,C - Crucial,43.71258613295563,-79.39124858719748,Fail to ensure food handler in food premise washes hands as necessary to prevent contamination of food - Sec. 33(1)(e) 
THE HOMEWAY,2025-06-06,C - Crucial,43.71252044928163,-79.39156409880596,Food premise maintained in manner permitting adverse effect on food - Sec. 7(1)(a)(iii) 
THE HOMEWAY,2025-06-06,C - Crucial,43.71312121668251,-79.39181197282397,Store potentially hazardous foods at internal temperature between 4 C and 60 C - Sec. 27(1)
GRODZINSKI,2025-06-09,C - Crucial,43.72777013199746,-79.4309980429439,Fail to protect food from contamination or adulteration - Sec. 26(1) 
KORDOG,2025-06-09,C - Crucial,43.65761034408072,-79.38052694339466,Maintain potentially hazardous foods at internal temperature between 4 C and 60 C -  Sec. 27(1)
SHATTER ABBAS PERSIAN CUISINE,2025-06-10,C - Crucial,43.76996060565073,-79.37454543298611,Fail to protect food from contamination or adulteration - Sec. 26(1) 
SWATOW RESTAURANT,2025-06-10,C - Crucial,43.653403595445994,-79.39875622740327,Fail to protect food from contamination or adulteration - Sec. 26(1) 
BEST FRESH BUY MARKET,2025-06-11,C - Crucial,43.71134392502123,-79.39901426274142,Distribute potentially hazardous foods at internal temperature between 4 C and 60 C - Sec. 27(1)
BEST FRESH BUY MARKET,2025-06-11,C - Crucial,43.711060662627666,-79.39866378045552,Food premise maintained in manner permitting adverse effect on food - Sec. 7(1)(a)(iii) 
MESOBS RESTAURANT INC.,2025-06-11,C - Crucial,43.65846148353422,-79.4428696637561,Maintain potentially hazardous foods at internal temperature between 4 C and 60 C -  Sec. 27(1)
THE BRADGATE ARMS,2025-06-11,C - Crucial,43.685740061242974,-79.40086355191201,Fail to protect food from contamination or adulteration - Sec. 26(1) 
VESTA LUNCH,2025-06-11,C - Crucial,43.67283799293519,-79.4139564082612,Fail to protect food from contamination or adulteration - Sec. 26(1) 
VESTA LUNCH,2025-06-11,C - Crucial,43.67298906210485,-79.41488867161054,Hot-holding potentially hazardous foods at internal temperature below 60 C - Sec. 30(a)
VESTA LUNCH,2025-06-11,C - Crucial,43.673807359410645,-79.41392638423608,Refrigerate potentially hazardous foods at internal temperature above 4 C - Sec. 30(a)
XPRESS TROPICAL FOODS & MEAT,2025-06-11,C - Crucial,43.70320539872706,-79.50396859293224,Fail to obtain food from source subject to inspection - Sec. 29(1)  
CASA MANILA,2025-06-11,C - Crucial,43.67843703293169,-79.34921294728008,Fail to protect food from contamination or adulteration - Sec. 26(1) 
HAVEN TORONTO,2025-06-12,C - Crucial,43.65574291671507,-79.37432708826903,Fail to protect food from contamination or adulteration - Sec. 26(1) 
MR DIZI,2025-06-12,C - Crucial,43.76711864646294,-79.46996026948165,Fail to process food in manner safe to eat - Sec. 26(2)
MR DIZI,2025-06-12,C - Crucial,43.76738349356856,-79.47009767511372,Fail to protect food from contamination or adulteration - Sec. 26(1) 
TASTY SHAWARMA AND GRILL,2025-06-12,C - Crucial,43.68684269188243,-79.39384861720939,Refrigerate potentially hazardous foods at internal temperature above 4 C - Sec. 30(a)
THE OVEN FRESH,2025-06-12,C - Crucial,43.77899466695979,-79.30607319580406,Maintain potentially hazardous foods at internal temperature between 4 C and 60 C -  Sec. 27(1)
FAT BASTARD BURRITO CO.,2025-06-13,C - Crucial,43.650346672320445,-79.48325183959257,Fail to process food in manner safe to eat - Sec. 26(2)
FAT BASTARD BURRITO CO.,2025-06-13,C - Crucial,43.650690754840916,-79.4828862750384,Distribute potentially hazardous foods at internal temperature between 4 C and 60 C - Sec. 27(1)
FOODY MART,2025-06-13,C - Crucial,43.815871815526066,-79.32224143787093,Maintain potentially hazardous foods at internal temperature between 4 C and 60 C -  Sec. 27(1)
HI YOGURT,2025-06-13,C - Crucial,43.7762532933635,-79.41517511917098,Fail to protect food from contamination or adulteration - Sec. 26(1) 
HI YOGURT,2025-06-13,C - Crucial,43.77596443809088,-79.41520106233511,Fail to ensure food handler in food premise washes hands as necessary to prevent contamination of food - Sec. 33(1)(e) 
CHACHEE'S CHAI CAFE,2025-06-16,C - Crucial,43.708047675677875,-79.34276978163577,Store potentially hazardous foods at internal temperature between 4 C and 60 C - Sec. 27(1)
DR. LAFFA ON THE GO,2025-06-16,C - Crucial,43.729270739836764,-79.4318505276576,Maintain potentially hazardous foods at internal temperature between 4 C and 60 C -  Sec. 27(1)
DR. LAFFA ON THE GO,2025-06-16,C - Crucial,43.72945611844034,-79.43175929500515,Fail to process food in manner safe to eat - Sec. 26(2)
ELFS STUCCO EMPLOYERS SOCIETY,2025-06-16,C - Crucial,43.76320390588506,-79.4894348070153,Refrigerate potentially hazardous foods at internal temperature above 4 C - Sec. 30(a)
JEYAM DINING AND CATERING,2025-06-13,C - Crucial,43.763587758706734,-79.30044045708983,Maintain potentially hazardous foods at internal temperature between 4 C and 60 C -  Sec. 27(1)
ONKOD,2025-06-16,C - Crucial,43.69785912085197,-79.51027490909277,Refrigerate potentially hazardous foods at internal temperature above 4 C - Sec. 30(a)
ONKOD,2025-06-16,C - Crucial,43.697346484170424,-79.5105404013159,"Fail to subject meat products to process to destroy bacteria, parasites and other forms of contamination - Sec. 36(1)  "
WU MING HOT POT,2025-06-16,C - Crucial,43.778427588240014,-79.41447655114396,Fail to protect food from contamination or adulteration - Sec. 26(1) 
BIRYANIS AND MORE,2025-06-17,C - Crucial,43.774177894228785,-79.32229917241276,Maintain potentially hazardous foods at internal temperature between 4 C and 60 C -  Sec. 27(1)
ISLAND PRINCESS,2025-06-17,C - Crucial,43.63778360965978,-79.39087881165001,Food premise maintained in manner permitting health hazard - Sec. 7(1)(a)(i)    
EASTDALE COLLEGIATE INSTITUTE,2025-06-18,C - Crucial,43.66565750370722,-79.34862690937673,Store potentially hazardous foods at internal temperature between 4 C and 60 C - Sec. 27(1)
PI-CO,2025-06-18,C - Crucial,43.726160650707726,-79.45149605695427,Display potentially hazardous foods at internal temperature between 4 C and 60 C - Sec. 27(1)
THE HERITAGE CAFE & KITCHEN,2025-06-17,C - Crucial,43.65578397032981,-79.36358274149923,Food premise maintained in manner to permit contamination of single-service articles - Sec. 7(1)(h)  
THE HERITAGE CAFE & KITCHEN,2025-06-17,C - Crucial,43.655804119907,-79.36370591245937,Store potentially hazardous foods at internal temperature between 4 C and 60 C - Sec. 27(1)
EL MESON DEL CHARRO,2025-06-18,C - Crucial,43.70759306513716,-79.5053672312666,Fail to protect food from contamination or adulteration - Sec. 26(1) 
EL MESON DEL CHARRO,2025-06-18,C - Crucial,43.70754258032239,-79.50517573299832,Store potentially hazardous foods at internal temperature between 4 C and 60 C - Sec. 27(1)
EL MESON DEL CHARRO,2025-06-18,C - Crucial,43.70731189760652,-79.50491982734331,Refrigerate potentially hazardous foods at internal temperature above 4 C - Sec. 30(a)
FOOD WORLD,2025-06-19,C - Crucial,43.73487527256291,-79.60410417755216,Fail to protect food from contamination or adulteration - Sec. 26(1) 
SUBWAY,2025-06-19,C - Crucial,43.68518559691401,-79.52393602187212,Store potentially hazardous foods at internal temperature between 4 C and 60 C - Sec. 27(1)
EURO DELI LTD,2025-06-20,C - Crucial,43.68488730894592,-79.52447174213852,Fail to protect food from contamination or adulteration - Sec. 26(1) 
FRESH VALUE MARKET,2025-06-20,C - Crucial,43.77280135064522,-79.32079120730337,Fail to protect food from contamination or adulteration - Sec. 26(1) 
Indian Roti House,2025-06-19,C - Crucial,43.664188428732515,-79.37986284808916,Fail to protect food from contamination or adulteration - Sec. 26(1) 
LAHORI TASTE & BURGER HOUSE,2025-06-19,C - Crucial,43.67171778412584,-79.32439387194985,Fail to protect food from contamination or adulteration - Sec. 26(1) 
LAHORI TASTE & BURGER HOUSE,2025-06-19,C - Crucial,43.67242650502274,-79.32475814896311,Fail to ensure food handler in food premise washes hands as necessary to prevent contamination of food - Sec. 33(1)(e) 
MARHABA SUPERMARKET,2025-06-19,C - Crucial,43.691225078749675,-79.29049947403846,Food premise maintained in manner permitting health hazard (Insects) - Sec. 7(1)(a)(i)    
MARHABA SUPERMARKET,2025-06-19,C - Crucial,43.69084790535218,-79.29113593564173,Food premise maintained in manner permitting adverse effect on food - Sec. 7(1)(a)(iii) 
PITA LAND,2025-06-20,C - Crucial,43.71681767806125,-79.44710311930298,Store potentially hazardous foods at internal temperature between 4 C and 60 C - Sec. 27(1)
SOY BOYS,2025-06-19,C - Crucial,43.664218298765974,-79.37975523624941,Fail to protect food from contamination or adulteration - Sec. 26(1) 
THE HERITAGE CAFE & KITCHEN,2025-06-20,C - Crucial,43.656091031079306,-79.36406303675822,Food premise maintained in manner to permit contamination of single-service articles - Sec. 7(1)(h)  
THE HERITAGE CAFE & KITCHEN,2025-06-20,C - Crucial,43.65673660086696,-79.36341032085984,Fail to protect food from contamination or adulteration - Sec. 26(1) 
THE HERITAGE CAFE & KITCHEN,2025-06-20,C - Crucial,43.656268628379735,-79.36372358826969,Food premise maintained in manner adversely affecting sanitary operation - Sec. 7(1)(a)(ii)
THE HERITAGE CAFE & KITCHEN,2025-06-20,C - Crucial,43.65550113888567,-79.36354412153861,Fail to ensure food handler in food premise washes hands as necessary to prevent contamination of food - Sec. 33(1)(e) 
THE HERITAGE CAFE & KITCHEN,2025-06-20,C - Crucial,43.656182127799745,-79.36392513482524,Store potentially hazardous foods at internal temperature between 4 C and 60 C - Sec. 27(1)
RUTH'S CATERING AND TAKEOUT,2025-06-20,C - Crucial,43.77408779172729,-79.24180981695012,Fail to protect food from contamination or adulteration - Sec. 26(1) 
RUTH'S CATERING AND TAKEOUT,2025-06-20,C - Crucial,43.774309951550165,-79.24058635708481,Maintain potentially hazardous foods at internal temperature between 4 C and 60 C -  Sec. 27(1)
DANISH PASTRY HOUSE,2025-06-23,C - Crucial,43.77768170458904,-79.34470465075223,Handle ice in unsanitary manner - Sec.  26(5) 
GABBY'S ROADHOUSE,2025-06-23,C - Crucial,43.72946981577705,-79.40308441186326,Food premise maintained in manner permitting adverse effect on food - Sec. 7(1)(a)(iii) 
Q'S SIGNATURE,2025-06-20,C - Crucial,43.65541465621149,-79.3652379862609,Fail to protect food from contamination or adulteration - Sec. 26(1) 
Q'S SIGNATURE,2025-06-20,C - Crucial,43.65542289332783,-79.36556248341363,Handle ice in unsanitary manner - Sec.  26(5) 
TINUNO,2025-06-23,C - Crucial,43.729584765512776,-79.4324989971051,Store potentially hazardous foods at internal temperature between 4 C and 60 C - Sec. 27(1)
ANJAPPAR CHETTINAD,2025-06-25,C - Crucial,43.74182859476702,-79.22670660486618,Fail to protect food from contamination or adulteration - Sec. 26(1) 
BANH MI TRUNG SON,2025-06-25,C - Crucial,43.72438081969199,-79.50938810565833,Fail to protect food from contamination or adulteration - Sec. 26(1) 
FOOD BASICS,2025-06-24,C - Crucial,43.70548554140384,-79.34643820916611,Refrigerate potentially hazardous foods at internal temperature above 4 C - Sec. 30(a)
FORTINO'S,2025-06-24,C - Crucial,43.71711678109164,-79.44725548002872,Offer for sale potentially hazardous foods at internal temperature between 4 C and 60 C - Sec. 27(1)
GRACE O'MALLEY'S,2025-06-25,C - Crucial,43.64760295766228,-79.38776395993152,Store potentially hazardous foods at internal temperature between 4 C and 60 C - Sec. 27(1)
HAZUKIDO,2025-06-25,C - Crucial,43.77775833691013,-79.34484798499788,Fail to ensure food handler in food premise washes hands as necessary to prevent contamination of food areas - Sec.  33(1)(e)
HAZUKIDO,2025-06-25,C - Crucial,43.77768492652647,-79.34480602976873,Display potentially hazardous foods at internal temperature between 4 C and 60 C - Sec. 27(1)
JOY FOODS EAT & SWEET,2025-06-25,C - Crucial,43.641575118879025,-79.57666847108487,Fail to protect food from contamination or adulteration - Sec. 26(1) 
LUCULLUS BAKERY,2025-06-25,C - Crucial,43.77767667635101,-79.34477050037039,Display potentially hazardous foods at internal temperature between 4 C and 60 C - Sec. 27(1)
PANTRY,2025-06-25,C - Crucial,43.728801093845775,-79.43240682056276,Store potentially hazardous foods at internal temperature between 4 C and 60 C - Sec. 27(1)
PIZZA MARU,2025-06-25,C - Crucial,43.66004335118918,-79.37870021557514,Store potentially hazardous foods at internal temperature between 4 C and 60 C - Sec. 27(1)
PIZZA MARU,2025-06-25,C - Crucial,43.659727157038695,-79.37861582527519,Fail to protect food from contamination or adulteration - Sec. 26(1) 
TIM HORTONS,2025-06-24,C - Crucial,43.78897737767293,-79.41784148812279,Maintain potentially hazardous foods at internal temperature between 4 C and 60 C -  Sec. 27(1)
VINAHOUSE BILLIARDS & LOUNGE,2025-06-24,C - Crucial,43.70764302909667,-79.47342224077083,Refrigerate potentially hazardous foods at internal temperature above 4 C - Sec. 30(a)
VINAHOUSE BILLIARDS & LOUNGE,2025-06-24,C - Crucial,43.7076255311197,-79.47343379383175,Store ice in unsanitary manner - Sec.  26(5) 
AMSTERDAM BREWHOUSE,2025-06-25,C - Crucial,43.63867575723838,-79.38524142916191,Fail to protect food from contamination or adulteration - Sec. 26(1) 
COLUMBUS BAKERY - CAFE INC,2025-06-25,C - Crucial,43.71863571367914,-79.50791776444498,Store potentially hazardous foods at internal temperature between 4 C and 60 C - Sec. 27(1)
COLUMBUS BAKERY - CAFE INC,2025-06-25,C - Crucial,43.71931817189283,-79.50719026365073,Maintain potentially hazardous foods at internal temperature between 4 C and 60 C -  Sec. 27(1)
COLUMBUS BAKERY - CAFE INC,2025-06-25,C - Crucial,43.71909788060419,-79.50833178804776,Fail to protect food from contamination or adulteration - Sec. 26(1) 
COLUMBUS BAKERY - CAFE INC,2025-06-25,C - Crucial,43.71926575058609,-79.50813734242558,Fail to ensure food handler in food premise washes hands as necessary to prevent contamination of food - Sec. 33(1)(e) 
YUMEI SUSHI,2025-06-25,C - Crucial,43.67170483062274,-79.2947098278349,Food premise maintained in manner to permit contamination of single-service articles - Sec. 7(1)(h)  
YUMEI SUSHI,2025-06-25,C - Crucial,43.67149074303116,-79.29498402020482,Fail to protect food from contamination or adulteration - Sec. 26(1) 
ADOBO FRESH BURRITOS,2025-06-27,C - Crucial,43.64791517383938,-79.39452443923189,Maintain potentially hazardous foods at internal temperature between 4 C and 60 C -  Sec. 27(1)
DESI BURGER,2025-06-26,C - Crucial,43.67193685887052,-79.32486312631436,Store potentially hazardous foods at internal temperature between 4 C and 60 C - Sec. 27(1)
DESI BURGER,2025-06-26,C - Crucial,43.6718687568909,-79.32501285771895,Food premise maintained in manner to permit contamination of single-service containers - Sec. 7(1)(h)  
GABBY'S ROADHOUSE,2025-06-27,C - Crucial,43.72933451925752,-79.40287636343024,Store potentially hazardous foods at internal temperature between 4 C and 60 C - Sec. 27(1)
KIBO SUSHI,2025-06-27,C - Crucial,43.64647607567096,-79.3946964892475,Store potentially hazardous foods at internal temperature between 4 C and 60 C - Sec. 27(1)
MAZADAR,2025-06-26,C - Crucial,43.66666216102326,-79.31706589554888,Fail to protect food from contamination or adulteration - Sec. 26(1) 
REYNA ON KING,2025-06-27,C - Crucial,43.653357907742574,-79.36235439959202,Food premise maintained in manner to permit contamination of single-service articles - Sec. 7(1)(h)  
REYNA ON KING,2025-06-27,C - Crucial,43.65391682951682,-79.36236051783847,Fail to protect food from contamination or adulteration - Sec. 26(1) 
TIQUICIA RESTAURANT,2025-06-27,C - Crucial,43.70463418458817,-79.50422060363434,Store potentially hazardous foods at internal temperature between 4 C and 60 C - Sec. 27(1)
TIQUICIA RESTAURANT,2025-06-27,C - Crucial,43.70403876420116,-79.50424594539889,Hot-holding potentially hazardous foods at internal temperature below 60 C - Sec. 30(a)
HEART BROKEN CANTINA,2025-06-27,C - Crucial,43.70442734756231,-79.49279730900486,Refrigerate potentially hazardous foods at internal temperature above 4 C - Sec. 30(a)
HEART BROKEN CANTINA,2025-06-27,C - Crucial,43.704976704647166,-79.49235760875739,Handle ice in unsanitary manner - Sec.  26(5) 
HEART BROKEN CANTINA,2025-06-27,C - Crucial,43.70496781134051,-79.49225659929645,Fail to protect food from contamination or adulteration - Sec. 26(1) 
SZECHUAN EXPRESS,2025-06-30,C - Crucial,43.7265776051262,-79.45140893648586,Fail to ensure food handler in food premise washes hands as necessary to prevent contamination of food - Sec. 33(1)(e) 
TAI CHI RESTAURANT,2025-06-30,C - Crucial,43.75961619063122,-79.19771801830795,Fail to protect food from contamination or adulteration - Sec. 26(1) 
TAI CHI RESTAURANT,2025-06-30,C - Crucial,43.759726897417835,-79.1979438607554,Food premise maintained in manner to permit contamination of single-service containers - Sec. 7(1)(h)  
ALTON RESTAURANT,2025-07-02,C - Crucial,43.82520680869406,-79.27701335774415,Maintain potentially hazardous foods at internal temperature between 4 C and 60 C -  Sec. 27(1)
ALTON RESTAURANT,2025-07-02,C - Crucial,43.825045657814506,-79.27715796333355,Fail to protect food from contamination or adulteration - Sec. 26(1) 
MUAY THAI BAR & RESTAURANT,2025-07-02,C - Crucial,43.650070928431155,-79.39135504020192,Store potentially hazardous foods at internal temperature between 4 C and 60 C - Sec. 27(1)
PHO DAC BIET,2025-07-02,C - Crucial,43.772720989384716,-79.41349759604931,Fail to protect food from contamination or adulteration - Sec. 26(1) 
KIBO SUSHI,2025-07-03,C - Crucial,43.79187720581134,-79.41887656365701,Store ice in unsanitary manner - Sec.  26(5) 
THE BIRYANI WALA,2025-07-03,C - Crucial,43.66437999106072,-79.41488542045627,Store potentially hazardous foods at internal temperature between 4 C and 60 C - Sec. 27(1)
THE CAT PUB AND EATERY,2025-07-04,C - Crucial,43.66579221876653,-79.48886293906067,Store potentially hazardous foods at internal temperature between 4 C and 60 C - Sec. 27(1)
THE CAT PUB AND EATERY,2025-07-04,C - Crucial,43.66522152001218,-79.49002911315844,Store ice in unsanitary manner - Sec.  26(5) 
BALAJI MESS,2025-07-04,C - Crucial,43.745144273998534,-79.29811700856361,Fail to protect food from contamination or adulteration - Sec. 26(1) 
GWALIA SWEETS & RESTAURANT,2025-07-03,C - Crucial,43.73538436524902,-79.6059646905222,Fail to protect food from contamination or adulteration - Sec. 26(1) 
NATIONS FRESH FOODS,2025-07-04,C - Crucial,43.672155678702055,-79.47048929633709,Fail to protect food from contamination or adulteration - Sec. 26(1) 
PI CO.,2025-07-04,C - Crucial,43.66155270622578,-79.37939114139964,Fail to protect food from contamination or adulteration - Sec. 26(1) 
5 SPICE DINING,2025-07-07,C - Crucial,43.82322826075059,-79.24774229137053,Fail to protect food from contamination or adulteration - Sec. 26(1) 
HUY-KY,2025-07-07,C - Crucial,43.668988376022725,-79.3368109870223,Fail to protect food from contamination or adulteration - Sec. 26(1) 
HUY-KY,2025-07-07,C - Crucial,43.66926253075471,-79.33645888520637,Store potentially hazardous foods at internal temperature between 4 C and 60 C - Sec. 27(1)
KEBAB PIZZA,2025-07-07,C - Crucial,43.70710350535556,-79.53159830318207,Fail to protect food from contamination or adulteration - Sec. 26(1) 
ONKOD,2025-07-07,C - Crucial,43.69718877778472,-79.51074877056365,Fail to protect food from contamination or adulteration - Sec. 26(1) 
ONKOD,2025-07-07,C - Crucial,43.697929226220616,-79.51053318925725,Refrigerate potentially hazardous foods at internal temperature above 4 C - Sec. 30(a)
OSMOW'S,2025-07-07,C - Crucial,43.72658160999898,-79.45131635307628,Store potentially hazardous foods at internal temperature between 4 C and 60 C - Sec. 27(1)
OSMOW'S,2025-07-07,C - Crucial,43.72609946077245,-79.451756583901,Fail to ensure food handler in food premise washes hands as necessary to prevent contamination of food - Sec. 33(1)(e) 
OSMOW'S,2025-07-07,C - Crucial,43.72618209925285,-79.45162217634123,Fail to protect food from contamination or adulteration - Sec. 26(1) 
GRANDMA LOVES YOU,2025-07-08,C - Crucial,43.75265730459031,-79.4528157199911,Display potentially hazardous foods at internal temperature between 4 C and 60 C - Sec. 27(1)
RUI'S BBQ,2025-07-08,C - Crucial,43.68224475474945,-79.46477102957525,Display potentially hazardous foods at internal temperature between 4 C and 60 C - Sec. 27(1)
RUI'S BBQ,2025-07-08,C - Crucial,43.682473256801266,-79.46456629402992,Fail to protect food from contamination or adulteration - Sec. 26(1) 
MONTEGO JERK,2025-07-09,C - Crucial,43.75834847384138,-79.51955478075654,Fail to protect food from contamination or adulteration - Sec. 26(1) 
MONTEGO JERK,2025-07-09,C - Crucial,43.75853174866084,-79.51929797064065,Refrigerate potentially hazardous foods at internal temperature above 4 C - Sec. 30(a)
PANCHVATI SUPERMARKETS,2025-07-08,C - Crucial,43.737104957481336,-79.60624524763911,Store potentially hazardous foods at internal temperature between 4 C and 60 C - Sec. 27(1)
PANCHVATI SUPERMARKETS,2025-07-08,C - Crucial,43.73699578492812,-79.60596019252863,Fail to protect food from contamination or adulteration - Sec. 26(1) 
QUEEN SHAWARMA,2025-07-09,C - Crucial,43.64451509408281,-79.41899650869415,Refrigerate potentially hazardous foods at internal temperature above 4 C - Sec. 30(a)
REHRI HOUSE,2025-07-09,C - Crucial,43.73566747799071,-79.60245575727764,Fail to protect food from contamination or adulteration - Sec. 26(1) 
1910 LA MEXICANA SABOR A PATRIA,2025-07-10,C - Crucial,43.730074409242064,-79.47065867226418,Fail to protect food from contamination or adulteration - Sec. 26(1) 
BELLY BUSTER SUBMARINES,2025-07-10,C - Crucial,43.70014971142199,-79.45344752014027,Fail to protect food from contamination or adulteration - Sec. 26(1) 
BELLY BUSTER SUBMARINES,2025-07-10,C - Crucial,43.699761779610725,-79.45398983115845,Refrigerate potentially hazardous foods at internal temperature above 4 C - Sec. 30(a)
KUNG FU TEA,2025-07-10,C - Crucial,43.6517064005062,-79.39849265342012,Store potentially hazardous foods at internal temperature between 4 C and 60 C - Sec. 27(1)
MJ CURRY KITCHEN AND SHAWARMA,2025-07-10,C - Crucial,43.65700027633964,-79.37372620024057,Fail to protect food from contamination or adulteration - Sec. 26(1) 
PIZZA PIZZA,2025-07-10,C - Crucial,43.79775009444086,-79.36948017046957,Refrigerate potentially hazardous foods at internal temperature above 4 C - Sec. 30(a)
2-4-1 PIZZA,2025-07-11,C - Crucial,43.66911192865374,-79.33743804295189,Store potentially hazardous foods at internal temperature between 4 C and 60 C - Sec. 27(1)
THE FAMOUS OWL OF MINERVA,2025-07-11,C - Crucial,43.65265435882554,-79.39797287842764,Fail to protect food from contamination or adulteration - Sec. 26(1) 
WOODS RESTAURANT AND BAR,2025-07-10,C - Crucial,43.64866428640747,-79.37519957863162,Fail to protect food from contamination or adulteration - Sec. 26(1) 
